customer_id,gender,senior_citizen,partner,dependents,tenure_months,phone_service,multiple_lines,internet_service,online_security,online_backup,device_protection,tech_support,streaming_tv,streaming_movies,contract,paperless_billing,payment_method,monthly_charges,total_charges,churn
CUST-100000,Male,0,Yes,No,20,Yes,Yes,DSL,Yes,No,Yes,Yes,No,No,One year,Yes,Electronic check,82.07,1707.74,No
CUST-100001,Female,0,Yes,No,49,Yes,No,DSL,Yes,Yes,Yes,Yes,No,No,Two year,Yes,Mailed check,96.96,4888.94,No
CUST-100002,Female,0,Yes,Yes,69,Yes,No,No,No internet service,No internet service,No internet service,No internet service,No internet service,No internet service,One year,Yes,Electronic check,46.25,3333.73,No
CUST-100003,Male,0,No,No,37,Yes,No,No,No internet service,No internet service,No internet service,No internet service,No internet service,No internet service,Month-to-month,No,Bank transfer (automatic),48.35,1862.07,No
CUST-100004,Male,0,No,No,40,Yes,No,Fiber optic,Yes,No,No,Yes,No,No,Two year,Yes,Bank transfer (automatic),98.41,3892.78,Yes
CUST-100005,Female,0,No,No,60,Yes,No,Fiber optic,No,No,No,No,No,No,Two year,No,Electronic check,85.9,5013.43,No
CUST-100006,Male,0,No,No,4,Yes,No,No,No internet service,No internet service,No internet service,No internet service,No internet service,No internet service,One year,No,Credit card (automatic),41.86,162.04,No
CUST-100007,Female,0,Yes,Yes,71,Yes,Yes,Fiber optic,Yes,No,No,No,No,No,Month-to-month,Yes,Credit card (automatic),95.77,6735.06,Yes
CUST-100008,Male,0,Yes,No,34,Yes,No,No,No internet service,No internet service,No internet service,No internet service,No internet service,No internet service,One year,No,Electronic check,39.85,1355.08,No
CUST-100009,Male,0,No,Yes,27,Yes,No,No,No internet service,No internet service,No internet service,No internet service,No internet service,No internet service,Month-to-month,Yes,Mailed check,42.1,1129.32,No
CUST-100010,Female,1,No,No,45,Yes,Yes,DSL,No,No,No,Yes,No,No,Month-to-month,Yes,Electronic check,72.33,3350.63,No
CUST-100011,Female,0,No,Yes,66,Yes,No,DSL,No,No,Yes,No,Yes,No,One year,Yes,Credit card (automatic),78.65,5377.61,Yes
CUST-100012,Female,1,Yes,No,68,Yes,No,DSL,No,No,No,No,Yes,No,One year,Yes,Mailed check,71.67,4806.68,No
CUST-100013,Female,1,Yes,No,56,Yes,No,Fiber optic,No,No,No,No,No,No,Month-to-month,No,Bank transfer (automatic),84.83,4696.65,Yes
CUST-100014,Female,1,No,No,35,Yes,No,No,No internet service,No internet service,No internet service,No internet service,No internet service,No internet service,Two year,No,Credit card (automatic),38.92,1313.13,No
CUST-100015,Female,0,Yes,Yes,10,Yes,No,DSL,Yes,No,No,No,No,No,Two year,No,Bank transfer (automatic),72.03,708.17,No
CUST-100016,Female,0,Yes,No,13,Yes,Yes,No,No internet service,No internet service,No internet service,No internet service,No internet service,No internet service,One year,Yes,Credit card (automatic),41.11,511.76,No
CUST-100017,Male,0,No,Yes,61,Yes,No,Fiber optic,No,No,No,No,Yes,Yes,Month-to-month,No,Electronic check,94.67,5514.7,Yes
CUST-100018,Female,0,No,No,9,Yes,No,Fiber optic,Yes,Yes,No,No,Yes,No,Month-to-month,No,Electronic check,104.71,954.3,Yes
CUST-100019,Male,0,No,No,35,Yes,Yes,Fiber optic,No,No,Yes,No,No,No,One year,No,Mailed check,95.43,3307.52,Yes
CUST-100020,Female,0,No,No,29,Yes,Yes,Fiber optic,No,No,No,Yes,No,No,Two year,No,Credit card (automatic),91.12,2601.22,No
CUST-100021,Male,1,No,No,51,Yes,No,Fiber optic,No,Yes,Yes,No,Yes,No,Month-to-month,Yes,Electronic check,112.06,5724.58,No
CUST-100022,Male,0,Yes,No,25,Yes,Yes,No,No internet service,No internet service,No internet service,No internet service,No internet service,No internet service,Month-to-month,Yes,Mailed check,39.58,996.24,No
CUST-100023,Female,0,No,No,51,Yes,No,Fiber optic,No,No,No,No,Yes,Yes,Month-to-month,Yes,Credit card (automatic),101.73,5319.95,No
CUST-100024,Female,0,No,No,37,Yes,No,DSL,No,Yes,No,No,Yes,Yes,Month-to-month,Yes,Electronic check,79.16,2840.05,No
CUST-100025,Female,0,Yes,No,64,Yes,No,Fiber optic,No,No,Yes,No,No,No,One year,No,Bank transfer (automatic),99.28,6630.96,Yes
CUST-100026,Male,0,No,No,13,Yes,Yes,Fiber optic,No,Yes,Yes,No,No,Yes,Month-to-month,No,Electronic check,103.22,1296.04,Yes
CUST-100027,Female,0,No,No,55,Yes,No,No,No internet service,No internet service,No internet service,No internet service,No internet service,No internet service,Month-to-month,No,Electronic check,47.04,2593.14,Yes
CUST-100028,Female,0,Yes,No,52,Yes,No,DSL,No,Yes,No,No,Yes,Yes,Month-to-month,Yes,Electronic check,88.93,4827.6,No
CUST-100029,Male,0,No,No,60,Yes,No,DSL,No,Yes,No,No,No,No,Two year,Yes,Credit card (automatic),76.63,4612.23,No
CUST-100030,Male,0,No,No,35,Yes,Yes,Fiber optic,No,No,No,No,Yes,No,Month-to-month,Yes,Electronic check,93.31,3393.27,Yes
CUST-100031,Male,0,Yes,No,23,Yes,Yes,No,No internet service,No internet service,No internet service,No internet service,No internet service,No internet service,Month-to-month,No,Mailed check,39.29,948.61,No
CUST-100032,Male,0,Yes,Yes,37,Yes,Yes,Fiber optic,Yes,No,Yes,Yes,No,No,One year,No,Bank transfer (automatic),108.85,4002.62,No
CUST-100033,Female,0,No,Yes,71,Yes,Yes,DSL,No,No,No,Yes,No,No,Two year,No,Mailed check,67.05,4744.03,No
CUST-100034,Female,0,Yes,Yes,14,Yes,Yes,Fiber optic,Yes,No,No,No,No,No,Month-to-month,No,Mailed check,95.04,1307.24,No
CUST-100035,Male,0,Yes,No,48,Yes,No,Fiber optic,Yes,No,No,No,No,Yes,Month-to-month,Yes,Mailed check,115.73,5315.73,Yes
CUST-100036,Female,0,No,No,16,Yes,No,Fiber optic,No,No,Yes,No,Yes,No,One year,Yes,Credit card (automatic),104.84,1728.06,Yes
CUST-100037,Female,0,No,Yes,56,Yes,Yes,Fiber optic,No,No,No,No,No,Yes,Month-to-month,No,Credit card (automatic),101.66,5812.37,Yes
CUST-100038,Male,0,No,No,30,Yes,No,Fiber optic,No,No,No,No,No,No,Two year,Yes,Electronic check,90.34,2764.55,No
CUST-100039,Female,0,No,No,62,Yes,No,DSL,No,Yes,No,No,No,Yes,One year,Yes,Bank transfer (automatic),74.21,4395.33,No
CUST-100040,Male,1,No,No,11,Yes,No,DSL,No,Yes,Yes,No,No,No,Month-to-month,Yes,Mailed check,75.06,856.84,Yes
CUST-100041,Female,0,Yes,Yes,9,Yes,No,Fiber optic,Yes,Yes,Yes,No,No,No,Two year,No,Mailed check,98.76,913.14,Yes
CUST-100042,Female,1,Yes,No,69,Yes,Yes,DSL,No,No,No,No,Yes,No,One year,No,Mailed check,68.46,4508.77,No
CUST-100043,Male,0,No,No,24,Yes,Yes,DSL,No,No,No,No,Yes,No,Month-to-month,Yes,Credit card (automatic),73.87,1848.4,No
CUST-100044,Male,0,Yes,No,6,Yes,No,Fiber optic,Yes,No,Yes,No,No,No,Month-to-month,Yes,Bank transfer (automatic),98.51,571.44,No
CUST-100045,Female,0,No,Yes,61,Yes,No,Fiber optic,No,No,No,No,No,No,One year,No,Mailed check,94.21,5792.59,No
CUST-100046,Male,0,No,Yes,30,Yes,No,Fiber optic,Yes,No,No,No,No,No,Two year,Yes,Electronic check,98.7,2877.43,Yes
CUST-100047,Female,1,Yes,No,67,Yes,Yes,No,No internet service,No internet service,No internet service,No internet service,No internet service,No internet service,Month-to-month,No,Bank transfer (automatic),36.38,2441.3,No
CUST-100048,Female,0,No,No,31,Yes,Yes,DSL,No,Yes,No,Yes,No,Yes,Month-to-month,No,Mailed check,82.88,2480.8,No
CUST-100049,Female,1,No,Yes,55,Yes,No,DSL,No,No,No,No,No,Yes,Two year,Yes,Mailed check,73.65,3956.86,No
CUST-100050,Female,1,No,No,42,Yes,No,No,No internet service,No internet service,No internet service,No internet service,No internet service,No internet service,Month-to-month,Yes,Credit card (automatic),42.91,1764.1,No
CUST-100051,Male,0,Yes,Yes,35,No,No phone service,DSL,No,No,No,No,No,No,Month-to-month,Yes,Credit card (automatic),43.78,1542.1,No
CUST-100052,Male,0,No,No,35,Yes,No,No,No internet service,No internet service,No internet service,No internet service,No internet service,No internet service,Month-to-month,Yes,Credit card (automatic),44.02,1514.73,No
CUST-100053,Male,0,Yes,No,18,Yes,Yes,DSL,No,Yes,No,No,Yes,No,One year,Yes,Bank transfer (automatic),78.85,1474.95,No
CUST-100054,Male,0,No,Yes,53,Yes,Yes,Fiber optic,No,Yes,No,No,No,Yes,One year,Yes,Bank transfer (automatic),96.32,5121.56,Yes
CUST-100055,Male,0,No,Yes,38,Yes,No,Fiber optic,Yes,No,Yes,No,No,No,Month-to-month,Yes,Electronic check,99.02,3625.82,No
CUST-100056,Female,0,Yes,No,0,Yes,Yes,Fiber optic,No,No,No,No,No,No,Month-to-month,No,Credit card (automatic),88.83,0.0,Yes
CUST-100057,Male,1,Yes,No,29,No,No phone service,Fiber optic,Yes,Yes,No,No,No,No,One year,Yes,Mailed check,83.39,2468.48,No
CUST-100058,Female,0,No,Yes,29,Yes,Yes,DSL,No,No,No,No,No,Yes,One year,Yes,Electronic check,70.49,2054.94,No
CUST-100059,Female,0,No,No,64,Yes,No,DSL,No,Yes,No,No,Yes,Yes,Month-to-month,Yes,Electronic check,87.51,5581.98,Yes
CUST-100060,Female,0,Yes,Yes,31,No,No phone service,Fiber optic,No,No,No,No,No,Yes,Month-to-month,No,Credit card (automatic),77.4,2455.96,No
CUST-100061,Female,0,No,No,41,Yes,Yes,No,No internet service,No internet service,No internet service,No internet service,No internet service,No internet service,One year,Yes,Electronic check,46.84,1934.99,No
CUST-100062,Male,1,No,No,6,Yes,Yes,Fiber optic,Yes,No,Yes,Yes,No,No,Month-to-month,Yes,Bank transfer (automatic),107.3,663.99,No
CUST-100063,Female,0,Yes,No,28,Yes,No,Fiber optic,No,No,No,Yes,Yes,No,Month-to-month,No,Bank transfer (automatic),98.0,2759.2,No
CUST-100064,Male,1,No,No,20,Yes,Yes,No,No internet service,No internet service,No internet service,No internet service,No internet service,No internet service,Two year,No,Electronic check,36.94,721.94,No
CUST-100065,Male,0,Yes,No,36,Yes,No,Fiber optic,No,Yes,No,No,Yes,No,Two year,No,Credit card (automatic),99.74,3423.94,No
CUST-100066,Female,1,Yes,Yes,65,Yes,No,Fiber optic,No,No,Yes,No,Yes,No,Month-to-month,No,Credit card (automatic),106.56,6787.42,No
CUST-100067,Male,0,No,No,68,Yes,Yes,DSL,Yes,No,No,No,Yes,No,Two year,Yes,Electronic check,67.34,4742.16,No
CUST-100068,Male,0,Yes,Yes,20,Yes,No,No,No internet service,No internet service,No internet service,No internet service,No internet service,No internet service,One year,Yes,Electronic check,43.48,903.17,No
CUST-100069,Male,0,No,No,44,Yes,Yes,DSL,No,No,No,No,Yes,Yes,Two year,Yes,Bank transfer (automatic),84.41,3697.65,No
CUST-100070,Female,0,No,No,69,Yes,No,DSL,No,No,Yes,No,No,No,Two year,No,Electronic check,68.69,4594.67,Yes
CUST-100071,Male,0,No,Yes,16,Yes,No,DSL,No,No,No,No,Yes,No,One year,No,Electronic check,80.31,1283.36,Yes
CUST-100072,Male,0,Yes,No,31,Yes,Yes,DSL,No,Yes,No,No,No,No,Month-to-month,No,Credit card (automatic),74.82,2391.85,Yes
CUST-100073,Male,0,Yes,No,36,Yes,Yes,Fiber optic,Yes,No,No,No,No,Yes,Month-to-month,Yes,Electronic check,101.47,3659.22,Yes
CUST-100074,Female,0,No,No,0,Yes,No,DSL,No,Yes,Yes,Yes,No,No,Month-to-month,No,Mailed check,81.99,0.0,Yes
CUST-100075,Male,0,No,No,33,Yes,Yes,Fiber optic,No,No,No,Yes,Yes,Yes,Month-to-month,No,Electronic check,112.66,3567.22,No
CUST-100076,Male,0,No,No,8,Yes,No,Fiber optic,No,Yes,No,No,Yes,Yes,One year,Yes,Mailed check,111.37,852.98,Yes
CUST-100077,Male,0,Yes,Yes,22,Yes,No,DSL,No,No,Yes,No,No,No,Month-to-month,Yes,Mailed check,74.84,1629.7,No
CUST-100078,Female,0,Yes,No,8,Yes,No,DSL,Yes,Yes,No,No,No,No,Two year,Yes,Electronic check,77.7,625.94,Yes
CUST-100079,Female,0,Yes,No,53,Yes,Yes,DSL,No,Yes,No,No,No,No,Two year,Yes,Bank transfer (automatic),73.73,3899.54,Yes
CUST-100080,Female,0,No,Yes,60,Yes,Yes,Fiber optic,No,No,No,Yes,No,No,Month-to-month,No,Credit card (automatic),97.31,5691.54,Yes
CUST-100081,Male,0,Yes,No,19,Yes,No,Fiber optic,No,No,No,No,No,Yes,One year,Yes,Mailed check,89.91,1656.34,No
CUST-100082,Male,0,No,No,2,Yes,No,DSL,No,No,No,No,No,No,Two year,No,Credit card (automatic),57.26,113.54,No
CUST-100083,Female,0,Yes,No,35,Yes,Yes,DSL,No,No,No,No,No,Yes,One year,Yes,Electronic check,72.61,2521.45,No
CUST-100084,Female,1,Yes,Yes,8,Yes,Yes,DSL,No,No,No,No,No,No,Two year,Yes,Mailed check,60.48,499.35,No
CUST-100085,Female,0,No,No,32,Yes,No,No,No internet service,No internet service,No internet service,No internet service,No internet service,No internet service,Month-to-month,No,Credit card (automatic),37.11,1169.75,Yes
CUST-100086,Male,0,No,No,39,Yes,Yes,No,No internet service,No internet service,No internet service,No internet service,No internet service,No internet service,Month-to-month,Yes,Bank transfer (automatic),45.15,1709.32,No
CUST-100087,Male,0,No,Yes,34,Yes,No,Fiber optic,No,No,No,Yes,No,Yes,Month-to-month,No,Credit card (automatic),95.3,3256.12,No
CUST-100088,Female,0,Yes,No,38,Yes,No,No,No internet service,No internet service,No internet service,No internet service,No internet service,No internet service,Month-to-month,No,Bank transfer (automatic),44.26,1698.26,No
CUST-100089,Female,0,No,Yes,41,Yes,Yes,DSL,No,No,No,Yes,No,No,Month-to-month,No,Credit card (automatic),79.23,3404.17,No
CUST-100090,Male,0,Yes,No,11,Yes,No,Fiber optic,Yes,Yes,No,No,No,No,One year,Yes,Electronic check,106.99,1196.97,No
CUST-100091,Female,0,No,No,49,Yes,No,Fiber optic,No,Yes,No,Yes,Yes,Yes,One year,No,Electronic check,106.38,5266.38,No
CUST-100092,Female,0,No,Yes,48,Yes,No,Fiber optic,Yes,Yes,Yes,No,Yes,No,Month-to-month,Yes,Mailed check,116.66,5643.56,No
CUST-100093,Male,0,Yes,No,10,Yes,No,Fiber optic,Yes,No,No,No,No,No,Month-to-month,No,Credit card (automatic),93.34,908.67,Yes
CUST-100094,Female,0,No,No,31,Yes,Yes,Fiber optic,No,No,No,No,Yes,Yes,Month-to-month,Yes,Electronic check,100.34,3056.22,Yes
CUST-100095,Male,1,Yes,No,21,No,No phone service,No,No internet service,No internet service,No internet service,No internet service,No internet service,No internet service,Month-to-month,Yes,Electronic check,20.36,412.9,No
CUST-100096,Male,1,Yes,Yes,29,Yes,Yes,DSL,No,Yes,No,No,Yes,No,Month-to-month,Yes,Credit card (automatic),80.65,2452.0,Yes
CUST-100097,Female,1,Yes,No,56,Yes,Yes,DSL,No,No,No,No,Yes,No,Month-to-month,No,Bank transfer (automatic),74.61,4381.32,No
CUST-100098,Female,1,Yes,Yes,43,Yes,Yes,Fiber optic,No,No,No,No,Yes,No,Two year,Yes,Mailed check,93.55,4171.43,No
CUST-100099,Male,0,No,No,66,Yes,No,DSL,No,Yes,No,No,No,No,Two year,No,Electronic check,77.34,5272.35,No
CUST-100100,Female,0,No,No,41,Yes,Yes,DSL,No,Yes,No,No,No,No,Month-to-month,No,Bank transfer (automatic),70.01,2969.07,No
CUST-100101,Male,0,No,Yes,3,Yes,Yes,DSL,No,No,Yes,Yes,Yes,Yes,One year,Yes,Credit card (automatic),81.37,233.6,No
CUST-100102,Female,0,No,Yes,51,Yes,Yes,Fiber optic,No,Yes,Yes,No,Yes,No,Two year,Yes,Bank transfer (automatic),115.08,5926.53,No
CUST-100103,Male,0,No,Yes,5,Yes,No,Fiber optic,No,Yes,No,No,No,Yes,Month-to-month,No,Electronic check,103.16,512.18,Yes
CUST-100104,Female,1,Yes,Yes,24,Yes,Yes,Fiber optic,No,No,No,Yes,No,Yes,Month-to-month,Yes,Mailed check,99.52,2439.77,Yes
CUST-100105,Female,0,Yes,No,68,Yes,No,Fiber optic,No,No,No,Yes,No,Yes,Month-to-month,Yes,Mailed check,92.0,6355.89,Yes
CUST-100106,Female,0,Yes,No,72,Yes,No,DSL,No,No,No,No,No,Yes,Month-to-month,No,Credit card (automatic),62.4,4317.32,No
CUST-100107,Female,0,No,Yes,10,Yes,No,Fiber optic,Yes,No,No,Yes,No,No,Month-to-month,Yes,Bank transfer (automatic),101.13,1018.0,No
CUST-100108,Male,0,No,No,71,Yes,Yes,DSL,No,No,Yes,No,Yes,No,One year,No,Credit card (automatic),75.12,5464.51,No
CUST-100109,Female,0,No,No,71,Yes,No,DSL,No,No,No,Yes,Yes,No,Month-to-month,No,Mailed check,78.93,5792.13,Yes
CUST-100110,Male,0,Yes,Yes,64,Yes,Yes,Fiber optic,No,No,No,Yes,Yes,No,Month-to-month,Yes,Electronic check,99.92,6171.86,Yes
CUST-100111,Female,0,Yes,No,60,Yes,Yes,DSL,No,No,No,No,No,No,Month-to-month,Yes,Bank transfer (automatic),63.39,3772.94,No
CUST-100112,Female,0,No,Yes,5,Yes,No,DSL,No,No,Yes,No,Yes,Yes,Month-to-month,Yes,Bank transfer (automatic),80.49,408.5,Yes
CUST-100113,Male,1,Yes,No,8,Yes,No,No,No internet service,No internet service,No internet service,No internet service,No internet service,No internet service,Month-to-month,No,Electronic check,38.71,308.79,Yes
CUST-100114,Female,0,No,No,44,Yes,No,Fiber optic,No,No,No,No,No,No,Month-to-month,Yes,Bank transfer (automatic),95.48,4268.17,Yes
CUST-100115,Female,0,Yes,No,7,No,No phone service,No,No internet service,No internet service,No internet service,No internet service,No internet service,No internet service,Month-to-month,No,Electronic check,23.71,159.29,Yes
CUST-100116,Male,0,Yes,No,18,Yes,No,Fiber optic,No,Yes,No,Yes,No,No,Month-to-month,Yes,Bank transfer (automatic),106.52,1925.27,Yes
CUST-100117,Male,0,No,Yes,71,Yes,No,DSL,No,No,Yes,No,Yes,Yes,One year,Yes,Bank transfer (automatic),77.18,5249.8,No
CUST-100118,Male,0,No,No,66,Yes,No,Fiber optic,No,No,No,No,Yes,No,Month-to-month,No,Electronic check,102.64,6731.77,No
CUST-100119,Male,1,No,Yes,18,No,No phone service,No,No internet service,No internet service,No internet service,No internet service,No internet service,No internet service,One year,Yes,Bank transfer (automatic),23.23,420.45,No
CUST-100120,Male,0,No,Yes,39,No,No phone service,No,No internet service,No internet service,No internet service,No internet service,No internet service,No internet service,Two year,Yes,Mailed check,21.25,810.53,No
CUST-100121,Female,0,Yes,Yes,39,Yes,No,Fiber optic,No,No,No,No,Yes,No,Month-to-month,No,Mailed check,97.58,3655.63,No
CUST-100122,Female,0,No,No,19,Yes,No,DSL,Yes,No,No,Yes,No,Yes,Month-to-month,No,Credit card (automatic),78.62,1460.12,No
CUST-100123,Male,0,No,No,17,Yes,No,Fiber optic,Yes,No,No,No,No,Yes,One year,Yes,Credit card (automatic),103.69,1840.21,No
CUST-100124,Female,0,No,No,31,Yes,No,DSL,Yes,No,No,No,No,Yes,Month-to-month,Yes,Mailed check,71.2,2302.42,Yes
CUST-100125,Female,0,No,No,43,Yes,Yes,DSL,No,No,No,No,No,No,Two year,No,Bank transfer (automatic),66.76,2779.79,Yes
CUST-100126,Male,1,Yes,No,58,No,No phone service,DSL,Yes,Yes,No,No,Yes,No,One year,Yes,Mailed check,67.21,3745.64,No
CUST-100127,Female,0,Yes,No,61,Yes,Yes,DSL,No,Yes,Yes,No,No,No,Month-to-month,Yes,Credit card (automatic),72.32,4224.16,No
CUST-100128,Female,0,No,No,1,Yes,No,Fiber optic,No,Yes,No,No,Yes,No,Month-to-month,Yes,Electronic check,104.43,103.1,Yes
CUST-100129,Female,0,No,No,47,Yes,Yes,No,No internet service,No internet service,No internet service,No internet service,No internet service,No internet service,One year,No,Mailed check,36.94,1651.94,No
CUST-100130,Female,0,Yes,No,44,Yes,No,Fiber optic,No,No,No,No,No,No,One year,Yes,Electronic check,85.81,3791.02,No
CUST-100131,Female,1,Yes,No,3,Yes,No,Fiber optic,No,Yes,No,No,No,Yes,Month-to-month,No,Credit card (automatic),96.34,292.88,Yes
CUST-100132,Male,0,No,Yes,60,Yes,No,No,No internet service,No internet service,No internet service,No internet service,No internet service,No internet service,One year,Yes,Credit card (automatic),37.84,2270.05,No
CUST-100133,Female,0,No,No,43,Yes,Yes,DSL,Yes,Yes,No,No,No,No,Month-to-month,No,Electronic check,77.86,3343.05,Yes
CUST-100134,Female,0,No,No,52,Yes,No,Fiber optic,No,Yes,Yes,No,No,No,Two year,Yes,Bank transfer (automatic),103.39,5320.12,No
CUST-100135,Male,0,Yes,No,48,Yes,Yes,Fiber optic,Yes,No,Yes,No,Yes,No,Two year,Yes,Mailed check,106.5,4864.34,No
CUST-100136,Female,0,No,Yes,24,Yes,Yes,DSL,No,Yes,No,No,Yes,No,Month-to-month,No,Electronic check,85.43,2097.9,No
CUST-100137,Male,0,No,Yes,14,Yes,No,Fiber optic,No,No,No,No,No,Yes,Month-to-month,Yes,Electronic check,92.18,1284.02,Yes
CUST-100138,Male,0,No,No,27,Yes,No,Fiber optic,Yes,No,Yes,No,No,Yes,Month-to-month,No,Credit card (automatic),100.53,2594.53,Yes
CUST-100139,Male,0,Yes,No,55,Yes,No,No,No internet service,No internet service,No internet service,No internet service,No internet service,No internet service,Two year,No,Electronic check,38.79,2218.22,Yes
CUST-100140,Female,0,No,No,46,Yes,No,Fiber optic,No,No,No,No,Yes,No,Month-to-month,Yes,Mailed check,92.42,4115.96,Yes
CUST-100141,Male,0,No,No,45,Yes,Yes,Fiber optic,No,No,Yes,No,Yes,Yes,Month-to-month,Yes,Credit card (automatic),102.41,4533.8,Yes
CUST-100142,Male,0,No,No,9,Yes,No,Fiber optic,No,No,No,No,Yes,No,One year,No,Electronic check,101.42,945.87,Yes
CUST-100143,Male,0,No,No,0,Yes,Yes,No,No internet service,No internet service,No internet service,No internet service,No internet service,No internet service,Month-to-month,Yes,Mailed check,43.68,0.0,Yes
CUST-100144,Female,0,No,Yes,48,Yes,No,No,No internet service,No internet service,No internet service,No internet service,No internet service,No internet service,Month-to-month,Yes,Credit card (automatic),36.04,1815.93,Yes
CUST-100145,Female,0,Yes,Yes,69,Yes,No,DSL,No,No,Yes,No,No,No,One year,No,Credit card (automatic),66.92,4650.37,No
CUST-100146,Male,0,No,No,26,Yes,No,Fiber optic,No,No,No,Yes,No,No,Month-to-month,Yes,Electronic check,93.23,2415.19,Yes
CUST-100147,Male,0,No,No,32,Yes,No,No,No internet service,No internet service,No internet service,No internet service,No internet service,No internet service,One year,No,Electronic check,36.97,1160.79,No
CUST-100148,Female,0,Yes,No,69,No,No phone service,Fiber optic,No,Yes,Yes,No,Yes,No,Month-to-month,Yes,Bank transfer (automatic),81.76,5662.03,No
CUST-100149,Male,1,Yes,No,16,Yes,No,Fiber optic,No,Yes,Yes,No,No,Yes,Month-to-month,No,Electronic check,112.3,1753.43,Yes
CUST-100150,Female,0,No,Yes,38,Yes,Yes,Fiber optic,No,Yes,No,No,No,Yes,Month-to-month,Yes,Bank transfer (automatic),105.18,3835.82,Yes
CUST-100151,Male,0,Yes,No,6,Yes,Yes,Fiber optic,Yes,No,Yes,No,No,Yes,Month-to-month,Yes,Electronic check,104.96,604.25,Yes
CUST-100152,Female,0,No,Yes,19,Yes,No,Fiber optic,No,Yes,Yes,No,No,No,Two year,No,Credit card (automatic),105.87,2041.79,No
CUST-100153,Male,0,Yes,No,27,Yes,No,Fiber optic,Yes,No,No,Yes,No,Yes,Month-to-month,Yes,Mailed check,112.53,2946.68,No
CUST-100154,Male,0,Yes,Yes,50,Yes,No,DSL,No,No,No,Yes,No,No,Month-to-month,Yes,Mailed check,75.28,3659.69,Yes
CUST-100155,Female,0,Yes,No,22,Yes,No,Fiber optic,No,No,Yes,No,Yes,Yes,Two year,No,Credit card (automatic),104.27,2278.84,Yes
CUST-100156,Male,0,No,No,33,Yes,Yes,Fiber optic,No,No,No,No,No,No,Month-to-month,Yes,Electronic check,83.14,2709.31,Yes
CUST-100157,Female,0,No,No,21,Yes,No,No,No internet service,No internet service,No internet service,No internet service,No internet service,No internet service,Two year,Yes,Bank transfer (automatic),37.59,786.82,No
CUST-100158,Female,1,Yes,Yes,10,Yes,No,DSL,Yes,No,Yes,Yes,No,No,Month-to-month,No,Credit card (automatic),77.2,791.01,No
CUST-100159,Female,0,Yes,Yes,57,Yes,Yes,Fiber optic,No,Yes,Yes,No,Yes,No,Month-to-month,No,Bank transfer (automatic),110.84,6429.32,Yes
CUST-100160,Female,0,Yes,No,49,Yes,Yes,DSL,Yes,Yes,No,No,Yes,No,Month-to-month,Yes,Electronic check,85.31,4020.08,Yes
CUST-100161,Female,1,No,Yes,47,Yes,Yes,Fiber optic,Yes,Yes,No,No,No,Yes,Month-to-month,No,Credit card (automatic),104.16,4955.02,Yes
CUST-100162,Male,1,No,Yes,42,Yes,Yes,No,No internet service,No internet service,No internet service,No internet service,No internet service,No internet service,Two year,No,Electronic check,36.55,1539.16,No
CUST-100163,Male,0,No,No,9,Yes,No,No,No internet service,No internet service,No internet service,No internet service,No internet service,No internet service,Two year,Yes,Mailed check,40.98,385.83,No
CUST-100164,Male,0,Yes,Yes,37,Yes,Yes,Fiber optic,No,No,No,No,Yes,No,One year,No,Electronic check,102.38,3624.89,No
CUST-100165,Female,0,No,Yes,51,Yes,No,DSL,No,Yes,No,No,No,Yes,Month-to-month,Yes,Bank transfer (automatic),70.61,3725.34,Yes
CUST-100166,Male,0,Yes,No,36,Yes,Yes,No,No internet service,No internet service,No internet service,No internet service,No internet service,No internet service,Month-to-month,No,Electronic check,46.84,1644.72,Yes
CUST-100167,Male,0,Yes,No,52,No,No phone service,DSL,No,No,Yes,No,No,Yes,Month-to-month,No,Electronic check,52.88,2701.83,No
CUST-100168,Male,0,Yes,No,24,No,No phone service,DSL,Yes,No,No,Yes,Yes,No,Month-to-month,Yes,Mailed check,67.53,1604.82,No
CUST-100169,Male,0,Yes,No,37,Yes,No,DSL,Yes,Yes,No,Yes,No,Yes,Month-to-month,Yes,Electronic check,86.2,3344.86,Yes
CUST-100170,Male,0,Yes,No,27,Yes,No,Fiber optic,No,No,Yes,No,Yes,No,Month-to-month,Yes,Bank transfer (automatic),96.0,2717.27,Yes
CUST-100171,Male,0,No,No,72,Yes,Yes,No,No internet service,No internet service,No internet service,No internet service,No internet service,No internet service,Month-to-month,Yes,Mailed check,36.9,2667.98,No
CUST-100172,Female,0,Yes,No,13,Yes,No,No,No internet service,No internet service,No internet service,No internet service,No internet service,No internet service,One year,No,Mailed check,40.94,532.59,Yes
CUST-100173,Female,0,No,Yes,20,Yes,Yes,Fiber optic,No,No,Yes,No,Yes,Yes,Month-to-month,No,Electronic check,107.78,2114.2,Yes
CUST-100174,Female,0,No,No,49,Yes,No,Fiber optic,No,No,No,Yes,Yes,No,Month-to-month,No,Credit card (automatic),100.81,4904.13,No
CUST-100175,Male,1,No,No,4,Yes,Yes,No,No internet service,No internet service,No internet service,No internet service,No internet service,No internet service,Month-to-month,Yes,Mailed check,37.21,155.19,Yes
CUST-100176,Female,0,No,No,37,Yes,No,Fiber optic,No,No,Yes,Yes,No,No,One year,Yes,Mailed check,107.94,3898.15,No
CUST-100177,Male,0,No,No,2,Yes,No,Fiber optic,No,No,No,No,No,No,One year,No,Electronic check,90.51,178.94,No
CUST-100178,Female,0,Yes,No,38,Yes,Yes,No,No internet service,No internet service,No internet service,No internet service,No internet service,No internet service,Month-to-month,Yes,Credit card (automatic),39.38,1526.59,No
CUST-100179,Female,0,Yes,No,23,Yes,No,No,No internet service,No internet service,No internet service,No internet service,No internet service,No internet service,Two year,Yes,Bank transfer (automatic),38.05,884.42,No
CUST-100180,Female,0,No,No,13,Yes,No,Fiber optic,Yes,No,No,No,Yes,No,One year,Yes,Electronic check,107.87,1338.53,Yes
CUST-100181,Male,0,No,No,36,Yes,Yes,Fiber optic,No,No,No,Yes,No,Yes,Month-to-month,No,Electronic check,106.67,3839.67,Yes
CUST-100182,Male,0,No,No,24,Yes,Yes,No,No internet service,No internet service,No internet service,No internet service,No internet service,No internet service,Month-to-month,No,Mailed check,50.9,1180.76,No
CUST-100183,Female,0,No,No,5,Yes,Yes,Fiber optic,No,No,Yes,No,No,No,Two year,Yes,Electronic check,99.81,519.28,No
CUST-100184,Male,0,No,No,38,Yes,Yes,DSL,No,No,Yes,No,No,Yes,Month-to-month,No,Bank transfer (automatic),77.68,3078.0,No
CUST-100185,Male,0,No,No,41,Yes,No,No,No internet service,No internet service,No internet service,No internet service,No internet service,No internet service,Month-to-month,No,Electronic check,42.35,1759.86,No
CUST-100186,Male,0,No,Yes,48,Yes,No,Fiber optic,Yes,Yes,Yes,Yes,No,Yes,Month-to-month,No,Mailed check,119.47,6006.53,No
CUST-100187,Male,1,No,Yes,65,Yes,Yes,Fiber optic,Yes,No,Yes,No,No,No,Month-to-month,Yes,Bank transfer (automatic),104.4,6768.22,Yes
CUST-100188,Male,0,No,No,51,Yes,No,Fiber optic,Yes,Yes,No,No,No,Yes,Two year,Yes,Mailed check,102.01,5411.49,No
CUST-100189,Male,0,No,Yes,58,Yes,No,DSL,Yes,Yes,Yes,No,No,No,Two year,Yes,Electronic check,93.55,5224.2,Yes
CUST-100190,Female,0,No,Yes,47,No,No phone service,DSL,Yes,Yes,No,No,Yes,Yes,Two year,No,Mailed check,66.36,3210.58,No
CUST-100191,Female,0,No,Yes,49,Yes,Yes,DSL,No,Yes,No,Yes,Yes,No,One year,Yes,Credit card (automatic),87.67,4245.9,No
CUST-100192,Female,0,Yes,No,57,No,No phone service,Fiber optic,Yes,No,No,No,Yes,No,One year,Yes,Credit card (automatic),80.92,4533.72,No
CUST-100193,Male,0,Yes,No,48,Yes,No,Fiber optic,No,No,Yes,Yes,No,No,Month-to-month,Yes,Bank transfer (automatic),108.66,5071.29,No
CUST-100194,Female,0,No,No,36,Yes,Yes,Fiber optic,No,No,No,Yes,No,Yes,Two year,Yes,Credit card (automatic),95.5,3442.78,No
CUST-100195,Male,0,Yes,No,53,Yes,Yes,Fiber optic,No,No,No,No,No,Yes,Month-to-month,No,Electronic check,88.96,4537.78,Yes
CUST-100196,Male,0,Yes,No,70,Yes,No,DSL,Yes,No,Yes,No,Yes,No,Month-to-month,Yes,Electronic check,86.87,5802.55,Yes
CUST-100197,Male,0,No,No,36,Yes,Yes,Fiber optic,No,Yes,Yes,Yes,Yes,Yes,Two year,No,Electronic check,126.8,4699.16,No
CUST-100198,Male,0,No,No,16,Yes,No,No,No internet service,No internet service,No internet service,No internet service,No internet service,No internet service,Two year,No,Electronic check,37.92,582.03,Yes
CUST-100199,Female,0,No,No,29,Yes,No,Fiber optic,No,No,No,No,Yes,Yes,Month-to-month,No,Credit card (automatic),103.27,2885.83,No
CUST-100200,Male,1,No,No,1,Yes,No,DSL,No,No,No,No,Yes,No,Month-to-month,Yes,Electronic check,75.26,75.26,Yes
CUST-100201,Female,0,Yes,No,22,Yes,No,DSL,No,No,No,No,No,No,Month-to-month,No,Mailed check,65.84,1447.02,No
CUST-100202,Male,0,Yes,Yes,64,Yes,No,Fiber optic,No,Yes,Yes,No,No,No,One year,No,Electronic check,98.07,6152.6,Yes
CUST-100203,Female,0,No,Yes,7,Yes,No,Fiber optic,No,No,No,Yes,Yes,Yes,Month-to-month,No,Credit card (automatic),106.38,732.32,Yes
CUST-100204,Male,0,Yes,No,64,Yes,No,No,No internet service,No internet service,No internet service,No internet service,No internet service,No internet service,Month-to-month,Yes,Credit card (automatic),41.14,2571.61,Yes
CUST-100205,Male,0,No,No,41,Yes,Yes,No,No internet service,No internet service,No internet service,No internet service,No internet service,No internet service,Month-to-month,Yes,Bank transfer (automatic),41.4,1699.4,No
CUST-100206,Female,0,No,No,23,Yes,Yes,Fiber optic,No,No,Yes,No,No,Yes,Two year,Yes,Mailed check,112.57,2500.6,Yes
CUST-100207,Female,0,No,Yes,34,Yes,No,Fiber optic,No,Yes,No,Yes,Yes,Yes,Two year,Yes,Credit card (automatic),110.71,3947.35,Yes
CUST-100208,Male,0,No,No,64,Yes,Yes,DSL,No,No,Yes,No,No,Yes,Two year,No,Credit card (automatic),73.95,4604.67,Yes
CUST-100209,Female,0,No,No,8,Yes,Yes,Fiber optic,No,No,Yes,Yes,Yes,No,Two year,Yes,Bank transfer (automatic),111.71,924.39,No
CUST-100210,Male,1,No,No,41,Yes,No,DSL,No,Yes,No,No,Yes,No,Month-to-month,No,Bank transfer (automatic),90.44,3873.47,Yes
CUST-100211,Female,0,Yes,No,19,Yes,No,DSL,Yes,No,No,No,No,No,Month-to-month,No,Electronic check,68.68,1278.2,Yes
CUST-100212,Female,1,No,No,39,Yes,No,DSL,No,No,No,No,No,No,Month-to-month,Yes,Bank transfer (automatic),62.75,2363.54,No
CUST-100213,Male,0,Yes,No,57,Yes,No,DSL,No,No,Yes,Yes,No,Yes,Month-to-month,Yes,Credit card (automatic),79.45,4624.11,Yes
CUST-100214,Female,1,No,No,67,Yes,Yes,DSL,Yes,No,No,Yes,Yes,No,One year,Yes,Electronic check,82.24,5592.42,No
CUST-100215,Male,0,Yes,No,18,Yes,Yes,No,No internet service,No internet service,No internet service,No internet service,No internet service,No internet service,Month-to-month,Yes,Electronic check,44.97,781.99,No
CUST-100216,Male,0,No,No,48,No,No phone service,Fiber optic,Yes,No,No,Yes,Yes,No,Two year,No,Electronic check,87.85,4355.21,No
CUST-100217,Male,0,No,No,31,No,No phone service,Fiber optic,No,No,No,No,Yes,No,Month-to-month,Yes,Credit card (automatic),79.74,2569.96,Yes
CUST-100218,Male,1,Yes,Yes,36,Yes,Yes,DSL,No,No,No,Yes,Yes,Yes,Month-to-month,Yes,Mailed check,83.04,2868.69,No
CUST-100219,Female,0,No,No,11,Yes,Yes,Fiber optic,No,Yes,Yes,No,No,Yes,One year,Yes,Credit card (automatic),104.42,1191.39,Yes
CUST-100220,Male,0,Yes,No,62,Yes,Yes,No,No internet service,No internet service,No internet service,No internet service,No internet service,No internet service,One year,No,Bank transfer (automatic),40.89,2516.11,No
CUST-100221,Male,0,Yes,Yes,12,No,No phone service,Fiber optic,No,Yes,No,No,No,No,Month-to-month,No,Electronic check,78.7,958.92,Yes
CUST-100222,Female,1,Yes,No,2,Yes,Yes,No,No internet service,No internet service,No internet service,No internet service,No internet service,No internet service,One year,No,Bank transfer (automatic),35.98,73.99,No
CUST-100223,Male,0,Yes,No,55,Yes,No,No,No internet service,No internet service,No internet service,No internet service,No internet service,No internet service,One year,Yes,Electronic check,39.79,2266.33,No
CUST-100224,Female,0,No,Yes,29,Yes,No,No,No internet service,No internet service,No internet service,No internet service,No internet service,No internet service,Month-to-month,Yes,Mailed check,49.27,1473.93,No
CUST-100225,Male,0,No,No,4,Yes,Yes,Fiber optic,No,Yes,No,No,Yes,No,Month-to-month,No,Mailed check,96.54,380.45,No
CUST-100226,Female,1,No,Yes,49,No,No phone service,DSL,No,No,No,No,No,No,Two year,Yes,Bank transfer (automatic),43.64,2088.83,No
CUST-100227,Female,0,No,No,20,Yes,Yes,DSL,No,Yes,Yes,Yes,No,Yes,Month-to-month,Yes,Mailed check,84.13,1673.22,No
CUST-100228,Female,0,No,No,71,Yes,No,Fiber optic,Yes,No,No,No,Yes,No,Month-to-month,No,Mailed check,103.04,7569.35,No
CUST-100229,Male,0,No,No,71,Yes,Yes,No,No internet service,No internet service,No internet service,No internet service,No internet service,No internet service,Month-to-month,Yes,Credit card (automatic),38.87,2745.43,No
CUST-100230,Male,1,No,No,40,Yes,No,Fiber optic,Yes,No,Yes,No,No,Yes,Month-to-month,Yes,Electronic check,96.77,3983.84,Yes
CUST-100231,Female,1,Yes,Yes,34,Yes,No,DSL,No,Yes,Yes,No,No,No,Two year,No,Credit card (automatic),76.01,2690.51,No
CUST-100232,Male,0,No,No,32,Yes,No,DSL,No,No,No,Yes,No,Yes,Month-to-month,Yes,Mailed check,79.14,2591.61,No
CUST-100233,Female,0,No,Yes,44,Yes,No,Fiber optic,No,No,Yes,No,Yes,Yes,Two year,Yes,Bank transfer (automatic),107.37,4654.42,No
CUST-100234,Male,0,Yes,No,66,Yes,Yes,No,No internet service,No internet service,No internet service,No internet service,No internet service,No internet service,Two year,Yes,Electronic check,41.62,2740.47,No
CUST-100235,Female,1,Yes,No,46,Yes,Yes,DSL,No,Yes,No,Yes,No,No,Month-to-month,Yes,Electronic check,74.62,3462.16,No
CUST-100236,Female,0,Yes,Yes,7,No,No phone service,DSL,No,No,No,No,No,Yes,One year,Yes,Bank transfer (automatic),57.59,384.91,Yes
CUST-100237,Male,0,Yes,No,14,Yes,No,Fiber optic,No,Yes,No,No,No,No,Two year,No,Credit card (automatic),89.73,1308.48,No
CUST-100238,Male,0,No,No,45,No,No phone service,DSL,Yes,No,Yes,No,No,Yes,Two year,No,Mailed check,61.04,2705.81,No
CUST-100239,Female,0,Yes,No,26,Yes,No,DSL,No,No,Yes,No,No,No,One year,No,Electronic check,74.69,1867.54,No
CUST-100240,Male,0,No,Yes,34,Yes,No,DSL,No,Yes,Yes,No,No,No,Month-to-month,No,Credit card (automatic),78.11,2654.39,No
CUST-100241,Female,0,No,No,29,Yes,No,Fiber optic,No,No,No,No,No,Yes,Month-to-month,Yes,Credit card (automatic),89.51,2540.28,Yes
CUST-100242,Male,1,Yes,Yes,43,Yes,No,DSL,No,No,No,No,No,No,Month-to-month,Yes,Bank transfer (automatic),66.1,2879.22,Yes
CUST-100243,Female,0,No,No,16,Yes,Yes,DSL,No,No,No,No,No,Yes,One year,Yes,Electronic check,69.68,1140.91,No
CUST-100244,Female,0,No,No,5,Yes,Yes,Fiber optic,No,No,No,No,No,Yes,Month-to-month,Yes,Mailed check,97.54,505.49,Yes
CUST-100245,Male,0,No,No,17,Yes,Yes,Fiber optic,Yes,Yes,No,No,No,Yes,One year,Yes,Credit card (automatic),108.6,1927.06,No
CUST-100246,Female,0,No,No,48,Yes,No,Fiber optic,No,Yes,No,Yes,No,No,One year,Yes,Electronic check,99.78,4910.52,No
CUST-100247,Male,1,No,No,44,Yes,Yes,Fiber optic,No,Yes,Yes,No,No,Yes,Month-to-month,No,Electronic check,113.55,5227.04,Yes
CUST-100248,Female,0,Yes,No,59,Yes,No,Fiber optic,No,Yes,Yes,No,Yes,No,Two year,Yes,Bank transfer (automatic),114.01,6501.07,No
CUST-100249,Male,0,Yes,No,7,No,No phone service,No,No internet service,No internet service,No internet service,No internet service,No internet service,No internet service,Month-to-month,No,Mailed check,21.24,154.94,Yes
CUST-100250,Male,0,Yes,No,10,Yes,Yes,DSL,No,Yes,Yes,No,No,No,Month-to-month,Yes,Electronic check,82.0,857.93,Yes
CUST-100251,Male,0,Yes,No,9,Yes,No,DSL,No,No,Yes,No,Yes,Yes,Two year,Yes,Bank transfer (automatic),87.55,795.01,No
CUST-100252,Male,0,No,No,41,Yes,Yes,Fiber optic,No,Yes,No,No,Yes,No,Month-to-month,No,Credit card (automatic),104.45,4495.97,Yes
CUST-100253,Male,0,Yes,Yes,41,Yes,No,DSL,No,No,No,Yes,No,No,Month-to-month,Yes,Credit card (automatic),71.2,3012.4,Yes
CUST-100254,Female,0,No,No,11,Yes,No,DSL,No,No,No,No,Yes,Yes,Two year,Yes,Electronic check,78.68,857.56,No
CUST-100255,Male,0,Yes,No,32,Yes,No,DSL,No,No,Yes,Yes,Yes,Yes,Two year,No,Credit card (automatic),84.41,2662.62,No
CUST-100256,Female,0,No,No,3,Yes,No,No,No internet service,No internet service,No internet service,No internet service,No internet service,No internet service,Two year,No,Bank transfer (automatic),45.19,141.23,Yes
CUST-100257,Male,0,No,No,44,Yes,Yes,No,No internet service,No internet service,No internet service,No internet service,No internet service,No internet service,Month-to-month,Yes,Electronic check,48.05,2192.08,Yes
CUST-100258,Male,1,No,Yes,41,Yes,Yes,DSL,No,Yes,Yes,No,Yes,Yes,Month-to-month,Yes,Electronic check,91.81,3781.21,Yes
CUST-100259,Female,0,No,Yes,1,Yes,No,DSL,No,Yes,No,No,No,Yes,Month-to-month,Yes,Credit card (automatic),68.41,66.74,Yes
CUST-100260,Female,1,Yes,No,6,Yes,No,DSL,No,No,Yes,No,No,Yes,Month-to-month,Yes,Electronic check,78.43,451.54,Yes
CUST-100261,Male,0,No,No,51,Yes,No,DSL,No,No,No,Yes,Yes,No,Two year,No,Electronic check,73.88,3618.82,Yes
CUST-100262,Male,0,Yes,No,65,Yes,Yes,DSL,No,Yes,No,Yes,Yes,Yes,Month-to-month,Yes,Bank transfer (automatic),94.43,5902.69,No
CUST-100263,Female,0,No,No,62,Yes,No,DSL,No,Yes,No,No,No,No,One year,Yes,Bank transfer (automatic),70.34,4404.71,No
CUST-100264,Female,0,No,Yes,41,No,No phone service,Fiber optic,No,Yes,No,No,No,No,Month-to-month,No,Electronic check,73.4,2986.2,No
CUST-100265,Female,0,Yes,No,38,Yes,No,No,No internet service,No internet service,No internet service,No internet service,No internet service,No internet service,Month-to-month,No,Bank transfer (automatic),43.14,1705.89,No
CUST-100266,Male,0,Yes,No,59,Yes,Yes,DSL,No,Yes,No,No,No,No,Month-to-month,Yes,Bank transfer (automatic),71.13,4114.7,Yes
CUST-100267,Male,0,Yes,No,61,Yes,No,DSL,No,Yes,No,Yes,Yes,No,Month-to-month,No,Credit card (automatic),87.95,5186.45,No
CUST-100268,Female,0,No,Yes,66,Yes,No,Fiber optic,No,Yes,Yes,Yes,Yes,No,Month-to-month,No,Bank transfer (automatic),106.15,7126.56,Yes
CUST-100269,Female,0,No,No,29,Yes,No,DSL,Yes,No,Yes,No,No,No,Two year,Yes,Electronic check,74.77,2186.52,No
CUST-100270,Male,1,Yes,No,34,Yes,No,DSL,Yes,No,Yes,No,Yes,Yes,One year,Yes,Credit card (automatic),91.2,3032.06,No
CUST-100271,Male,1,Yes,No,5,Yes,Yes,DSL,No,No,Yes,No,No,Yes,One year,No,Mailed check,71.1,366.88,No
CUST-100272,Male,0,Yes,No,12,Yes,Yes,Fiber optic,Yes,Yes,No,Yes,Yes,Yes,Month-to-month,Yes,Mailed check,129.27,1545.01,No
CUST-100273,Female,0,No,Yes,27,Yes,No,DSL,No,No,No,No,No,No,One year,Yes,Electronic check,63.26,1630.38,No
CUST-100274,Male,0,Yes,No,59,Yes,No,DSL,No,No,No,No,Yes,No,One year,Yes,Bank transfer (automatic),67.18,3990.39,No
CUST-100275,Male,0,Yes,Yes,32,Yes,No,Fiber optic,No,No,No,No,No,No,Month-to-month,Yes,Electronic check,84.22,2561.53,No
CUST-100276,Male,0,No,No,42,Yes,Yes,Fiber optic,No,No,No,Yes,No,Yes,One year,Yes,Mailed check,98.81,4187.24,No
CUST-100277,Female,0,Yes,No,63,Yes,Yes,No,No internet service,No internet service,No internet service,No internet service,No internet service,No internet service,Two year,Yes,Electronic check,38.11,2346.22,No
CUST-100278,Male,0,No,Yes,34,Yes,No,Fiber optic,No,No,No,Yes,Yes,No,Two year,Yes,Bank transfer (automatic),100.29,3253.64,No
CUST-100279,Male,1,No,No,24,Yes,Yes,DSL,No,Yes,No,No,No,No,Two year,Yes,Electronic check,67.26,1645.04,No
CUST-100280,Male,0,Yes,Yes,53,Yes,Yes,DSL,No,Yes,No,No,No,No,Month-to-month,Yes,Bank transfer (automatic),70.82,3755.83,No
CUST-100281,Male,0,No,No,23,Yes,No,No,No internet service,No internet service,No internet service,No internet service,No internet service,No internet service,Month-to-month,Yes,Bank transfer (automatic),42.48,952.45,Yes
CUST-100282,Female,1,Yes,Yes,28,Yes,No,DSL,No,Yes,No,No,Yes,Yes,Month-to-month,No,Mailed check,87.39,2464.76,No
CUST-100283,Male,0,Yes,No,64,Yes,No,DSL,No,No,No,No,No,No,Month-to-month,No,Credit card (automatic),57.5,3845.93,No
CUST-100284,Male,0,No,No,31,Yes,Yes,DSL,No,No,Yes,No,No,Yes,Month-to-month,Yes,Mailed check,76.74,2365.84,No
CUST-100285,Female,1,No,Yes,18,Yes,No,No,No internet service,No internet service,No internet service,No internet service,No internet service,No internet service,Month-to-month,Yes,Bank transfer (automatic),44.12,757.09,No
CUST-100286,Male,1,No,No,60,Yes,No,No,No internet service,No internet service,No internet service,No internet service,No internet service,No internet service,One year,Yes,Mailed check,41.91,2450.78,No
CUST-100287,Female,0,Yes,Yes,46,Yes,No,Fiber optic,No,Yes,Yes,Yes,No,Yes,Month-to-month,No,Credit card (automatic),104.0,4659.58,No
CUST-100288,Female,0,Yes,No,56,No,No phone service,DSL,No,No,Yes,Yes,No,No,One year,Yes,Credit card (automatic),61.66,3533.39,Yes
CUST-100289,Male,0,Yes,Yes,23,Yes,Yes,DSL,No,Yes,No,Yes,No,Yes,Two year,Yes,Mailed check,77.77,1716.2,No
CUST-100290,Female,0,No,No,57,Yes,Yes,DSL,No,Yes,No,Yes,Yes,No,Month-to-month,No,Credit card (automatic),79.7,4401.62,No
CUST-100291,Male,0,No,Yes,69,Yes,No,DSL,Yes,No,No,No,Yes,No,Month-to-month,No,Electronic check,76.21,5393.99,No
CUST-100292,Female,0,No,Yes,11,Yes,Yes,No,No internet service,No internet service,No internet service,No internet service,No internet service,No internet service,One year,No,Credit card (automatic),37.6,412.61,No
CUST-100293,Male,0,No,Yes,13,Yes,No,Fiber optic,No,Yes,Yes,No,No,Yes,Month-to-month,Yes,Mailed check,107.95,1365.96,Yes
CUST-100294,Female,0,Yes,No,41,Yes,No,DSL,Yes,No,No,No,Yes,No,Month-to-month,No,Electronic check,75.24,3031.12,No
CUST-100295,Female,0,No,No,52,No,No phone service,No,No internet service,No internet service,No internet service,No internet service,No internet service,No internet service,Two year,Yes,Bank transfer (automatic),18.0,940.76,No
CUST-100296,Female,0,Yes,No,0,Yes,Yes,DSL,Yes,Yes,No,Yes,No,No,Month-to-month,No,Electronic check,83.94,0.0,No
CUST-100297,Male,0,Yes,No,40,Yes,No,Fiber optic,No,No,No,No,Yes,Yes,One year,Yes,Credit card (automatic),102.19,4106.59,No
CUST-100298,Male,0,No,Yes,9,Yes,No,DSL,Yes,No,Yes,No,No,Yes,Two year,No,Credit card (automatic),77.21,708.42,No
CUST-100299,Male,0,No,No,71,Yes,Yes,Fiber optic,No,No,Yes,Yes,No,No,Month-to-month,No,Bank transfer (automatic),104.27,7587.1,No
CUST-100300,Male,0,Yes,No,53,Yes,No,DSL,No,Yes,No,No,Yes,Yes,One year,No,Electronic check,79.64,4271.33,No
CUST-100301,Female,0,Yes,No,72,Yes,Yes,DSL,No,Yes,Yes,No,Yes,Yes,Month-to-month,No,Credit card (automatic),79.39,5963.23,No
CUST-100302,Male,0,No,No,15,Yes,Yes,No,No internet service,No internet service,No internet service,No internet service,No internet service,No internet service,Month-to-month,Yes,Credit card (automatic),36.63,527.73,No
CUST-100303,Female,0,Yes,No,57,Yes,No,No,No internet service,No internet service,No internet service,No internet service,No internet service,No internet service,Month-to-month,Yes,Bank transfer (automatic),42.43,2315.86,No
CUST-100304,Female,0,No,Yes,27,Yes,Yes,Fiber optic,No,No,Yes,Yes,No,Yes,One year,Yes,Mailed check,97.16,2536.26,No
CUST-100305,Male,0,No,No,7,Yes,Yes,No,No internet service,No internet service,No internet service,No internet service,No internet service,No internet service,One year,No,Mailed check,40.39,289.02,Yes
CUST-100306,Male,0,Yes,Yes,35,No,No phone service,DSL,No,No,No,Yes,No,Yes,Two year,Yes,Electronic check,59.31,2069.93,No
CUST-100307,Female,0,Yes,No,34,Yes,Yes,Fiber optic,No,No,No,No,No,Yes,One year,Yes,Credit card (automatic),94.29,3206.65,No
CUST-100308,Male,1,Yes,Yes,36,No,No phone service,DSL,No,Yes,No,No,No,No,Month-to-month,Yes,Electronic check,49.01,1745.96,Yes
CUST-100309,Male,0,No,No,62,Yes,No,DSL,No,Yes,No,No,Yes,No,Two year,No,Electronic check,73.34,4751.15,Yes
CUST-100310,Female,0,Yes,No,20,Yes,No,Fiber optic,No,No,No,Yes,Yes,Yes,Month-to-month,Yes,Electronic check,108.54,2187.65,Yes
CUST-100311,Female,0,No,No,46,Yes,No,Fiber optic,Yes,No,No,No,No,Yes,One year,Yes,Mailed check,100.76,4442.65,No
CUST-100312,Male,0,Yes,No,14,Yes,No,Fiber optic,Yes,No,No,No,No,No,Month-to-month,Yes,Bank transfer (automatic),91.7,1258.4,No
CUST-100313,Male,0,No,No,64,Yes,Yes,Fiber optic,No,No,Yes,No,No,No,One year,Yes,Credit card (automatic),107.32,6739.79,No
CUST-100314,Male,0,Yes,No,33,Yes,No,Fiber optic,No,Yes,No,No,No,Yes,Two year,Yes,Credit card (automatic),103.06,3384.07,No
CUST-100315,Female,0,Yes,No,58,Yes,Yes,Fiber optic,No,No,No,Yes,Yes,Yes,Month-to-month,Yes,Electronic check,105.62,6066.59,Yes
CUST-100316,Female,0,No,No,19,No,No phone service,No,No internet service,No internet service,No internet service,No internet service,No internet service,No internet service,Month-to-month,No,Electronic check,18.66,351.64,No
CUST-100317,Female,0,No,Yes,22,Yes,Yes,DSL,Yes,No,Yes,No,Yes,Yes,Month-to-month,Yes,Mailed check,90.72,2033.52,Yes
CUST-100318,Female,0,Yes,No,71,Yes,Yes,Fiber optic,No,No,No,No,Yes,Yes,Month-to-month,No,Credit card (automatic),95.91,7009.82,Yes
CUST-100319,Female,1,Yes,No,14,Yes,No,No,No internet service,No internet service,No internet service,No internet service,No internet service,No internet service,Month-to-month,Yes,Credit card (automatic),38.2,528.26,No
CUST-100320,Male,0,No,No,40,Yes,No,Fiber optic,Yes,No,No,Yes,No,Yes,One year,Yes,Electronic check,100.25,4178.28,No
CUST-100321,Male,0,Yes,Yes,23,Yes,No,No,No internet service,No internet service,No internet service,No internet service,No internet service,No internet service,Month-to-month,No,Electronic check,41.33,957.33,Yes
CUST-100322,Female,0,Yes,No,28,Yes,Yes,Fiber optic,No,Yes,Yes,Yes,Yes,Yes,Month-to-month,No,Credit card (automatic),116.27,3120.25,No
CUST-100323,Female,0,Yes,No,50,Yes,No,No,No internet service,No internet service,No internet service,No internet service,No internet service,No internet service,One year,Yes,Bank transfer (automatic),38.47,1867.27,No
CUST-100324,Female,0,Yes,No,57,Yes,Yes,No,No internet service,No internet service,No internet service,No internet service,No internet service,No internet service,One year,Yes,Mailed check,39.55,2345.21,No
CUST-100325,Male,0,No,No,35,Yes,No,Fiber optic,No,No,Yes,No,No,No,Month-to-month,Yes,Electronic check,98.3,3518.25,Yes
CUST-100326,Male,0,No,Yes,46,Yes,No,DSL,No,No,No,No,Yes,No,Two year,Yes,Electronic check,69.01,3223.2,No
CUST-100327,Male,0,No,No,3,Yes,No,Fiber optic,Yes,No,No,No,Yes,Yes,Two year,Yes,Electronic check,104.59,305.45,Yes
CUST-100328,Male,1,No,No,17,No,No phone service,DSL,No,No,No,No,No,Yes,Two year,Yes,Bank transfer (automatic),49.32,824.49,No
CUST-100329,Female,0,Yes,No,54,Yes,No,DSL,No,No,Yes,Yes,No,Yes,Month-to-month,Yes,Bank transfer (automatic),80.57,4395.05,No
CUST-100330,Female,0,No,No,48,Yes,Yes,Fiber optic,No,No,Yes,Yes,No,No,Month-to-month,Yes,Mailed check,100.55,4943.14,No
CUST-100331,Male,0,Yes,Yes,3,Yes,No,Fiber optic,Yes,Yes,No,No,Yes,No,Month-to-month,No,Bank transfer (automatic),114.27,353.88,No
CUST-100332,Male,0,Yes,No,65,Yes,Yes,No,No internet service,No internet service,No internet service,No internet service,No internet service,No internet service,Two year,Yes,Electronic check,40.78,2776.99,No
CUST-100333,Female,0,No,Yes,29,Yes,No,DSL,No,No,No,No,No,Yes,Two year,No,Electronic check,64.62,1810.51,Yes
CUST-100334,Male,0,Yes,No,22,Yes,No,DSL,Yes,No,No,No,No,Yes,One year,Yes,Electronic check,77.5,1665.05,No
CUST-100335,Female,0,Yes,No,33,Yes,No,Fiber optic,No,No,Yes,No,No,No,Month-to-month,No,Electronic check,92.99,3160.81,No
CUST-100336,Female,0,Yes,Yes,28,Yes,Yes,Fiber optic,Yes,No,No,No,No,Yes,Month-to-month,No,Credit card (automatic),94.66,2724.3,No
CUST-100337,Male,0,No,No,36,Yes,No,DSL,No,Yes,No,Yes,No,Yes,One year,Yes,Electronic check,86.02,3153.81,No
CUST-100338,Male,0,Yes,No,11,Yes,No,DSL,Yes,Yes,No,No,Yes,No,Month-to-month,Yes,Electronic check,97.36,1022.3,Yes
CUST-100339,Female,0,No,No,10,Yes,Yes,DSL,Yes,Yes,Yes,No,No,No,Month-to-month,Yes,Credit card (automatic),81.07,783.8,Yes
CUST-100340,Female,0,No,Yes,72,Yes,Yes,No,No internet service,No internet service,No internet service,No internet service,No internet service,No internet service,One year,No,Mailed check,39.13,2746.69,No
CUST-100341,Male,0,No,No,54,Yes,No,DSL,Yes,No,No,No,Yes,Yes,One year,Yes,Electronic check,83.57,4735.87,No
CUST-100342,Female,0,Yes,No,26,Yes,No,Fiber optic,No,No,No,Yes,No,No,Month-to-month,No,Electronic check,92.81,2377.41,Yes
CUST-100343,Female,0,No,No,62,Yes,Yes,No,No internet service,No internet service,No internet service,No internet service,No internet service,No internet service,One year,No,Electronic check,35.97,2267.74,No
CUST-100344,Female,1,Yes,No,58,Yes,No,DSL,No,Yes,No,Yes,No,No,Month-to-month,Yes,Electronic check,85.36,4844.86,No
CUST-100345,Male,0,No,No,50,Yes,No,No,No internet service,No internet service,No internet service,No internet service,No internet service,No internet service,Month-to-month,No,Bank transfer (automatic),43.07,2211.27,No
CUST-100346,Female,0,No,No,52,Yes,Yes,Fiber optic,Yes,No,No,No,Yes,No,Month-to-month,No,Mailed check,109.18,5885.49,No
CUST-100347,Female,0,Yes,Yes,69,Yes,Yes,Fiber optic,No,Yes,No,Yes,No,No,Month-to-month,No,Electronic check,98.13,6857.39,No
CUST-100348,Male,0,No,Yes,60,Yes,Yes,No,No internet service,No internet service,No internet service,No internet service,No internet service,No internet service,Month-to-month,Yes,Credit card (automatic),47.66,2974.62,No
CUST-100349,Male,0,No,No,18,Yes,Yes,DSL,No,No,Yes,No,No,Yes,Month-to-month,Yes,Electronic check,69.77,1268.54,Yes
CUST-100350,Female,0,Yes,No,53,Yes,No,No,No internet service,No internet service,No internet service,No internet service,No internet service,No internet service,Month-to-month,Yes,Mailed check,42.78,2263.06,No
CUST-100351,Male,0,Yes,No,11,Yes,Yes,DSL,Yes,Yes,No,Yes,No,Yes,Month-to-month,Yes,Electronic check,85.15,969.19,No
CUST-100352,Male,0,No,Yes,36,Yes,Yes,Fiber optic,No,No,No,No,No,No,Month-to-month,Yes,Electronic check,86.47,2963.47,No
CUST-100353,Male,0,No,Yes,4,Yes,No,DSL,No,No,Yes,Yes,No,Yes,One year,No,Mailed check,84.33,351.98,No
CUST-100354,Female,0,No,No,12,Yes,No,Fiber optic,No,Yes,No,No,Yes,Yes,Month-to-month,Yes,Electronic check,113.64,1397.49,No
CUST-100355,Female,0,Yes,Yes,52,Yes,No,DSL,Yes,No,Yes,No,No,No,Month-to-month,Yes,Electronic check,76.72,4143.89,No
CUST-100356,Male,0,No,No,27,Yes,No,DSL,No,Yes,No,No,Yes,No,Month-to-month,Yes,Mailed check,75.29,1987.3,Yes
CUST-100357,Female,0,No,No,11,Yes,No,DSL,No,Yes,Yes,No,No,No,Month-to-month,No,Credit card (automatic),71.22,794.71,No
CUST-100358,Male,0,No,Yes,71,Yes,Yes,DSL,No,No,No,Yes,No,No,One year,Yes,Mailed check,76.45,5483.46,Yes
CUST-100359,Female,0,No,No,68,Yes,No,DSL,No,No,Yes,No,Yes,Yes,Two year,Yes,Electronic check,84.18,5984.0,Yes
CUST-100360,Female,0,Yes,No,16,Yes,Yes,Fiber optic,No,No,No,Yes,No,No,Month-to-month,Yes,Electronic check,89.85,1366.76,Yes
CUST-100361,Female,0,No,No,43,Yes,No,Fiber optic,No,No,No,No,No,Yes,Month-to-month,Yes,Mailed check,89.72,3939.93,Yes
CUST-100362,Male,0,Yes,Yes,21,Yes,Yes,Fiber optic,Yes,No,No,Yes,No,Yes,Month-to-month,Yes,Electronic check,104.8,2133.25,No
CUST-100363,Female,0,Yes,No,58,Yes,No,Fiber optic,Yes,No,No,Yes,Yes,No,Month-to-month,Yes,Electronic check,120.37,7175.78,No
CUST-100364,Male,1,No,No,50,Yes,No,DSL,Yes,No,No,No,Yes,No,Two year,Yes,Mailed check,82.37,4095.14,No
CUST-100365,Female,0,Yes,No,31,Yes,Yes,DSL,Yes,No,No,No,No,No,One year,Yes,Credit card (automatic),64.58,1951.49,No
CUST-100366,Male,0,Yes,Yes,67,Yes,Yes,Fiber optic,Yes,No,Yes,No,No,No,One year,Yes,Credit card (automatic),101.08,6725.79,Yes
CUST-100367,Male,0,Yes,Yes,53,Yes,No,Fiber optic,Yes,No,Yes,No,Yes,Yes,Two year,No,Electronic check,110.66,5748.97,No
CUST-100368,Male,0,No,No,11,Yes,No,Fiber optic,Yes,No,No,No,No,No,One year,Yes,Bank transfer (automatic),95.34,1076.3,No
CUST-100369,Female,0,No,No,32,Yes,No,DSL,No,No,Yes,Yes,Yes,Yes,Month-to-month,No,Mailed check,98.87,3199.26,No
CUST-100370,Male,0,Yes,No,60,Yes,No,Fiber optic,No,Yes,No,Yes,No,No,One year,Yes,Credit card (automatic),99.85,5803.33,No
CUST-100371,Female,0,Yes,No,39,Yes,No,Fiber optic,No,No,Yes,No,Yes,No,One year,Yes,Bank transfer (automatic),102.44,3803.14,No
CUST-100372,Male,0,No,No,7,Yes,Yes,Fiber optic,No,Yes,No,No,Yes,Yes,Month-to-month,No,Bank transfer (automatic),110.14,793.38,Yes
CUST-100373,Male,0,Yes,No,56,Yes,No,No,No internet service,No internet service,No internet service,No internet service,No internet service,No internet service,One year,Yes,Mailed check,34.34,1959.09,No
CUST-100374,Female,1,No,Yes,35,Yes,Yes,Fiber optic,Yes,No,No,Yes,Yes,Yes,Month-to-month,Yes,Bank transfer (automatic),114.41,4153.77,No
CUST-100375,Male,0,No,Yes,17,Yes,No,Fiber optic,Yes,No,No,No,No,Yes,Month-to-month,Yes,Mailed check,104.57,1748.55,No
CUST-100376,Female,0,Yes,Yes,59,No,No phone service,Fiber optic,No,Yes,Yes,No,No,Yes,One year,No,Bank transfer (automatic),82.23,4963.41,No
CUST-100377,Female,1,No,No,64,Yes,No,No,No internet service,No internet service,No internet service,No internet service,No internet service,No internet service,Month-to-month,Yes,Mailed check,41.08,2677.57,No
CUST-100378,Male,0,Yes,Yes,42,Yes,No,No,No internet service,No internet service,No internet service,No internet service,No internet service,No internet service,Month-to-month,Yes,Electronic check,33.44,1401.9,No
CUST-100379,Male,0,No,No,52,Yes,Yes,DSL,No,No,No,No,Yes,Yes,Month-to-month,Yes,Mailed check,67.98,3513.38,No
CUST-100380,Male,0,Yes,No,17,Yes,No,DSL,No,Yes,No,No,Yes,No,One year,Yes,Electronic check,77.13,1261.56,Yes
CUST-100381,Female,1,No,No,54,Yes,Yes,No,No internet service,No internet service,No internet service,No internet service,No internet service,No internet service,Two year,Yes,Electronic check,38.9,1997.39,No
CUST-100382,Female,0,No,No,66,No,No phone service,Fiber optic,No,Yes,Yes,No,No,Yes,One year,No,Mailed check,87.78,6002.29,Yes
CUST-100383,Male,0,No,Yes,17,Yes,No,Fiber optic,No,No,No,No,No,No,One year,No,Mailed check,91.88,1557.31,No
CUST-100384,Male,1,No,No,68,Yes,No,Fiber optic,No,Yes,Yes,No,Yes,Yes,Month-to-month,No,Electronic check,108.77,7227.7,Yes
CUST-100385,Male,0,Yes,No,6,Yes,Yes,DSL,Yes,No,Yes,No,Yes,Yes,One year,Yes,Electronic check,84.78,519.7,No
CUST-100386,Male,1,No,No,32,Yes,Yes,No,No internet service,No internet service,No internet service,No internet service,No internet service,No internet service,Month-to-month,Yes,Mailed check,37.55,1255.61,No
CUST-100387,Female,1,No,No,5,Yes,No,Fiber optic,Yes,No,Yes,No,No,Yes,Month-to-month,Yes,Credit card (automatic),115.28,568.32,Yes
CUST-100388,Female,1,Yes,No,32,Yes,Yes,No,No internet service,No internet service,No internet service,No internet service,No internet service,No internet service,One year,Yes,Mailed check,36.83,1194.09,Yes
CUST-100389,Male,0,Yes,No,47,Yes,No,Fiber optic,No,Yes,Yes,No,Yes,No,Month-to-month,Yes,Bank transfer (automatic),108.73,4957.23,Yes
CUST-100390,Female,0,Yes,Yes,63,Yes,No,DSL,No,No,No,No,Yes,No,Two year,Yes,Mailed check,69.09,4141.53,No
CUST-100391,Male,0,Yes,No,10,Yes,Yes,No,No internet service,No internet service,No internet service,No internet service,No internet service,No internet service,Month-to-month,Yes,Electronic check,35.37,353.36,No
CUST-100392,Male,0,No,No,64,Yes,Yes,Fiber optic,No,Yes,No,Yes,No,No,One year,No,Electronic check,98.96,6136.19,Yes
CUST-100393,Female,0,Yes,Yes,72,Yes,No,Fiber optic,No,No,Yes,No,Yes,No,Month-to-month,No,Mailed check,97.71,7090.02,No
CUST-100394,Female,1,No,Yes,4,Yes,No,DSL,No,Yes,No,Yes,Yes,No,One year,No,Credit card (automatic),76.66,303.52,Yes
CUST-100395,Female,0,No,No,70,Yes,No,Fiber optic,No,Yes,Yes,No,No,No,One year,Yes,Electronic check,107.06,7220.42,Yes
CUST-100396,Male,0,Yes,No,66,Yes,No,Fiber optic,No,Yes,No,No,Yes,No,Month-to-month,No,Mailed check,107.56,7258.71,Yes
CUST-100397,Male,0,No,Yes,2,Yes,No,Fiber optic,No,No,No,No,No,No,Two year,Yes,Bank transfer (automatic),93.27,193.57,Yes
CUST-100398,Male,0,Yes,No,4,Yes,Yes,No,No internet service,No internet service,No internet service,No internet service,No internet service,No internet service,One year,Yes,Bank transfer (automatic),34.93,138.28,Yes
CUST-100399,Male,0,Yes,No,52,Yes,No,No,No internet service,No internet service,No internet service,No internet service,No internet service,No internet service,Month-to-month,Yes,Bank transfer (automatic),37.27,1998.53,No
CUST-100400,Female,0,Yes,No,30,Yes,No,DSL,Yes,Yes,No,No,No,Yes,One year,Yes,Electronic check,86.59,2676.53,No
CUST-100401,Female,0,Yes,No,19,Yes,No,No,No internet service,No internet service,No internet service,No internet service,No internet service,No internet service,Month-to-month,Yes,Credit card (automatic),38.16,743.38,No
CUST-100402,Male,0,Yes,No,29,Yes,No,No,No internet service,No internet service,No internet service,No internet service,No internet service,No internet service,One year,No,Mailed check,38.61,1122.57,No
CUST-100403,Female,0,Yes,Yes,24,Yes,No,No,No internet service,No internet service,No internet service,No internet service,No internet service,No internet service,Month-to-month,Yes,Electronic check,44.95,1088.33,No
CUST-100404,Male,0,Yes,No,71,Yes,No,No,No internet service,No internet service,No internet service,No internet service,No internet service,No internet service,Two year,No,Credit card (automatic),34.55,2555.64,No
CUST-100405,Female,0,Yes,Yes,17,Yes,Yes,Fiber optic,Yes,No,No,No,No,No,Month-to-month,Yes,Credit card (automatic),91.55,1512.21,Yes
CUST-100406,Male,0,No,No,6,Yes,No,No,No internet service,No internet service,No internet service,No internet service,No internet service,No internet service,Two year,No,Credit card (automatic),42.97,261.0,No
CUST-100407,Male,1,Yes,No,60,Yes,No,Fiber optic,No,Yes,Yes,No,No,Yes,Two year,No,Mailed check,109.11,6856.31,No
CUST-100408,Female,0,No,No,61,Yes,No,DSL,Yes,No,Yes,No,Yes,Yes,Two year,Yes,Credit card (automatic),100.28,5985.47,No
CUST-100409,Male,0,No,No,65,Yes,Yes,No,No internet service,No internet service,No internet service,No internet service,No internet service,No internet service,One year,No,Electronic check,38.39,2458.89,No
CUST-100410,Male,0,No,No,70,Yes,Yes,DSL,Yes,No,No,Yes,No,Yes,One year,No,Credit card (automatic),87.0,6305.61,No
CUST-100411,Male,0,No,No,2,Yes,Yes,Fiber optic,Yes,No,Yes,No,No,No,Month-to-month,Yes,Bank transfer (automatic),106.26,208.79,Yes
CUST-100412,Male,1,No,Yes,56,Yes,No,Fiber optic,No,Yes,No,No,No,No,Month-to-month,No,Mailed check,97.88,5721.42,No
CUST-100413,Male,0,No,No,19,Yes,No,DSL,No,No,Yes,No,Yes,No,One year,No,Electronic check,78.88,1558.72,Yes
CUST-100414,Male,0,No,No,30,Yes,No,No,No internet service,No internet service,No internet service,No internet service,No internet service,No internet service,One year,Yes,Bank transfer (automatic),39.53,1127.07,No
CUST-100415,Female,0,No,No,32,Yes,Yes,Fiber optic,No,Yes,No,Yes,No,No,Month-to-month,Yes,Mailed check,108.36,3450.6,Yes
CUST-100416,Female,0,Yes,No,71,Yes,No,Fiber optic,Yes,No,No,Yes,Yes,Yes,One year,Yes,Credit card (automatic),104.5,7270.35,No
CUST-100417,Male,0,No,No,38,Yes,No,Fiber optic,No,No,No,Yes,Yes,No,Month-to-month,Yes,Credit card (automatic),105.3,3898.57,No
CUST-100418,Male,0,No,No,16,No,No phone service,Fiber optic,No,No,No,No,No,Yes,One year,No,Credit card (automatic),81.13,1268.35,No
CUST-100419,Female,0,Yes,No,6,Yes,No,DSL,No,No,No,No,Yes,Yes,Month-to-month,No,Electronic check,74.85,445.74,Yes
CUST-100420,Female,0,No,Yes,42,Yes,No,Fiber optic,No,Yes,No,Yes,No,Yes,Two year,No,Bank transfer (automatic),114.54,4697.52,No
CUST-100421,Female,1,No,No,60,Yes,No,DSL,Yes,Yes,Yes,No,Yes,Yes,Month-to-month,Yes,Bank transfer (automatic),96.1,5652.71,No
CUST-100422,Female,0,No,No,51,Yes,No,No,No internet service,No internet service,No internet service,No internet service,No internet service,No internet service,Month-to-month,Yes,Mailed check,36.3,1907.82,No
CUST-100423,Female,1,Yes,No,68,Yes,No,DSL,Yes,No,No,Yes,No,Yes,One year,Yes,Electronic check,86.45,6011.32,No
CUST-100424,Male,0,Yes,No,3,Yes,Yes,No,No internet service,No internet service,No internet service,No internet service,No internet service,No internet service,Month-to-month,Yes,Bank transfer (automatic),33.74,96.41,No
CUST-100425,Male,0,Yes,No,29,Yes,No,DSL,No,No,Yes,Yes,No,No,Month-to-month,No,Electronic check,80.39,2314.06,No
CUST-100426,Female,0,No,No,44,Yes,No,DSL,No,No,Yes,No,Yes,No,One year,Yes,Electronic check,71.99,3130.19,Yes
CUST-100427,Female,0,No,No,62,Yes,No,No,No internet service,No internet service,No internet service,No internet service,No internet service,No internet service,Two year,Yes,Electronic check,34.13,2095.34,No
CUST-100428,Male,0,No,No,22,Yes,No,Fiber optic,No,Yes,No,Yes,Yes,No,One year,Yes,Electronic check,104.64,2232.38,Yes
CUST-100429,Female,1,Yes,No,49,Yes,No,DSL,Yes,No,Yes,No,Yes,No,Month-to-month,No,Mailed check,75.78,3858.85,No
CUST-100430,Male,0,Yes,No,15,Yes,No,Fiber optic,Yes,No,No,No,Yes,Yes,Month-to-month,Yes,Electronic check,108.91,1705.08,Yes
CUST-100431,Female,0,No,No,43,Yes,Yes,DSL,No,No,Yes,No,Yes,No,One year,Yes,Mailed check,75.47,3346.62,No
CUST-100432,Female,0,No,Yes,56,Yes,No,DSL,No,No,Yes,No,No,No,One year,Yes,Credit card (automatic),68.58,3863.24,No
CUST-100433,Male,0,No,No,59,Yes,No,DSL,No,Yes,Yes,No,Yes,No,Two year,Yes,Bank transfer (automatic),78.82,4748.4,No
CUST-100434,Male,0,Yes,Yes,32,Yes,No,DSL,Yes,No,No,Yes,No,Yes,Month-to-month,No,Mailed check,78.52,2431.65,No
CUST-100435,Male,0,Yes,No,34,Yes,Yes,DSL,Yes,No,Yes,Yes,No,Yes,Month-to-month,No,Electronic check,93.9,3104.67,Yes
CUST-100436,Female,0,No,Yes,64,Yes,No,Fiber optic,No,No,Yes,Yes,No,Yes,Two year,No,Mailed check,107.78,6827.59,No
CUST-100437,Female,0,No,No,39,Yes,No,No,No internet service,No internet service,No internet service,No internet service,No internet service,No internet service,Month-to-month,Yes,Bank transfer (automatic),33.59,1309.33,No
CUST-100438,Male,0,Yes,No,25,Yes,No,Fiber optic,No,No,No,No,No,No,Two year,No,Credit card (automatic),94.27,2407.95,No
CUST-100439,Male,0,No,No,20,Yes,No,Fiber optic,No,Yes,Yes,No,No,No,Month-to-month,No,Credit card (automatic),96.96,1870.92,No
CUST-100440,Female,0,No,No,51,Yes,Yes,DSL,No,No,Yes,No,No,Yes,One year,No,Mailed check,77.69,4046.77,No
CUST-100441,Male,0,No,Yes,51,Yes,Yes,No,No internet service,No internet service,No internet service,No internet service,No internet service,No internet service,Month-to-month,Yes,Electronic check,42.3,2253.99,No
CUST-100442,Male,0,Yes,Yes,39,Yes,Yes,DSL,No,No,Yes,Yes,Yes,No,Two year,No,Bank transfer (automatic),81.51,3216.98,No
CUST-100443,Male,0,Yes,Yes,11,Yes,Yes,DSL,No,Yes,Yes,No,No,No,Two year,No,Credit card (automatic),78.54,829.46,No
CUST-100444,Female,0,No,No,11,Yes,No,No,No internet service,No internet service,No internet service,No internet service,No internet service,No internet service,Month-to-month,Yes,Credit card (automatic),39.07,446.72,No
CUST-100445,Female,1,No,No,17,No,No phone service,Fiber optic,No,No,No,No,Yes,Yes,One year,Yes,Credit card (automatic),77.88,1297.32,No
CUST-100446,Male,0,No,No,0,Yes,No,DSL,No,No,No,No,No,No,Month-to-month,Yes,Electronic check,64.81,0.0,Yes
CUST-100447,Female,0,No,No,35,Yes,Yes,Fiber optic,Yes,No,Yes,Yes,Yes,No,Month-to-month,No,Credit card (automatic),118.63,4084.12,No
CUST-100448,Female,1,Yes,Yes,30,Yes,Yes,DSL,Yes,No,No,No,No,No,One year,Yes,Electronic check,71.37,2213.94,No
CUST-100449,Male,0,Yes,No,28,Yes,No,DSL,No,No,Yes,No,No,Yes,One year,No,Electronic check,84.58,2442.44,No
CUST-100450,Female,0,Yes,No,68,Yes,No,Fiber optic,No,No,No,No,No,No,Month-to-month,No,Bank transfer (automatic),88.14,5857.69,No
CUST-100451,Female,1,No,No,17,Yes,Yes,No,No internet service,No internet service,No internet service,No internet service,No internet service,No internet service,Month-to-month,No,Electronic check,40.27,684.6,Yes
CUST-100452,Male,1,Yes,Yes,59,Yes,Yes,No,No internet service,No internet service,No internet service,No internet service,No internet service,No internet service,Month-to-month,Yes,Mailed check,42.23,2369.21,No
CUST-100453,Male,0,No,No,14,Yes,No,Fiber optic,No,No,No,No,No,Yes,Month-to-month,No,Electronic check,102.35,1452.88,Yes
CUST-100454,Female,0,No,No,44,Yes,Yes,Fiber optic,No,Yes,Yes,No,No,Yes,Month-to-month,Yes,Electronic check,103.14,4410.33,Yes
CUST-100455,Female,0,No,Yes,62,No,No phone service,Fiber optic,No,No,No,No,Yes,No,Month-to-month,No,Electronic check,79.39,4973.99,No
CUST-100456,Male,1,No,No,61,Yes,No,No,No internet service,No internet service,No internet service,No internet service,No internet service,No internet service,Two year,Yes,Mailed check,36.24,2260.83,No
CUST-100457,Female,1,No,No,43,Yes,Yes,Fiber optic,No,No,No,No,No,No,Month-to-month,Yes,Electronic check,94.61,3935.66,Yes
CUST-100458,Female,0,No,No,15,Yes,No,DSL,No,No,No,No,Yes,No,Two year,Yes,Mailed check,68.83,984.93,No
CUST-100459,Male,0,No,No,27,No,No phone service,No,No internet service,No internet service,No internet service,No internet service,No internet service,No internet service,Month-to-month,No,Bank transfer (automatic),18.0,478.6,No
CUST-100460,Female,0,Yes,No,30,No,No phone service,No,No internet service,No internet service,No internet service,No internet service,No internet service,No internet service,Month-to-month,No,Electronic check,22.44,674.49,Yes
CUST-100461,Male,0,Yes,No,61,Yes,Yes,DSL,No,No,No,No,Yes,No,Month-to-month,Yes,Credit card (automatic),67.93,4301.23,No
CUST-100462,Female,0,No,No,27,Yes,Yes,Fiber optic,No,No,Yes,Yes,No,No,Month-to-month,Yes,Electronic check,103.35,2885.39,Yes
CUST-100463,Male,0,No,No,60,Yes,No,No,No internet service,No internet service,No internet service,No internet service,No internet service,No internet service,One year,No,Credit card (automatic),36.58,2292.66,No
CUST-100464,Male,0,No,No,69,Yes,Yes,DSL,No,Yes,No,No,No,No,Month-to-month,Yes,Credit card (automatic),69.65,5030.07,Yes
CUST-100465,Female,0,Yes,No,8,Yes,No,No,No internet service,No internet service,No internet service,No internet service,No internet service,No internet service,Month-to-month,Yes,Credit card (automatic),48.55,373.05,No
CUST-100466,Male,0,No,No,68,Yes,No,DSL,No,Yes,No,Yes,No,Yes,Month-to-month,No,Mailed check,89.41,5885.84,No
CUST-100467,Female,0,No,No,41,Yes,No,Fiber optic,Yes,No,No,Yes,No,No,One year,Yes,Bank transfer (automatic),101.52,3981.57,No
CUST-100468,Male,0,No,No,43,Yes,No,No,No internet service,No internet service,No internet service,No internet service,No internet service,No internet service,Month-to-month,Yes,Electronic check,37.45,1676.1,Yes
CUST-100469,Female,0,Yes,Yes,22,No,No phone service,No,No internet service,No internet service,No internet service,No internet service,No internet service,No internet service,Month-to-month,Yes,Credit card (automatic),23.1,529.13,No
CUST-100470,Female,1,No,No,24,Yes,No,DSL,No,Yes,No,No,No,No,Month-to-month,Yes,Electronic check,71.81,1640.15,No
CUST-100471,Female,0,No,No,39,Yes,No,No,No internet service,No internet service,No internet service,No internet service,No internet service,No internet service,One year,No,Mailed check,36.1,1451.27,No
CUST-100472,Male,0,No,Yes,14,Yes,Yes,Fiber optic,Yes,No,No,No,Yes,No,Two year,Yes,Mailed check,92.41,1267.37,No
CUST-100473,Male,0,Yes,No,52,Yes,Yes,No,No internet service,No internet service,No internet service,No internet service,No internet service,No internet service,Month-to-month,Yes,Credit card (automatic),45.35,2264.18,No
CUST-100474,Female,0,No,No,48,Yes,Yes,Fiber optic,No,No,Yes,No,Yes,No,Month-to-month,Yes,Bank transfer (automatic),108.43,5413.62,No
CUST-100475,Female,0,Yes,No,0,Yes,Yes,No,No internet service,No internet service,No internet service,No internet service,No internet service,No internet service,Month-to-month,Yes,Electronic check,36.42,0.0,No
CUST-100476,Female,0,Yes,No,15,Yes,No,Fiber optic,No,No,No,No,No,No,Two year,Yes,Electronic check,89.82,1345.65,No
CUST-100477,Male,0,Yes,No,37,Yes,No,Fiber optic,Yes,Yes,Yes,No,No,Yes,Month-to-month,Yes,Credit card (automatic),119.53,4327.42,No
CUST-100478,Female,0,No,No,54,Yes,No,Fiber optic,Yes,No,No,Yes,No,No,Two year,No,Credit card (automatic),93.92,5158.43,No
CUST-100479,Male,0,No,Yes,21,Yes,No,Fiber optic,No,No,No,No,No,No,One year,Yes,Electronic check,85.12,1875.17,No
CUST-100480,Male,0,Yes,No,64,Yes,No,DSL,No,Yes,Yes,Yes,Yes,Yes,Month-to-month,No,Bank transfer (automatic),106.43,6545.91,Yes
CUST-100481,Female,0,Yes,No,38,Yes,No,DSL,Yes,No,No,No,Yes,No,One year,No,Mailed check,76.82,2780.63,Yes
CUST-100482,Male,0,Yes,No,39,Yes,No,No,No internet service,No internet service,No internet service,No internet service,No internet service,No internet service,One year,Yes,Electronic check,37.06,1377.37,No
CUST-100483,Female,0,Yes,No,8,Yes,No,Fiber optic,No,No,No,No,Yes,No,Month-to-month,No,Electronic check,97.78,759.25,Yes
CUST-100484,Male,0,No,No,45,Yes,No,Fiber optic,Yes,No,No,No,Yes,Yes,Month-to-month,No,Bank transfer (automatic),120.61,5466.48,No
CUST-100485,Male,0,Yes,No,59,No,No phone service,DSL,No,Yes,No,Yes,Yes,Yes,Month-to-month,Yes,Electronic check,72.19,4196.46,No
CUST-100486,Male,0,Yes,Yes,15,Yes,Yes,Fiber optic,No,No,No,No,No,No,Month-to-month,Yes,Credit card (automatic),91.74,1312.0,Yes
CUST-100487,Female,0,No,Yes,39,Yes,Yes,Fiber optic,No,No,No,No,No,No,One year,No,Electronic check,87.69,3503.75,Yes
CUST-100488,Female,1,Yes,No,0,Yes,No,No,No internet service,No internet service,No internet service,No internet service,No internet service,No internet service,One year,Yes,Bank transfer (automatic),38.25,0.0,No
CUST-100489,Female,1,No,No,15,Yes,No,DSL,No,No,No,No,Yes,Yes,Two year,Yes,Electronic check,77.66,1222.63,No
CUST-100490,Female,1,No,Yes,5,Yes,No,DSL,No,No,No,Yes,No,No,Month-to-month,No,Bank transfer (automatic),63.11,318.71,No
CUST-100491,Female,0,No,Yes,56,Yes,No,DSL,No,No,Yes,Yes,No,No,Month-to-month,Yes,Electronic check,68.74,3986.62,Yes
CUST-100492,Female,0,No,No,72,Yes,Yes,DSL,Yes,No,No,No,Yes,Yes,Month-to-month,Yes,Mailed check,83.57,6306.04,No
CUST-100493,Female,0,Yes,Yes,2,Yes,No,Fiber optic,Yes,No,No,No,Yes,Yes,Two year,No,Mailed check,112.62,232.79,No
CUST-100494,Male,0,No,Yes,51,Yes,No,Fiber optic,Yes,Yes,No,No,No,No,Month-to-month,Yes,Bank transfer (automatic),97.81,4975.83,No
CUST-100495,Male,0,No,Yes,43,Yes,No,Fiber optic,No,No,Yes,Yes,Yes,No,Month-to-month,Yes,Bank transfer (automatic),107.13,4615.05,No
CUST-100496,Male,0,Yes,No,51,Yes,No,No,No internet service,No internet service,No internet service,No internet service,No internet service,No internet service,One year,Yes,Electronic check,31.71,1687.97,No
CUST-100497,Male,0,No,No,36,Yes,Yes,No,No internet service,No internet service,No internet service,No internet service,No internet service,No internet service,One year,No,Electronic check,35.3,1301.24,No
CUST-100498,Female,0,No,No,72,Yes,No,Fiber optic,No,No,No,No,No,Yes,Month-to-month,Yes,Electronic check,96.08,6858.44,Yes
CUST-100499,Male,0,No,No,2,Yes,Yes,Fiber optic,No,No,Yes,Yes,No,Yes,One year,Yes,Electronic check,110.32,212.59,Yes
CUST-100500,Male,0,No,Yes,10,Yes,No,Fiber optic,No,No,Yes,No,Yes,No,Month-to-month,No,Electronic check,95.86,1006.0,No
CUST-100501,Female,0,Yes,No,18,Yes,No,Fiber optic,No,No,No,No,No,No,One year,No,Electronic check,94.78,1757.67,No
CUST-100502,Female,1,No,No,57,Yes,No,DSL,Yes,Yes,No,No,No,No,One year,Yes,Mailed check,73.89,4385.07,No
CUST-100503,Female,0,No,No,5,Yes,Yes,DSL,Yes,No,Yes,No,Yes,No,One year,No,Electronic check,89.23,459.29,Yes
CUST-100504,Male,0,No,No,9,Yes,No,DSL,No,No,Yes,Yes,Yes,Yes,Month-to-month,Yes,Mailed check,86.44,744.31,No
CUST-100505,Male,0,Yes,No,53,Yes,Yes,Fiber optic,No,No,No,Yes,No,No,One year,Yes,Bank transfer (automatic),84.5,4654.78,No
CUST-100506,Female,0,No,No,30,Yes,No,DSL,Yes,No,No,Yes,No,No,Month-to-month,Yes,Bank transfer (automatic),76.0,2215.64,No
CUST-100507,Male,0,No,No,51,Yes,Yes,Fiber optic,Yes,No,No,Yes,Yes,Yes,Month-to-month,Yes,Mailed check,124.69,6116.67,No
CUST-100508,Male,0,Yes,Yes,26,No,No phone service,No,No internet service,No internet service,No internet service,No internet service,No internet service,No internet service,Two year,No,Electronic check,19.87,493.88,No
CUST-100509,Male,0,No,Yes,6,Yes,No,Fiber optic,Yes,No,No,Yes,No,No,Month-to-month,Yes,Mailed check,108.31,644.72,No
CUST-100510,Female,0,No,No,43,Yes,No,DSL,No,Yes,No,Yes,No,Yes,One year,No,Electronic check,84.75,3712.44,Yes
CUST-100511,Female,0,No,No,7,Yes,No,Fiber optic,No,No,No,Yes,No,Yes,Month-to-month,Yes,Mailed check,95.48,666.68,Yes
CUST-100512,Female,1,No,No,34,Yes,No,Fiber optic,No,No,No,No,No,No,Month-to-month,Yes,Credit card (automatic),81.24,2743.64,Yes
CUST-100513,Female,0,Yes,Yes,64,Yes,Yes,DSL,No,No,No,No,Yes,Yes,Month-to-month,No,Bank transfer (automatic),71.19,4734.65,No
CUST-100514,Female,0,No,Yes,13,Yes,Yes,Fiber optic,No,No,Yes,Yes,Yes,Yes,Month-to-month,No,Credit card (automatic),115.72,1461.08,No
CUST-100515,Male,0,No,No,14,Yes,Yes,DSL,Yes,Yes,No,Yes,Yes,No,One year,Yes,Electronic check,102.25,1394.59,No
CUST-100516,Female,0,No,No,69,Yes,Yes,Fiber optic,Yes,No,Yes,Yes,Yes,No,Two year,Yes,Electronic check,108.36,7214.72,Yes
CUST-100517,Male,0,Yes,No,22,Yes,Yes,Fiber optic,No,No,No,No,Yes,Yes,Two year,Yes,Electronic check,101.29,2330.82,Yes
CUST-100518,Male,0,Yes,No,27,Yes,Yes,Fiber optic,No,No,No,No,Yes,Yes,Two year,No,Electronic check,104.96,2961.15,No
CUST-100519,Female,0,No,No,49,No,No phone service,No,No internet service,No internet service,No internet service,No internet service,No internet service,No internet service,Month-to-month,Yes,Electronic check,22.74,1067.32,No
CUST-100520,Male,0,Yes,No,9,Yes,No,DSL,No,No,No,Yes,Yes,No,Two year,Yes,Credit card (automatic),75.75,684.34,No
CUST-100521,Male,0,No,No,4,Yes,Yes,Fiber optic,No,No,Yes,No,No,Yes,Month-to-month,No,Mailed check,100.07,386.17,Yes
CUST-100522,Male,0,No,Yes,61,Yes,Yes,DSL,No,Yes,No,Yes,No,No,Month-to-month,No,Credit card (automatic),64.59,4004.81,No
CUST-100523,Female,1,No,No,69,Yes,No,No,No internet service,No internet service,No internet service,No internet service,No internet service,No internet service,Month-to-month,Yes,Credit card (automatic),38.26,2554.19,No
CUST-100524,Male,0,Yes,No,72,Yes,Yes,DSL,No,No,Yes,No,Yes,No,Month-to-month,No,Bank transfer (automatic),79.07,5631.61,Yes
CUST-100525,Male,1,No,No,1,Yes,Yes,Fiber optic,No,No,Yes,No,Yes,Yes,One year,Yes,Credit card (automatic),103.78,107.98,No
CUST-100526,Female,0,Yes,No,38,Yes,No,Fiber optic,No,Yes,No,No,Yes,Yes,Month-to-month,No,Electronic check,99.73,3802.44,No
CUST-100527,Male,0,No,Yes,61,Yes,No,No,No internet service,No internet service,No internet service,No internet service,No internet service,No internet service,Month-to-month,Yes,Credit card (automatic),40.8,2455.97,No
CUST-100528,Female,0,No,No,61,Yes,Yes,Fiber optic,Yes,No,No,No,No,No,Month-to-month,No,Bank transfer (automatic),98.96,5917.06,No
CUST-100529,Female,1,No,No,26,Yes,No,Fiber optic,No,No,No,No,Yes,No,Month-to-month,No,Bank transfer (automatic),98.38,2543.28,Yes
CUST-100530,Female,0,Yes,Yes,35,Yes,Yes,Fiber optic,Yes,Yes,No,No,No,No,Two year,No,Bank transfer (automatic),98.62,3422.59,No
CUST-100531,Male,0,Yes,No,10,Yes,No,Fiber optic,No,Yes,Yes,No,No,Yes,Month-to-month,Yes,Credit card (automatic),110.29,1127.01,Yes
CUST-100532,Male,0,No,Yes,10,Yes,Yes,DSL,Yes,Yes,Yes,No,Yes,No,Month-to-month,No,Credit card (automatic),92.17,947.25,No
CUST-100533,Male,0,No,No,27,Yes,No,DSL,No,Yes,No,No,No,Yes,One year,Yes,Electronic check,76.11,1963.81,Yes
CUST-100534,Female,0,No,No,16,Yes,No,DSL,No,Yes,Yes,No,Yes,No,Two year,Yes,Electronic check,82.25,1299.63,Yes
CUST-100535,Male,0,No,Yes,71,Yes,Yes,Fiber optic,No,No,No,No,No,No,Month-to-month,Yes,Electronic check,89.41,6211.15,Yes
CUST-100536,Male,0,No,No,5,Yes,No,Fiber optic,No,No,No,Yes,Yes,No,Month-to-month,No,Credit card (automatic),101.27,484.25,Yes
CUST-100537,Male,1,Yes,No,38,Yes,No,No,No internet service,No internet service,No internet service,No internet service,No internet service,No internet service,Two year,Yes,Electronic check,38.91,1509.87,No
CUST-100538,Female,0,No,No,40,Yes,Yes,Fiber optic,No,No,No,No,Yes,No,Month-to-month,No,Bank transfer (automatic),103.24,4259.17,Yes
CUST-100539,Male,0,No,No,4,Yes,No,DSL,No,No,No,No,No,No,Month-to-month,No,Mailed check,66.77,264.78,Yes
CUST-100540,Female,0,No,Yes,32,Yes,Yes,Fiber optic,No,No,No,No,Yes,No,Month-to-month,No,Credit card (automatic),99.08,3176.46,Yes
CUST-100541,Male,0,Yes,No,68,Yes,Yes,Fiber optic,Yes,No,Yes,No,No,No,Month-to-month,Yes,Credit card (automatic),95.85,6511.69,Yes
CUST-100542,Male,0,No,No,7,Yes,Yes,Fiber optic,No,No,Yes,No,Yes,No,Two year,No,Mailed check,98.58,714.97,Yes
CUST-100543,Male,1,Yes,Yes,10,Yes,No,Fiber optic,Yes,Yes,No,No,Yes,No,Two year,Yes,Mailed check,95.5,917.52,No
CUST-100544,Female,0,No,No,12,Yes,No,Fiber optic,Yes,No,No,No,Yes,No,Month-to-month,No,Credit card (automatic),104.58,1245.78,No
CUST-100545,Male,0,No,Yes,3,Yes,No,No,No internet service,No internet service,No internet service,No internet service,No internet service,No internet service,One year,Yes,Electronic check,38.16,112.7,No
CUST-100546,Male,0,No,Yes,64,Yes,No,DSL,Yes,Yes,No,No,No,No,Two year,No,Mailed check,77.71,4910.61,No
CUST-100547,Female,0,Yes,No,3,Yes,No,Fiber optic,No,Yes,No,Yes,Yes,No,One year,No,Credit card (automatic),104.81,315.3,No
CUST-100548,Female,0,Yes,No,20,No,No phone service,No,No internet service,No internet service,No internet service,No internet service,No internet service,No internet service,One year,Yes,Bank transfer (automatic),19.96,416.07,No
CUST-100549,Female,0,Yes,No,60,No,No phone service,DSL,Yes,Yes,No,No,No,No,Two year,Yes,Credit card (automatic),58.69,3457.38,No
CUST-100550,Female,1,Yes,No,72,Yes,No,Fiber optic,No,No,No,Yes,Yes,No,Month-to-month,Yes,Mailed check,110.01,7727.88,No
CUST-100551,Male,0,Yes,Yes,11,Yes,Yes,DSL,Yes,No,No,Yes,Yes,No,Month-to-month,No,Bank transfer (automatic),77.24,836.27,Yes
CUST-100552,Female,0,No,No,26,Yes,Yes,Fiber optic,No,No,No,No,No,No,One year,No,Credit card (automatic),89.96,2256.52,Yes
CUST-100553,Male,0,Yes,Yes,13,Yes,Yes,DSL,Yes,No,No,No,Yes,No,One year,Yes,Bank transfer (automatic),74.77,941.63,No
CUST-100554,Female,0,Yes,Yes,14,Yes,Yes,DSL,No,No,No,Yes,Yes,No,Month-to-month,No,Credit card (automatic),80.41,1178.63,Yes
CUST-100555,Female,1,No,Yes,68,Yes,No,Fiber optic,No,No,No,No,No,No,Month-to-month,Yes,Credit card (automatic),92.75,6428.12,No
CUST-100556,Female,0,Yes,Yes,24,No,No phone service,Fiber optic,Yes,Yes,No,No,No,No,One year,No,Electronic check,84.71,2077.71,Yes
CUST-100557,Female,1,Yes,No,44,Yes,Yes,DSL,No,Yes,No,No,Yes,No,Month-to-month,No,Electronic check,80.15,3369.11,Yes
CUST-100558,Female,0,No,No,11,Yes,Yes,Fiber optic,No,Yes,Yes,No,Yes,Yes,Two year,Yes,Bank transfer (automatic),108.49,1137.84,Yes
CUST-100559,Female,0,Yes,No,20,Yes,No,Fiber optic,No,No,No,No,Yes,No,Two year,No,Credit card (automatic),94.35,1841.33,No
CUST-100560,Female,1,Yes,No,26,Yes,Yes,DSL,No,No,No,Yes,No,No,Month-to-month,Yes,Credit card (automatic),75.4,1872.81,No
CUST-100561,Male,0,No,Yes,42,Yes,Yes,No,No internet service,No internet service,No internet service,No internet service,No internet service,No internet service,One year,Yes,Electronic check,39.71,1623.62,No
CUST-100562,Male,0,Yes,No,65,Yes,No,No,No internet service,No internet service,No internet service,No internet service,No internet service,No internet service,One year,No,Bank transfer (automatic),42.13,2814.9,No
CUST-100563,Male,0,Yes,No,17,Yes,No,Fiber optic,No,Yes,No,No,No,No,Month-to-month,Yes,Bank transfer (automatic),93.0,1626.66,No
CUST-100564,Female,0,Yes,No,47,Yes,No,No,No internet service,No internet service,No internet service,No internet service,No internet service,No internet service,Month-to-month,Yes,Mailed check,38.69,1736.67,No
CUST-100565,Male,0,Yes,No,36,Yes,Yes,No,No internet service,No internet service,No internet service,No internet service,No internet service,No internet service,Month-to-month,Yes,Bank transfer (automatic),43.69,1590.59,No
CUST-100566,Male,0,No,Yes,58,Yes,No,Fiber optic,No,Yes,No,No,Yes,Yes,Two year,No,Credit card (automatic),104.44,5838.62,No
CUST-100567,Male,0,Yes,No,24,Yes,No,No,No internet service,No internet service,No internet service,No internet service,No internet service,No internet service,Two year,No,Mailed check,43.03,1049.03,No
CUST-100568,Female,1,Yes,No,30,Yes,No,No,No internet service,No internet service,No internet service,No internet service,No internet service,No internet service,Month-to-month,No,Electronic check,41.75,1242.83,No
CUST-100569,Female,0,Yes,Yes,45,Yes,Yes,No,No internet service,No internet service,No internet service,No internet service,No internet service,No internet service,Two year,No,Mailed check,45.9,2040.83,No
CUST-100570,Female,0,No,No,32,Yes,Yes,DSL,No,No,No,No,Yes,Yes,One year,No,Electronic check,85.03,2815.03,No
CUST-100571,Male,0,Yes,No,55,Yes,No,No,No internet service,No internet service,No internet service,No internet service,No internet service,No internet service,Month-to-month,No,Bank transfer (automatic),36.02,1953.05,No
CUST-100572,Male,0,No,No,1,Yes,Yes,DSL,No,Yes,No,No,Yes,Yes,Month-to-month,No,Credit card (automatic),80.24,79.43,No
CUST-100573,Male,0,Yes,No,25,Yes,Yes,Fiber optic,Yes,No,No,No,Yes,Yes,Two year,Yes,Bank transfer (automatic),108.55,2622.1,No
CUST-100574,Male,0,No,No,12,Yes,No,DSL,Yes,No,No,Yes,No,Yes,Month-to-month,No,Credit card (automatic),79.18,966.78,No
CUST-100575,Male,0,Yes,No,10,Yes,No,No,No internet service,No internet service,No internet service,No internet service,No internet service,No internet service,One year,Yes,Bank transfer (automatic),43.39,445.86,No
CUST-100576,Female,0,Yes,No,3,Yes,No,No,No internet service,No internet service,No internet service,No internet service,No internet service,No internet service,One year,Yes,Mailed check,37.88,110.15,No
CUST-100577,Female,0,No,No,25,Yes,Yes,Fiber optic,No,Yes,No,No,No,No,One year,Yes,Mailed check,91.13,2307.39,No
CUST-100578,Female,0,Yes,Yes,15,No,No phone service,Fiber optic,No,Yes,No,No,No,No,Month-to-month,Yes,Mailed check,72.94,1050.15,No
CUST-100579,Male,0,No,No,55,Yes,Yes,DSL,Yes,No,Yes,Yes,Yes,Yes,Month-to-month,No,Mailed check,94.8,5374.53,No
CUST-100580,Male,0,No,No,36,Yes,Yes,DSL,Yes,No,Yes,Yes,No,No,Two year,Yes,Electronic check,93.92,3294.18,No
CUST-100581,Female,0,No,No,57,No,No phone service,No,No internet service,No internet service,No internet service,No internet service,No internet service,No internet service,Month-to-month,No,Bank transfer (automatic),18.31,1079.2,No
CUST-100582,Male,0,Yes,No,64,Yes,Yes,Fiber optic,Yes,No,Yes,No,No,Yes,Month-to-month,Yes,Electronic check,114.23,7391.12,Yes
CUST-100583,Male,0,No,No,57,Yes,Yes,Fiber optic,Yes,Yes,No,No,Yes,No,Month-to-month,No,Electronic check,106.75,6288.37,Yes
CUST-100584,Male,0,Yes,No,30,Yes,Yes,No,No internet service,No internet service,No internet service,No internet service,No internet service,No internet service,One year,Yes,Mailed check,43.19,1295.38,No
CUST-100585,Female,1,No,Yes,71,Yes,No,Fiber optic,No,Yes,No,Yes,No,No,Month-to-month,No,Credit card (automatic),104.25,7227.69,No
CUST-100586,Female,0,No,Yes,28,No,No phone service,Fiber optic,No,Yes,Yes,Yes,No,No,One year,Yes,Electronic check,91.64,2675.31,Yes
CUST-100587,Male,0,No,No,60,Yes,No,Fiber optic,No,No,No,No,No,No,Month-to-month,No,Credit card (automatic),89.17,5449.3,No
CUST-100588,Female,0,No,No,12,Yes,No,DSL,No,No,Yes,Yes,Yes,No,One year,No,Mailed check,73.23,887.04,No
CUST-100589,Female,0,No,No,70,Yes,No,No,No internet service,No internet service,No internet service,No internet service,No internet service,No internet service,Two year,No,Electronic check,38.91,2662.21,No
CUST-100590,Female,0,No,No,22,Yes,No,No,No internet service,No internet service,No internet service,No internet service,No internet service,No internet service,Month-to-month,No,Electronic check,42.1,930.34,No
CUST-100591,Female,0,Yes,No,45,Yes,No,Fiber optic,No,No,No,Yes,Yes,No,One year,Yes,Electronic check,106.2,4559.0,No
CUST-100592,Male,0,No,No,25,Yes,Yes,Fiber optic,Yes,Yes,Yes,No,No,No,One year,Yes,Mailed check,108.46,2805.97,No
CUST-100593,Female,0,Yes,No,16,Yes,No,Fiber optic,No,Yes,No,Yes,No,Yes,One year,Yes,Mailed check,96.79,1566.73,No
CUST-100594,Male,0,Yes,No,24,Yes,Yes,Fiber optic,Yes,No,Yes,Yes,Yes,Yes,Month-to-month,Yes,Bank transfer (automatic),127.08,3014.31,Yes
CUST-100595,Female,0,No,Yes,44,Yes,No,Fiber optic,Yes,Yes,No,Yes,No,Yes,One year,Yes,Electronic check,118.31,4980.07,No
CUST-100596,Female,0,Yes,Yes,8,No,No phone service,DSL,Yes,Yes,No,No,No,No,Month-to-month,No,Electronic check,54.05,445.89,No
CUST-100597,Female,0,No,No,14,No,No phone service,Fiber optic,Yes,No,Yes,No,No,Yes,Month-to-month,No,Electronic check,94.29,1347.12,Yes
CUST-100598,Female,0,Yes,No,67,No,No phone service,Fiber optic,Yes,No,No,No,No,No,Month-to-month,No,Credit card (automatic),75.19,5117.81,No
CUST-100599,Female,1,Yes,No,6,Yes,Yes,DSL,No,No,No,No,No,No,Month-to-month,No,Mailed check,66.92,407.68,Yes
CUST-100600,Female,0,No,No,52,Yes,No,Fiber optic,Yes,Yes,No,No,No,No,Month-to-month,Yes,Bank transfer (automatic),98.13,4952.89,No
CUST-100601,Female,0,Yes,No,21,Yes,No,Fiber optic,No,No,Yes,No,Yes,No,One year,Yes,Bank transfer (automatic),108.43,2242.23,No
CUST-100602,Female,0,No,Yes,23,Yes,No,No,No internet service,No internet service,No internet service,No internet service,No internet service,No internet service,One year,No,Electronic check,45.25,1049.74,No
CUST-100603,Male,0,No,No,26,Yes,Yes,No,No internet service,No internet service,No internet service,No internet service,No internet service,No internet service,Month-to-month,Yes,Electronic check,39.85,1035.7,No
CUST-100604,Female,1,No,Yes,27,Yes,No,Fiber optic,No,No,No,Yes,No,No,Month-to-month,Yes,Bank transfer (automatic),98.4,2748.62,Yes
CUST-100605,Female,0,Yes,No,51,Yes,Yes,Fiber optic,Yes,No,No,No,No,No,One year,No,Credit card (automatic),96.25,4836.68,No
CUST-100606,Male,0,No,Yes,58,Yes,Yes,No,No internet service,No internet service,No internet service,No internet service,No internet service,No internet service,Month-to-month,Yes,Credit card (automatic),41.53,2510.68,No
CUST-100607,Female,0,Yes,No,26,Yes,No,DSL,No,No,No,Yes,Yes,No,One year,Yes,Electronic check,87.16,2210.16,No
CUST-100608,Female,1,Yes,No,12,Yes,Yes,Fiber optic,No,Yes,No,Yes,No,Yes,Month-to-month,Yes,Electronic check,117.43,1473.83,Yes
CUST-100609,Female,0,Yes,No,0,Yes,No,Fiber optic,No,No,No,No,No,No,Two year,No,Mailed check,87.94,0.0,No
CUST-100610,Female,0,Yes,No,52,Yes,No,DSL,No,Yes,No,No,No,No,Month-to-month,Yes,Electronic check,67.33,3383.38,No
CUST-100611,Male,0,No,No,66,Yes,No,No,No internet service,No internet service,No internet service,No internet service,No internet service,No internet service,One year,No,Credit card (automatic),39.23,2592.78,Yes
CUST-100612,Female,0,Yes,No,2,Yes,No,DSL,No,Yes,No,No,No,Yes,Month-to-month,Yes,Electronic check,67.82,134.89,Yes
CUST-100613,Male,0,Yes,No,43,Yes,Yes,No,No internet service,No internet service,No internet service,No internet service,No internet service,No internet service,Month-to-month,No,Electronic check,37.23,1577.76,Yes
CUST-100614,Female,0,No,Yes,15,Yes,No,Fiber optic,No,Yes,Yes,No,No,No,Two year,No,Electronic check,89.48,1306.98,No
CUST-100615,Female,0,No,Yes,15,No,No phone service,Fiber optic,No,No,Yes,No,Yes,No,Two year,Yes,Credit card (automatic),83.01,1286.18,No
CUST-100616,Male,0,Yes,Yes,60,Yes,Yes,DSL,No,No,Yes,Yes,No,Yes,Month-to-month,No,Mailed check,84.35,5195.25,No
CUST-100617,Male,1,Yes,Yes,18,Yes,Yes,Fiber optic,No,No,Yes,Yes,Yes,No,Month-to-month,Yes,Electronic check,108.72,1955.0,No
CUST-100618,Male,0,Yes,No,22,Yes,No,No,No internet service,No internet service,No internet service,No internet service,No internet service,No internet service,Two year,Yes,Mailed check,46.05,1005.48,No
CUST-100619,Male,0,No,No,9,Yes,Yes,Fiber optic,No,No,No,No,Yes,No,Month-to-month,Yes,Electronic check,94.56,827.42,Yes
CUST-100620,Male,1,No,No,65,Yes,No,DSL,No,Yes,No,No,No,No,Two year,Yes,Electronic check,76.91,5160.02,Yes
CUST-100621,Male,0,No,No,66,Yes,No,Fiber optic,Yes,No,No,No,No,No,Month-to-month,No,Credit card (automatic),94.96,6072.48,No
CUST-100622,Male,1,No,No,66,No,No phone service,Fiber optic,No,Yes,Yes,No,No,No,Month-to-month,No,Bank transfer (automatic),82.09,5180.86,Yes
CUST-100623,Male,0,Yes,Yes,16,Yes,Yes,Fiber optic,No,No,No,No,No,No,Month-to-month,No,Bank transfer (automatic),88.21,1369.66,No
CUST-100624,Female,1,No,No,13,Yes,Yes,Fiber optic,No,No,No,No,No,No,Month-to-month,Yes,Mailed check,98.18,1256.44,Yes
CUST-100625,Male,0,Yes,No,68,Yes,No,DSL,Yes,Yes,No,No,No,No,Month-to-month,No,Mailed check,85.12,5622.19,No
CUST-100626,Male,0,Yes,No,44,Yes,Yes,DSL,Yes,No,No,No,Yes,No,Month-to-month,No,Bank transfer (automatic),72.62,3137.85,No
CUST-100627,Male,0,Yes,Yes,19,Yes,Yes,Fiber optic,No,No,No,Yes,No,Yes,Two year,Yes,Electronic check,101.96,1947.41,No
CUST-100628,Female,0,Yes,No,3,Yes,No,No,No internet service,No internet service,No internet service,No internet service,No internet service,No internet service,Month-to-month,No,Bank transfer (automatic),31.91,92.28,No
CUST-100629,Male,1,No,No,58,Yes,No,No,No internet service,No internet service,No internet service,No internet service,No internet service,No internet service,One year,No,Mailed check,42.26,2493.57,Yes
CUST-100630,Female,0,Yes,No,58,Yes,Yes,Fiber optic,Yes,No,Yes,Yes,Yes,No,Month-to-month,No,Electronic check,109.89,6115.83,No
CUST-100631,Male,0,Yes,Yes,0,Yes,No,Fiber optic,No,No,No,Yes,No,Yes,One year,No,Electronic check,108.46,0.0,No
CUST-100632,Male,0,Yes,Yes,34,Yes,Yes,Fiber optic,No,Yes,Yes,No,No,Yes,Month-to-month,Yes,Credit card (automatic),114.19,4069.43,Yes
CUST-100633,Male,0,No,No,35,Yes,No,Fiber optic,Yes,Yes,No,Yes,No,Yes,One year,No,Credit card (automatic),116.52,4219.9,No
CUST-100634,Male,0,No,No,33,Yes,No,No,No internet service,No internet service,No internet service,No internet service,No internet service,No internet service,One year,No,Electronic check,42.24,1330.2,No
CUST-100635,Female,0,No,Yes,26,Yes,Yes,Fiber optic,No,No,No,No,No,No,Two year,No,Electronic check,92.58,2453.78,Yes
CUST-100636,Male,0,No,No,23,Yes,No,DSL,No,No,Yes,Yes,No,No,Two year,Yes,Bank transfer (automatic),82.88,1910.08,No
CUST-100637,Male,1,No,No,24,Yes,No,Fiber optic,Yes,Yes,No,No,Yes,No,Month-to-month,Yes,Bank transfer (automatic),112.31,2652.17,Yes
CUST-100638,Female,0,Yes,No,67,Yes,No,DSL,No,No,No,No,Yes,Yes,Month-to-month,Yes,Mailed check,77.26,5286.53,Yes
CUST-100639,Female,0,Yes,No,72,Yes,Yes,Fiber optic,No,No,Yes,Yes,No,No,Month-to-month,Yes,Credit card (automatic),96.85,7253.72,No
CUST-100640,Female,0,Yes,No,8,Yes,No,No,No internet service,No internet service,No internet service,No internet service,No internet service,No internet service,One year,No,Credit card (automatic),34.33,284.15,No
CUST-100641,Female,0,Yes,No,52,Yes,No,Fiber optic,No,Yes,No,Yes,No,Yes,Month-to-month,No,Electronic check,107.79,5481.8,Yes
CUST-100642,Female,0,No,No,41,Yes,Yes,DSL,No,Yes,No,No,Yes,No,Two year,No,Electronic check,77.21,3048.37,Yes
CUST-100643,Male,0,Yes,Yes,18,No,No phone service,Fiber optic,No,No,Yes,No,No,Yes,Two year,Yes,Electronic check,85.11,1498.48,No
CUST-100644,Female,0,Yes,No,13,Yes,No,DSL,No,Yes,No,No,Yes,Yes,Month-to-month,No,Credit card (automatic),82.12,1089.82,Yes
CUST-100645,Male,0,No,Yes,54,Yes,No,Fiber optic,Yes,No,No,No,No,Yes,Month-to-month,Yes,Mailed check,93.68,4975.73,No
CUST-100646,Male,0,Yes,No,26,Yes,Yes,DSL,No,No,Yes,No,Yes,Yes,Month-to-month,Yes,Credit card (automatic),77.91,1982.74,No
CUST-100647,Female,0,Yes,No,9,Yes,Yes,Fiber optic,No,Yes,No,No,No,No,Month-to-month,Yes,Bank transfer (automatic),91.59,852.12,No
CUST-100648,Female,0,Yes,No,70,Yes,No,No,No internet service,No internet service,No internet service,No internet service,No internet service,No internet service,Month-to-month,No,Bank transfer (automatic),39.86,2918.11,No
CUST-100649,Female,0,No,No,67,Yes,No,DSL,Yes,No,No,No,No,Yes,Month-to-month,No,Electronic check,73.25,4942.5,No
CUST-100650,Male,0,Yes,No,30,Yes,No,Fiber optic,Yes,No,Yes,Yes,No,No,Two year,No,Electronic check,108.65,3332.18,No
CUST-100651,Female,0,Yes,Yes,31,Yes,Yes,Fiber optic,Yes,No,No,No,No,No,One year,Yes,Credit card (automatic),98.59,2990.34,No
CUST-100652,Male,0,Yes,Yes,30,Yes,Yes,Fiber optic,Yes,No,Yes,No,No,No,Month-to-month,Yes,Mailed check,109.68,3147.18,No
CUST-100653,Female,0,No,No,13,Yes,No,No,No internet service,No internet service,No internet service,No internet service,No internet service,No internet service,Month-to-month,No,Credit card (automatic),35.0,437.08,Yes
CUST-100654,Female,0,Yes,No,7,Yes,Yes,Fiber optic,Yes,Yes,No,No,Yes,Yes,One year,No,Electronic check,111.06,755.48,No
CUST-100655,Female,0,Yes,No,19,Yes,Yes,DSL,No,No,No,No,No,Yes,Month-to-month,No,Bank transfer (automatic),64.06,1162.84,No
CUST-100656,Female,1,No,No,28,Yes,No,Fiber optic,No,No,Yes,Yes,Yes,No,Two year,Yes,Bank transfer (automatic),115.83,3209.37,Yes
CUST-100657,Female,0,No,No,11,Yes,Yes,Fiber optic,No,No,No,Yes,No,Yes,Month-to-month,Yes,Electronic check,105.09,1106.06,Yes
CUST-100658,Male,0,Yes,No,2,Yes,No,No,No internet service,No internet service,No internet service,No internet service,No internet service,No internet service,Two year,No,Mailed check,43.19,87.47,No
CUST-100659,Male,0,Yes,No,67,Yes,No,No,No internet service,No internet service,No internet service,No internet service,No internet service,No internet service,One year,Yes,Credit card (automatic),39.94,2551.62,No
CUST-100660,Male,0,Yes,No,64,Yes,Yes,Fiber optic,No,Yes,No,Yes,Yes,Yes,Two year,Yes,Mailed check,122.18,8202.69,No
CUST-100661,Female,0,No,No,22,Yes,No,Fiber optic,No,No,No,Yes,Yes,No,One year,No,Mailed check,98.08,2176.81,No
CUST-100662,Male,1,Yes,No,44,Yes,No,Fiber optic,Yes,No,No,No,No,Yes,One year,No,Bank transfer (automatic),104.0,4533.61,No
CUST-100663,Male,0,No,No,10,Yes,No,No,No internet service,No internet service,No internet service,No internet service,No internet service,No internet service,Month-to-month,No,Bank transfer (automatic),45.5,437.63,No
CUST-100664,Female,0,No,Yes,67,Yes,No,Fiber optic,No,No,Yes,No,Yes,No,One year,Yes,Credit card (automatic),102.0,6771.12,No
CUST-100665,Female,0,No,Yes,59,Yes,Yes,Fiber optic,No,No,Yes,Yes,No,Yes,One year,No,Mailed check,110.57,6481.38,No
CUST-100666,Female,0,Yes,No,12,Yes,No,Fiber optic,Yes,No,No,Yes,No,Yes,Month-to-month,Yes,Mailed check,111.66,1312.11,No
CUST-100667,Female,0,No,No,15,Yes,No,DSL,Yes,Yes,No,No,No,No,One year,No,Mailed check,71.09,1114.07,No
CUST-100668,Female,0,No,No,24,Yes,Yes,Fiber optic,No,No,No,No,No,No,Month-to-month,Yes,Credit card (automatic),90.52,2070.99,Yes
CUST-100669,Male,0,No,No,6,No,No phone service,DSL,Yes,No,Yes,No,Yes,No,Month-to-month,Yes,Credit card (automatic),60.02,346.52,Yes
CUST-100670,Female,1,Yes,No,25,Yes,No,No,No internet service,No internet service,No internet service,No internet service,No internet service,No internet service,Month-to-month,Yes,Bank transfer (automatic),43.86,1150.09,No
CUST-100671,Female,0,No,No,48,Yes,Yes,Fiber optic,Yes,No,Yes,Yes,No,No,Month-to-month,Yes,Electronic check,101.34,4699.01,No
CUST-100672,Female,1,No,No,53,Yes,No,DSL,No,No,No,No,No,Yes,Month-to-month,Yes,Credit card (automatic),63.35,3314.4,No
CUST-100673,Male,0,No,No,0,Yes,Yes,No,No internet service,No internet service,No internet service,No internet service,No internet service,No internet service,Two year,Yes,Electronic check,40.46,0.0,Yes
CUST-100674,Female,0,No,No,25,Yes,Yes,No,No internet service,No internet service,No internet service,No internet service,No internet service,No internet service,Month-to-month,No,Electronic check,44.08,1081.6,Yes
CUST-100675,Female,0,No,Yes,60,Yes,No,DSL,No,No,No,Yes,Yes,Yes,Two year,Yes,Mailed check,79.14,4916.67,No
CUST-100676,Female,0,Yes,Yes,63,Yes,No,DSL,No,No,No,No,No,Yes,Two year,Yes,Bank transfer (automatic),75.47,4766.83,No
CUST-100677,Male,1,No,No,41,Yes,No,Fiber optic,Yes,Yes,Yes,No,No,No,Month-to-month,No,Electronic check,114.54,4463.82,No
CUST-100678,Female,0,No,No,53,Yes,No,Fiber optic,No,Yes,Yes,No,No,Yes,One year,No,Electronic check,109.29,5735.02,No
CUST-100679,Female,1,No,No,18,No,No phone service,DSL,No,No,No,No,No,No,Month-to-month,Yes,Bank transfer (automatic),45.16,815.83,Yes
CUST-100680,Female,0,Yes,No,63,No,No phone service,Fiber optic,No,No,No,No,No,No,Two year,Yes,Bank transfer (automatic),72.88,4592.66,No
CUST-100681,Male,0,Yes,No,34,Yes,No,Fiber optic,No,Yes,Yes,No,Yes,No,Month-to-month,Yes,Electronic check,115.91,3958.31,No
CUST-100682,Female,0,No,No,50,Yes,Yes,No,No internet service,No internet service,No internet service,No internet service,No internet service,No internet service,Month-to-month,Yes,Electronic check,46.48,2254.14,Yes
CUST-100683,Female,0,No,No,19,Yes,Yes,No,No internet service,No internet service,No internet service,No internet service,No internet service,No internet service,Month-to-month,Yes,Bank transfer (automatic),36.49,667.46,Yes
CUST-100684,Male,1,Yes,No,12,Yes,No,DSL,No,No,No,No,Yes,No,One year,No,Electronic check,62.67,751.2,No
CUST-100685,Female,0,Yes,Yes,38,Yes,Yes,Fiber optic,Yes,No,No,Yes,No,Yes,Month-to-month,Yes,Electronic check,104.81,3885.95,No
CUST-100686,Male,0,No,No,38,Yes,No,Fiber optic,No,No,No,No,Yes,Yes,Month-to-month,Yes,Credit card (automatic),102.54,4079.5,Yes
CUST-100687,Female,0,No,No,41,Yes,No,Fiber optic,No,Yes,No,Yes,Yes,Yes,Two year,No,Bank transfer (automatic),114.7,4536.43,No
CUST-100688,Male,0,Yes,No,58,No,No phone service,DSL,No,No,No,Yes,No,No,Month-to-month,Yes,Mailed check,53.85,2974.12,Yes
CUST-100689,Female,0,Yes,No,56,Yes,Yes,Fiber optic,Yes,Yes,No,No,Yes,No,One year,No,Bank transfer (automatic),111.79,6528.83,No
CUST-100690,Female,0,Yes,No,22,Yes,Yes,No,No internet service,No internet service,No internet service,No internet service,No internet service,No internet service,One year,Yes,Bank transfer (automatic),37.51,828.01,No
CUST-100691,Female,0,Yes,Yes,34,Yes,No,DSL,Yes,Yes,Yes,No,Yes,Yes,Month-to-month,No,Mailed check,98.97,3339.01,Yes
CUST-100692,Female,0,No,Yes,6,Yes,Yes,DSL,Yes,No,No,No,No,No,Month-to-month,Yes,Bank transfer (automatic),67.15,396.74,Yes
CUST-100693,Female,0,No,No,57,Yes,Yes,Fiber optic,No,No,Yes,No,No,No,Month-to-month,Yes,Bank transfer (automatic),103.03,6070.45,Yes
CUST-100694,Male,0,No,Yes,9,Yes,No,No,No internet service,No internet service,No internet service,No internet service,No internet service,No internet service,Two year,Yes,Electronic check,37.95,337.63,No
CUST-100695,Male,0,No,No,5,Yes,No,Fiber optic,No,No,No,No,Yes,No,One year,No,Mailed check,93.18,454.26,No
CUST-100696,Female,0,Yes,Yes,37,Yes,Yes,DSL,No,Yes,No,Yes,Yes,No,Month-to-month,Yes,Electronic check,79.19,2810.27,Yes
CUST-100697,Female,1,Yes,Yes,67,Yes,Yes,No,No internet service,No internet service,No internet service,No internet service,No internet service,No internet service,Two year,Yes,Credit card (automatic),36.7,2398.7,No
CUST-100698,Male,0,Yes,No,27,Yes,No,Fiber optic,No,Yes,No,No,No,No,Month-to-month,No,Bank transfer (automatic),104.94,2939.73,Yes
CUST-100699,Male,0,Yes,Yes,13,Yes,Yes,Fiber optic,No,No,No,No,Yes,No,Month-to-month,Yes,Credit card (automatic),99.14,1338.36,No
CUST-100700,Female,0,No,No,13,Yes,Yes,DSL,No,No,Yes,No,Yes,Yes,Month-to-month,Yes,Mailed check,83.75,1038.28,Yes
CUST-100701,Female,0,Yes,No,61,Yes,No,DSL,No,No,No,No,Yes,Yes,One year,No,Bank transfer (automatic),80.58,4832.26,Yes
CUST-100702,Male,0,No,No,48,Yes,No,Fiber optic,Yes,No,No,No,No,No,Month-to-month,Yes,Bank transfer (automatic),99.11,4693.27,No
CUST-100703,Male,0,Yes,Yes,36,Yes,No,No,No internet service,No internet service,No internet service,No internet service,No internet service,No internet service,One year,Yes,Electronic check,43.56,1606.46,No
CUST-100704,Male,0,Yes,Yes,67,Yes,No,Fiber optic,Yes,No,Yes,No,No,No,Month-to-month,No,Credit card (automatic),101.11,6578.65,Yes
CUST-100705,Female,0,Yes,No,7,Yes,Yes,No,No internet service,No internet service,No internet service,No internet service,No internet service,No internet service,One year,Yes,Mailed check,37.49,273.61,No
CUST-100706,Male,0,No,No,44,No,No phone service,Fiber optic,No,Yes,No,No,No,No,Two year,No,Mailed check,77.48,3309.14,No
CUST-100707,Female,0,No,No,26,Yes,Yes,Fiber optic,No,No,No,Yes,Yes,No,Month-to-month,Yes,Credit card (automatic),113.5,2980.86,No
CUST-100708,Male,0,No,Yes,17,No,No phone service,Fiber optic,No,No,No,No,No,No,Month-to-month,Yes,Bank transfer (automatic),69.05,1203.26,No
CUST-100709,Male,0,Yes,Yes,67,Yes,Yes,Fiber optic,No,No,No,No,No,No,One year,Yes,Mailed check,91.75,6233.69,No
CUST-100710,Female,0,No,Yes,69,No,No phone service,DSL,No,Yes,No,No,Yes,No,Month-to-month,No,Mailed check,55.83,4026.33,No
CUST-100711,Female,0,No,No,60,Yes,No,No,No internet service,No internet service,No internet service,No internet service,No internet service,No internet service,Month-to-month,Yes,Bank transfer (automatic),42.76,2481.91,Yes
CUST-100712,Female,0,Yes,Yes,10,Yes,No,DSL,No,Yes,No,No,No,No,One year,Yes,Mailed check,68.63,693.77,No
CUST-100713,Female,0,Yes,Yes,52,No,No phone service,No,No internet service,No internet service,No internet service,No internet service,No internet service,No internet service,Month-to-month,Yes,Bank transfer (automatic),24.29,1288.6,No
CUST-100714,Female,0,Yes,No,26,Yes,Yes,No,No internet service,No internet service,No internet service,No internet service,No internet service,No internet service,One year,Yes,Credit card (automatic),41.14,1100.81,No
CUST-100715,Female,0,Yes,No,27,Yes,No,DSL,No,No,No,No,No,Yes,Month-to-month,Yes,Electronic check,74.71,2019.21,No
CUST-100716,Female,0,No,No,14,Yes,Yes,DSL,No,No,Yes,No,Yes,No,Month-to-month,No,Bank transfer (automatic),83.7,1178.85,No
CUST-100717,Male,0,Yes,Yes,42,Yes,Yes,Fiber optic,No,No,No,No,No,Yes,One year,No,Electronic check,94.11,4128.37,Yes
CUST-100718,Male,1,No,No,62,Yes,Yes,Fiber optic,No,No,No,Yes,No,Yes,One year,Yes,Bank transfer (automatic),99.79,6400.04,No
CUST-100719,Female,0,No,Yes,16,Yes,Yes,Fiber optic,No,Yes,No,No,Yes,No,Month-to-month,Yes,Electronic check,101.81,1689.13,Yes
CUST-100720,Male,0,Yes,No,39,Yes,No,DSL,No,No,No,No,No,No,Month-to-month,Yes,Mailed check,66.69,2703.4,No
CUST-100721,Female,0,No,No,47,Yes,No,No,No internet service,No internet service,No internet service,No internet service,No internet service,No internet service,Month-to-month,Yes,Electronic check,34.47,1669.87,No
CUST-100722,Female,0,Yes,Yes,46,Yes,No,Fiber optic,No,No,No,Yes,No,No,Month-to-month,Yes,Electronic check,91.89,4113.73,Yes
CUST-100723,Male,0,No,No,19,Yes,No,Fiber optic,No,No,Yes,No,No,Yes,Two year,No,Bank transfer (automatic),109.38,1990.68,No
CUST-100724,Female,0,Yes,No,2,Yes,Yes,No,No internet service,No internet service,No internet service,No internet service,No internet service,No internet service,Month-to-month,Yes,Mailed check,45.71,95.56,Yes
CUST-100725,Male,1,Yes,No,60,Yes,No,Fiber optic,No,Yes,No,No,No,No,One year,Yes,Mailed check,95.3,5881.97,Yes
CUST-100726,Female,0,Yes,Yes,43,Yes,Yes,Fiber optic,Yes,Yes,Yes,Yes,Yes,No,Month-to-month,No,Credit card (automatic),115.94,5229.91,Yes
CUST-100727,Male,0,No,No,51,Yes,Yes,No,No internet service,No internet service,No internet service,No internet service,No internet service,No internet service,Month-to-month,Yes,Electronic check,39.51,1994.19,No
CUST-100728,Male,0,No,Yes,38,Yes,No,No,No internet service,No internet service,No internet service,No internet service,No internet service,No internet service,One year,No,Mailed check,42.02,1630.01,No
CUST-100729,Female,0,No,No,28,No,No phone service,No,No internet service,No internet service,No internet service,No internet service,No internet service,No internet service,One year,No,Mailed check,19.17,546.99,No
CUST-100730,Female,1,Yes,Yes,18,Yes,No,No,No internet service,No internet service,No internet service,No internet service,No internet service,No internet service,Month-to-month,Yes,Credit card (automatic),37.37,666.9,No
CUST-100731,Male,0,No,No,48,Yes,Yes,DSL,No,No,No,Yes,No,Yes,Month-to-month,No,Electronic check,76.73,3704.96,No
CUST-100732,Female,0,Yes,No,60,Yes,No,No,No internet service,No internet service,No internet service,No internet service,No internet service,No internet service,Month-to-month,Yes,Mailed check,40.6,2406.73,No
CUST-100733,Female,0,No,No,23,Yes,No,No,No internet service,No internet service,No internet service,No internet service,No internet service,No internet service,Month-to-month,Yes,Credit card (automatic),36.89,856.45,Yes
CUST-100734,Male,0,No,No,1,Yes,Yes,Fiber optic,No,No,No,No,Yes,Yes,One year,No,Mailed check,106.09,103.45,Yes
CUST-100735,Female,0,No,No,11,Yes,Yes,Fiber optic,No,No,No,Yes,No,No,Month-to-month,No,Credit card (automatic),93.87,1013.17,No
CUST-100736,Female,0,Yes,No,42,No,No phone service,Fiber optic,Yes,No,No,Yes,Yes,Yes,Month-to-month,Yes,Electronic check,85.73,3578.17,Yes
CUST-100737,Male,1,No,No,17,Yes,Yes,Fiber optic,No,No,No,No,Yes,No,Month-to-month,Yes,Electronic check,92.16,1633.06,No
CUST-100738,Female,0,No,No,59,Yes,Yes,DSL,No,No,No,No,No,Yes,Two year,No,Mailed check,72.81,4452.39,No
CUST-100739,Female,0,Yes,Yes,19,Yes,Yes,Fiber optic,No,Yes,Yes,No,Yes,Yes,Month-to-month,No,Electronic check,114.3,2226.34,Yes
CUST-100740,Female,0,No,No,36,Yes,Yes,Fiber optic,No,Yes,Yes,No,Yes,No,One year,Yes,Mailed check,111.0,3842.14,Yes
CUST-100741,Female,0,Yes,Yes,16,Yes,Yes,Fiber optic,No,Yes,No,No,No,No,Month-to-month,Yes,Electronic check,99.84,1540.97,Yes
CUST-100742,Female,0,No,No,33,Yes,No,No,No internet service,No internet service,No internet service,No internet service,No internet service,No internet service,Month-to-month,No,Mailed check,48.6,1573.32,No
CUST-100743,Male,0,No,No,49,Yes,No,DSL,No,No,Yes,No,No,No,Month-to-month,No,Credit card (automatic),70.86,3371.43,No
CUST-100744,Female,0,No,Yes,58,Yes,Yes,No,No internet service,No internet service,No internet service,No internet service,No internet service,No internet service,One year,Yes,Credit card (automatic),34.47,1972.62,No
CUST-100745,Male,0,Yes,No,53,Yes,No,Fiber optic,Yes,No,No,No,No,Yes,Month-to-month,Yes,Electronic check,108.36,5780.72,No
CUST-100746,Female,1,Yes,No,37,Yes,Yes,No,No internet service,No internet service,No internet service,No internet service,No internet service,No internet service,Two year,Yes,Electronic check,36.88,1321.91,No
CUST-100747,Male,0,No,No,33,Yes,No,DSL,No,Yes,Yes,Yes,Yes,Yes,Month-to-month,No,Credit card (automatic),97.94,3158.69,Yes
CUST-100748,Male,0,Yes,No,23,No,No phone service,DSL,Yes,No,No,No,Yes,Yes,Two year,No,Mailed check,58.65,1373.19,No
CUST-100749,Male,0,No,Yes,72,Yes,No,Fiber optic,Yes,Yes,No,Yes,Yes,No,Month-to-month,No,Bank transfer (automatic),114.01,7903.6,Yes
CUST-100750,Female,0,Yes,Yes,53,No,No phone service,Fiber optic,No,No,Yes,Yes,No,Yes,Month-to-month,Yes,Credit card (automatic),87.75,4647.91,No
CUST-100751,Male,0,No,Yes,65,Yes,No,Fiber optic,No,No,Yes,No,No,No,One year,Yes,Mailed check,94.99,5869.84,No
CUST-100752,Male,0,Yes,No,53,Yes,No,Fiber optic,No,No,Yes,No,No,Yes,Month-to-month,No,Mailed check,105.5,5414.94,No
CUST-100753,Female,0,Yes,Yes,6,Yes,Yes,Fiber optic,No,Yes,No,No,No,Yes,Month-to-month,No,Credit card (automatic),104.23,632.33,Yes
CUST-100754,Female,1,Yes,No,19,Yes,Yes,No,No internet service,No internet service,No internet service,No internet service,No internet service,No internet service,Two year,No,Mailed check,38.32,760.12,No
CUST-100755,Male,0,Yes,No,33,Yes,No,DSL,Yes,No,No,No,No,No,One year,No,Bank transfer (automatic),75.87,2401.92,No
CUST-100756,Female,0,Yes,No,22,Yes,Yes,DSL,No,No,No,No,Yes,No,Two year,No,Credit card (automatic),72.75,1605.59,No
CUST-100757,Male,0,Yes,No,66,Yes,Yes,No,No internet service,No internet service,No internet service,No internet service,No internet service,No internet service,Month-to-month,Yes,Mailed check,45.24,3122.81,No
CUST-100758,Male,1,No,No,35,Yes,Yes,Fiber optic,Yes,Yes,No,No,Yes,No,One year,Yes,Credit card (automatic),119.7,4391.96,Yes
CUST-100759,Female,0,Yes,No,16,Yes,No,Fiber optic,Yes,No,No,No,Yes,Yes,One year,Yes,Electronic check,101.49,1585.14,No
CUST-100760,Male,1,No,No,43,Yes,No,Fiber optic,No,Yes,No,Yes,No,Yes,One year,Yes,Credit card (automatic),115.01,5048.97,No
CUST-100761,Female,1,No,No,27,No,No phone service,DSL,No,No,Yes,No,No,Yes,One year,No,Electronic check,54.36,1419.14,No
CUST-100762,Female,0,No,No,9,Yes,No,Fiber optic,No,No,Yes,No,No,Yes,One year,Yes,Electronic check,93.61,818.83,Yes
CUST-100763,Female,0,Yes,No,69,No,No phone service,DSL,No,No,No,No,Yes,No,Two year,Yes,Bank transfer (automatic),48.94,3486.34,No
CUST-100764,Male,0,Yes,No,69,Yes,Yes,DSL,No,No,No,No,No,No,Month-to-month,Yes,Credit card (automatic),60.32,4306.53,No
CUST-100765,Female,0,Yes,No,56,Yes,No,DSL,No,Yes,No,No,No,No,Month-to-month,Yes,Bank transfer (automatic),68.23,3986.72,No
CUST-100766,Female,0,No,No,22,Yes,Yes,DSL,Yes,No,No,No,Yes,No,Month-to-month,Yes,Bank transfer (automatic),79.2,1678.13,No
CUST-100767,Male,0,No,No,60,Yes,No,No,No internet service,No internet service,No internet service,No internet service,No internet service,No internet service,Month-to-month,Yes,Credit card (automatic),38.17,2288.61,No
CUST-100768,Male,0,Yes,Yes,21,Yes,No,No,No internet service,No internet service,No internet service,No internet service,No internet service,No internet service,One year,Yes,Mailed check,35.04,722.54,No
CUST-100769,Male,0,Yes,No,64,Yes,No,DSL,Yes,No,No,No,Yes,No,Month-to-month,Yes,Credit card (automatic),80.86,5111.95,No
CUST-100770,Female,1,Yes,Yes,64,Yes,Yes,Fiber optic,No,No,Yes,No,No,Yes,Month-to-month,No,Electronic check,97.88,6472.82,Yes
CUST-100771,Female,0,Yes,No,12,Yes,Yes,Fiber optic,No,No,No,No,No,No,Two year,No,Electronic check,87.08,1074.12,No
CUST-100772,Male,0,No,Yes,22,Yes,No,DSL,No,Yes,Yes,No,Yes,No,Two year,Yes,Electronic check,89.31,2053.33,No
CUST-100773,Female,1,Yes,No,51,Yes,Yes,DSL,No,Yes,No,No,Yes,Yes,Month-to-month,No,Credit card (automatic),81.17,4269.05,No
CUST-100774,Female,0,Yes,Yes,17,Yes,Yes,Fiber optic,No,No,No,No,Yes,No,Month-to-month,Yes,Electronic check,100.41,1718.5,Yes
CUST-100775,Female,0,Yes,Yes,58,Yes,Yes,DSL,No,No,No,No,No,No,Month-to-month,No,Mailed check,61.45,3637.42,No
CUST-100776,Male,0,Yes,No,49,Yes,No,No,No internet service,No internet service,No internet service,No internet service,No internet service,No internet service,Month-to-month,No,Electronic check,44.99,2290.83,No
CUST-100777,Male,1,Yes,No,16,Yes,No,No,No internet service,No internet service,No internet service,No internet service,No internet service,No internet service,Month-to-month,No,Electronic check,44.25,683.99,No
CUST-100778,Male,0,Yes,Yes,56,Yes,No,Fiber optic,No,No,Yes,No,No,No,Month-to-month,Yes,Bank transfer (automatic),95.86,5355.99,Yes
CUST-100779,Female,0,Yes,Yes,3,No,No phone service,No,No internet service,No internet service,No internet service,No internet service,No internet service,No internet service,One year,Yes,Electronic check,19.11,56.31,No
CUST-100780,Female,0,Yes,Yes,28,Yes,No,DSL,No,No,No,Yes,Yes,Yes,Month-to-month,No,Credit card (automatic),87.14,2467.9,Yes
CUST-100781,Female,0,No,No,13,No,No phone service,Fiber optic,No,Yes,No,No,Yes,No,Month-to-month,No,Credit card (automatic),85.88,1082.55,No
CUST-100782,Male,0,No,No,0,Yes,Yes,DSL,No,No,No,No,No,No,One year,No,Bank transfer (automatic),64.91,0.0,No
CUST-100783,Male,0,Yes,No,54,No,No phone service,Fiber optic,No,No,No,Yes,No,No,Month-to-month,Yes,Mailed check,70.34,3838.54,Yes
CUST-100784,Male,1,No,No,11,Yes,No,Fiber optic,Yes,No,Yes,No,No,No,Month-to-month,No,Credit card (automatic),95.45,1090.47,Yes
CUST-100785,Female,0,Yes,No,50,Yes,No,DSL,No,Yes,No,No,Yes,No,Month-to-month,No,Mailed check,81.05,4053.0,No
CUST-100786,Male,1,No,No,5,Yes,Yes,Fiber optic,Yes,No,Yes,No,No,No,Month-to-month,No,Electronic check,103.72,539.79,Yes
CUST-100787,Female,0,No,No,65,No,No phone service,DSL,No,No,No,Yes,Yes,Yes,Month-to-month,No,Mailed check,68.49,4433.26,No
CUST-100788,Female,1,Yes,Yes,71,Yes,Yes,DSL,No,Yes,No,No,No,No,Month-to-month,Yes,Mailed check,73.9,5050.97,No
CUST-100789,Male,0,Yes,No,23,Yes,No,No,No internet service,No internet service,No internet service,No internet service,No internet service,No internet service,Month-to-month,Yes,Bank transfer (automatic),40.63,937.03,No
CUST-100790,Male,0,No,No,35,Yes,Yes,DSL,Yes,No,No,Yes,Yes,Yes,Two year,No,Mailed check,80.21,2818.5,No
CUST-100791,Male,0,Yes,No,45,Yes,Yes,DSL,No,No,No,Yes,Yes,No,Two year,No,Credit card (automatic),68.21,3030.14,No
CUST-100792,Female,0,Yes,No,43,No,No phone service,DSL,No,No,No,No,No,No,Month-to-month,Yes,Bank transfer (automatic),44.83,1898.61,Yes
CUST-100793,Female,0,No,No,1,Yes,No,Fiber optic,No,No,No,No,No,No,Two year,Yes,Electronic check,87.87,83.88,No
CUST-100794,Male,0,No,No,71,Yes,Yes,No,No internet service,No internet service,No internet service,No internet service,No internet service,No internet service,Month-to-month,No,Mailed check,39.97,2868.45,No
CUST-100795,Male,0,No,No,68,Yes,No,No,No internet service,No internet service,No internet service,No internet service,No internet service,No internet service,Month-to-month,Yes,Bank transfer (automatic),36.0,2365.27,No
CUST-100796,Female,0,No,Yes,35,Yes,No,Fiber optic,Yes,No,No,No,No,No,Month-to-month,No,Electronic check,97.2,3476.88,Yes
CUST-100797,Male,0,No,No,40,Yes,No,Fiber optic,No,Yes,No,No,No,No,Month-to-month,No,Electronic check,94.94,3807.34,Yes
CUST-100798,Male,0,No,No,12,No,No phone service,No,No internet service,No internet service,No internet service,No internet service,No internet service,No internet service,Month-to-month,Yes,Bank transfer (automatic),18.0,209.26,No
CUST-100799,Male,0,No,Yes,54,Yes,Yes,Fiber optic,No,No,No,No,Yes,Yes,Two year,No,Mailed check,94.11,4925.83,No
CUST-100800,Male,0,No,No,37,Yes,No,No,No internet service,No internet service,No internet service,No internet service,No internet service,No internet service,Month-to-month,Yes,Electronic check,46.54,1754.99,No
CUST-100801,Male,0,No,Yes,20,Yes,No,DSL,No,No,No,Yes,No,Yes,Month-to-month,Yes,Mailed check,85.88,1760.43,No
CUST-100802,Female,1,No,Yes,22,Yes,Yes,Fiber optic,No,No,Yes,Yes,No,No,Month-to-month,No,Mailed check,94.58,2120.09,No
CUST-100803,Female,0,No,No,5,Yes,No,DSL,No,No,No,No,No,Yes,Two year,Yes,Electronic check,70.89,342.75,No
CUST-100804,Female,0,No,No,57,No,No phone service,Fiber optic,Yes,Yes,Yes,No,No,No,Month-to-month,Yes,Credit card (automatic),84.21,4861.97,Yes
CUST-100805,Female,0,No,No,4,No,No phone service,No,No internet service,No internet service,No internet service,No internet service,No internet service,No internet service,Two year,No,Mailed check,22.33,92.7,No
CUST-100806,Female,0,Yes,No,41,Yes,Yes,Fiber optic,No,No,No,No,No,Yes,Month-to-month,Yes,Electronic check,86.82,3522.39,Yes
CUST-100807,Male,0,No,Yes,59,Yes,No,Fiber optic,Yes,No,No,No,Yes,No,One year,Yes,Credit card (automatic),105.52,6407.28,No
CUST-100808,Male,1,Yes,No,3,Yes,No,DSL,Yes,No,No,Yes,No,Yes,Month-to-month,Yes,Bank transfer (automatic),87.66,250.14,Yes
CUST-100809,Female,0,Yes,Yes,11,Yes,Yes,Fiber optic,Yes,No,No,No,No,No,Month-to-month,Yes,Credit card (automatic),103.89,1098.07,Yes
CUST-100810,Male,0,Yes,Yes,55,Yes,No,No,No internet service,No internet service,No internet service,No internet service,No internet service,No internet service,Month-to-month,Yes,Electronic check,42.73,2260.65,No
CUST-100811,Female,0,No,No,60,No,No phone service,DSL,No,No,Yes,No,Yes,No,Month-to-month,No,Mailed check,50.63,3117.19,No
CUST-100812,Female,0,No,No,5,Yes,No,DSL,Yes,No,No,No,Yes,Yes,Month-to-month,Yes,Bank transfer (automatic),78.19,396.89,Yes
CUST-100813,Male,0,Yes,Yes,19,Yes,No,Fiber optic,No,No,No,Yes,No,No,Month-to-month,Yes,Credit card (automatic),91.19,1656.16,Yes
CUST-100814,Female,0,Yes,Yes,44,Yes,No,Fiber optic,Yes,Yes,No,No,No,No,One year,No,Credit card (automatic),109.1,4830.18,No
CUST-100815,Female,0,Yes,No,39,Yes,No,Fiber optic,No,Yes,No,No,Yes,No,One year,Yes,Bank transfer (automatic),102.88,3941.07,No
CUST-100816,Male,1,Yes,Yes,37,No,No phone service,DSL,No,Yes,No,Yes,Yes,No,Month-to-month,Yes,Credit card (automatic),58.24,2092.35,No
CUST-100817,Male,0,Yes,No,19,Yes,No,Fiber optic,Yes,No,Yes,No,No,No,One year,No,Electronic check,109.25,2114.12,Yes
CUST-100818,Female,1,No,No,39,Yes,No,Fiber optic,No,No,No,No,Yes,No,One year,No,Bank transfer (automatic),92.59,3631.18,No
CUST-100819,Female,0,Yes,Yes,3,No,No phone service,Fiber optic,No,Yes,No,No,Yes,Yes,Two year,Yes,Bank transfer (automatic),84.26,252.18,No
CUST-100820,Male,0,Yes,No,63,Yes,Yes,DSL,No,No,No,Yes,No,Yes,Month-to-month,Yes,Electronic check,77.5,4950.86,No
CUST-100821,Female,0,Yes,No,39,Yes,No,DSL,No,No,No,No,No,No,Month-to-month,No,Electronic check,59.81,2372.32,Yes
CUST-100822,Male,0,No,No,27,Yes,No,Fiber optic,No,No,Yes,No,No,No,Two year,No,Electronic check,93.05,2422.47,No
CUST-100823,Female,0,No,No,26,No,No phone service,Fiber optic,No,No,No,No,Yes,No,Two year,Yes,Electronic check,73.77,1927.9,No
CUST-100824,Female,0,Yes,No,27,No,No phone service,DSL,No,No,Yes,Yes,Yes,No,Two year,Yes,Electronic check,54.53,1450.3,No
CUST-100825,Male,0,Yes,No,31,No,No phone service,No,No internet service,No internet service,No internet service,No internet service,No internet service,No internet service,One year,Yes,Electronic check,21.2,649.12,No
CUST-100826,Female,0,No,No,14,Yes,No,No,No internet service,No internet service,No internet service,No internet service,No internet service,No internet service,One year,No,Bank transfer (automatic),42.17,561.89,No
CUST-100827,Female,0,Yes,No,43,Yes,No,DSL,No,No,No,Yes,Yes,No,Two year,No,Mailed check,77.36,3191.41,No
CUST-100828,Female,1,No,Yes,13,Yes,No,Fiber optic,No,Yes,Yes,No,No,No,Month-to-month,Yes,Electronic check,91.71,1142.28,Yes
CUST-100829,Male,1,No,No,22,Yes,No,Fiber optic,No,No,No,No,Yes,No,Month-to-month,Yes,Bank transfer (automatic),95.85,2011.03,Yes
CUST-100830,Male,0,No,Yes,63,Yes,Yes,Fiber optic,Yes,No,No,Yes,No,Yes,Two year,No,Electronic check,111.72,6703.56,No
CUST-100831,Male,1,No,No,41,Yes,No,Fiber optic,No,No,Yes,Yes,Yes,Yes,Two year,Yes,Mailed check,113.26,4713.21,Yes
CUST-100832,Male,0,Yes,No,65,Yes,Yes,Fiber optic,No,Yes,Yes,No,No,No,Month-to-month,No,Credit card (automatic),103.47,6907.13,Yes
CUST-100833,Male,0,Yes,No,48,Yes,Yes,Fiber optic,Yes,No,No,No,No,No,Month-to-month,No,Bank transfer (automatic),102.41,4868.24,No
CUST-100834,Female,1,Yes,Yes,57,No,No phone service,DSL,No,No,Yes,No,No,Yes,Two year,No,Bank transfer (automatic),51.1,2911.08,No
CUST-100835,Female,0,Yes,No,6,Yes,No,Fiber optic,Yes,Yes,Yes,No,Yes,No,Month-to-month,Yes,Bank transfer (automatic),104.11,651.69,Yes
CUST-100836,Female,0,Yes,No,36,Yes,Yes,Fiber optic,Yes,No,Yes,No,No,Yes,One year,No,Electronic check,109.12,3925.32,No
CUST-100837,Male,0,Yes,No,25,Yes,No,DSL,No,No,No,Yes,No,Yes,Month-to-month,Yes,Mailed check,82.72,2154.88,No
CUST-100838,Male,0,No,No,1,Yes,No,Fiber optic,No,Yes,No,No,No,Yes,Month-to-month,No,Electronic check,109.74,114.6,Yes
CUST-100839,Female,0,Yes,No,6,Yes,Yes,DSL,No,No,No,Yes,No,Yes,One year,Yes,Mailed check,79.92,465.14,No
CUST-100840,Male,0,No,No,13,Yes,No,Fiber optic,No,No,No,Yes,No,No,Two year,Yes,Credit card (automatic),93.57,1268.93,No
CUST-100841,Female,0,Yes,No,0,Yes,No,DSL,No,No,Yes,No,No,Yes,Month-to-month,Yes,Bank transfer (automatic),82.35,0.0,Yes
CUST-100842,Female,0,Yes,Yes,31,No,No phone service,Fiber optic,Yes,No,No,No,No,Yes,Month-to-month,No,Bank transfer (automatic),85.14,2607.1,Yes
CUST-100843,Male,0,Yes,No,3,Yes,No,Fiber optic,No,Yes,No,No,No,No,Month-to-month,Yes,Bank transfer (automatic),108.96,338.67,Yes
CUST-100844,Male,0,No,No,60,Yes,No,Fiber optic,No,No,Yes,Yes,Yes,No,Month-to-month,Yes,Bank transfer (automatic),106.67,6321.79,Yes
CUST-100845,Male,1,No,Yes,43,Yes,Yes,Fiber optic,No,Yes,No,Yes,No,Yes,Two year,No,Mailed check,113.67,4847.31,No
CUST-100846,Male,0,No,No,70,Yes,No,Fiber optic,No,No,Yes,No,No,No,Month-to-month,Yes,Credit card (automatic),90.73,6397.61,Yes
CUST-100847,Male,1,Yes,No,6,Yes,No,No,No internet service,No internet service,No internet service,No internet service,No internet service,No internet service,Two year,Yes,Bank transfer (automatic),36.1,218.89,No
CUST-100848,Female,0,Yes,Yes,5,Yes,Yes,Fiber optic,No,No,No,No,Yes,Yes,Two year,Yes,Bank transfer (automatic),101.54,505.14,No
CUST-100849,Female,0,No,No,63,Yes,Yes,Fiber optic,No,No,Yes,No,No,Yes,Month-to-month,No,Electronic check,99.09,5999.04,Yes
CUST-100850,Female,0,Yes,No,28,Yes,Yes,No,No internet service,No internet service,No internet service,No internet service,No internet service,No internet service,Month-to-month,No,Mailed check,42.84,1236.46,No
CUST-100851,Female,0,Yes,No,55,Yes,No,Fiber optic,Yes,No,No,Yes,No,No,Two year,No,Mailed check,100.8,5503.47,No
CUST-100852,Female,0,Yes,No,13,Yes,Yes,Fiber optic,Yes,No,Yes,No,No,No,Month-to-month,No,Electronic check,100.09,1365.89,No
CUST-100853,Male,0,Yes,No,0,Yes,No,Fiber optic,Yes,Yes,No,No,Yes,No,Two year,No,Bank transfer (automatic),104.37,0.0,No
CUST-100854,Male,1,Yes,No,36,Yes,No,DSL,No,No,No,Yes,Yes,No,Month-to-month,Yes,Credit card (automatic),66.92,2320.7,Yes
CUST-100855,Female,0,Yes,Yes,41,Yes,No,DSL,Yes,Yes,No,No,Yes,No,Month-to-month,Yes,Bank transfer (automatic),85.2,3587.81,Yes
CUST-100856,Male,1,No,Yes,8,Yes,No,Fiber optic,Yes,No,No,Yes,No,No,Month-to-month,No,Electronic check,108.73,861.8,Yes
CUST-100857,Male,0,No,Yes,0,Yes,No,Fiber optic,Yes,No,Yes,No,No,No,Month-to-month,No,Electronic check,109.53,0.0,Yes
CUST-100858,Female,0,Yes,Yes,15,Yes,No,Fiber optic,No,Yes,No,Yes,Yes,Yes,One year,Yes,Mailed check,107.57,1672.88,No
CUST-100859,Female,0,Yes,Yes,7,Yes,No,DSL,No,No,No,No,No,No,One year,No,Electronic check,59.31,408.35,No
CUST-100860,Female,0,No,No,72,Yes,No,No,No internet service,No internet service,No internet service,No internet service,No internet service,No internet service,Month-to-month,Yes,Electronic check,36.71,2736.66,No
CUST-100861,Female,0,Yes,No,72,Yes,No,Fiber optic,Yes,No,Yes,Yes,Yes,Yes,Month-to-month,Yes,Electronic check,104.2,7312.86,No
CUST-100862,Male,0,No,Yes,1,Yes,No,Fiber optic,No,No,Yes,Yes,No,No,Month-to-month,Yes,Mailed check,95.88,99.66,Yes
CUST-100863,Female,1,Yes,No,33,Yes,Yes,DSL,No,No,No,No,Yes,No,Two year,No,Electronic check,68.24,2228.86,Yes
CUST-100864,Female,0,No,Yes,28,Yes,No,Fiber optic,Yes,No,Yes,No,No,Yes,Two year,Yes,Electronic check,98.2,2661.46,Yes
CUST-100865,Female,0,No,No,1,No,No phone service,DSL,No,Yes,Yes,Yes,No,No,One year,Yes,Credit card (automatic),67.65,70.05,Yes
CUST-100866,Female,0,Yes,No,48,Yes,No,Fiber optic,No,Yes,No,Yes,Yes,No,Two year,Yes,Credit card (automatic),105.76,5076.09,No
CUST-100867,Female,0,No,No,62,Yes,No,No,No internet service,No internet service,No internet service,No internet service,No internet service,No internet service,Month-to-month,No,Credit card (automatic),45.17,2856.33,No
CUST-100868,Male,0,No,Yes,44,Yes,No,Fiber optic,Yes,No,Yes,Yes,No,Yes,Month-to-month,Yes,Electronic check,117.44,5116.07,No
CUST-100869,Male,0,No,No,66,No,No phone service,No,No internet service,No internet service,No internet service,No internet service,No internet service,No internet service,Month-to-month,Yes,Electronic check,20.74,1350.71,No
CUST-100870,Male,0,Yes,No,46,No,No phone service,Fiber optic,No,No,No,No,Yes,Yes,Two year,No,Bank transfer (automatic),84.06,3852.75,No
CUST-100871,Male,0,Yes,Yes,40,Yes,No,DSL,No,No,Yes,No,Yes,Yes,Month-to-month,No,Bank transfer (automatic),80.77,3319.13,No
CUST-100872,Male,0,Yes,No,69,Yes,Yes,No,No internet service,No internet service,No internet service,No internet service,No internet service,No internet service,Two year,Yes,Bank transfer (automatic),38.74,2564.71,No
CUST-100873,Male,0,No,No,51,Yes,Yes,No,No internet service,No internet service,No internet service,No internet service,No internet service,No internet service,Month-to-month,Yes,Credit card (automatic),40.58,2049.78,No
CUST-100874,Female,0,Yes,Yes,55,Yes,No,Fiber optic,No,Yes,No,No,No,Yes,Month-to-month,No,Mailed check,97.62,5388.39,No
CUST-100875,Female,0,Yes,No,56,No,No phone service,DSL,No,No,No,No,No,No,Month-to-month,Yes,Credit card (automatic),46.75,2733.77,No
CUST-100876,Female,0,No,No,2,Yes,No,Fiber optic,No,Yes,No,No,Yes,Yes,One year,Yes,Bank transfer (automatic),108.57,225.1,Yes
CUST-100877,Female,0,Yes,No,53,Yes,Yes,DSL,Yes,No,Yes,No,No,Yes,Month-to-month,Yes,Electronic check,78.75,4099.17,Yes
CUST-100878,Female,1,No,No,54,Yes,Yes,No,No internet service,No internet service,No internet service,No internet service,No internet service,No internet service,Two year,No,Mailed check,45.74,2478.07,No
CUST-100879,Female,0,Yes,No,36,No,No phone service,Fiber optic,Yes,No,Yes,Yes,Yes,No,One year,No,Mailed check,93.18,3406.6,No
CUST-100880,Male,0,No,Yes,41,Yes,Yes,DSL,Yes,No,Yes,Yes,No,Yes,Month-to-month,Yes,Electronic check,94.6,3690.74,No
CUST-100881,Female,0,Yes,Yes,60,Yes,Yes,DSL,Yes,Yes,Yes,No,Yes,No,One year,Yes,Mailed check,96.71,5540.61,No
CUST-100882,Male,0,Yes,No,10,Yes,No,DSL,No,Yes,Yes,Yes,Yes,No,Month-to-month,Yes,Bank transfer (automatic),93.09,922.55,No
CUST-100883,Male,0,No,No,38,Yes,Yes,Fiber optic,No,Yes,No,Yes,No,No,Two year,No,Mailed check,100.15,3701.49,No
CUST-100884,Female,1,Yes,No,56,No,No phone service,DSL,Yes,Yes,No,No,Yes,Yes,Month-to-month,No,Credit card (automatic),74.55,4039.74,No
CUST-100885,Female,1,Yes,Yes,18,Yes,Yes,Fiber optic,No,Yes,Yes,No,Yes,No,One year,Yes,Electronic check,109.52,1985.07,Yes
CUST-100886,Male,0,Yes,No,19,Yes,No,Fiber optic,No,No,Yes,Yes,No,No,Month-to-month,No,Credit card (automatic),99.28,1963.61,Yes
CUST-100887,Male,0,No,No,0,Yes,No,Fiber optic,No,Yes,Yes,Yes,No,Yes,Month-to-month,Yes,Electronic check,115.73,0.0,Yes
CUST-100888,Male,0,Yes,No,22,Yes,Yes,Fiber optic,Yes,Yes,Yes,No,No,No,One year,Yes,Credit card (automatic),105.65,2378.91,Yes
CUST-100889,Male,0,Yes,No,26,Yes,No,DSL,No,No,No,No,No,No,Month-to-month,Yes,Electronic check,67.07,1691.91,No
CUST-100890,Male,0,Yes,Yes,69,Yes,No,DSL,No,No,Yes,No,Yes,No,One year,No,Mailed check,78.66,5584.81,Yes
CUST-100891,Female,0,Yes,Yes,6,Yes,No,DSL,No,No,No,No,No,No,Month-to-month,No,Credit card (automatic),62.18,356.75,No
CUST-100892,Female,0,No,Yes,47,Yes,Yes,No,No internet service,No internet service,No internet service,No internet service,No internet service,No internet service,Month-to-month,Yes,Electronic check,37.98,1831.69,No
CUST-100893,Female,0,Yes,No,4,No,No phone service,Fiber optic,No,No,Yes,No,Yes,No,Month-to-month,Yes,Credit card (automatic),77.64,296.11,No
CUST-100894,Female,0,No,No,58,Yes,No,DSL,Yes,No,Yes,No,Yes,No,One year,No,Mailed check,84.22,5110.34,No
CUST-100895,Female,0,No,No,34,Yes,Yes,Fiber optic,No,Yes,No,Yes,Yes,Yes,Month-to-month,Yes,Mailed check,119.66,4089.74,No
CUST-100896,Female,0,No,No,31,Yes,Yes,DSL,No,No,Yes,No,No,No,Month-to-month,Yes,Bank transfer (automatic),74.42,2245.43,No
CUST-100897,Male,0,No,No,68,Yes,No,Fiber optic,No,No,No,Yes,No,Yes,Month-to-month,No,Electronic check,97.27,6452.73,Yes
CUST-100898,Male,0,Yes,No,54,Yes,Yes,DSL,No,No,No,No,No,Yes,Month-to-month,No,Bank transfer (automatic),71.13,3654.35,No
CUST-100899,Female,0,No,No,7,Yes,No,No,No internet service,No internet service,No internet service,No internet service,No internet service,No internet service,One year,Yes,Electronic check,29.51,208.82,No
CUST-100900,Male,0,No,No,19,Yes,No,Fiber optic,No,No,No,No,No,No,Two year,Yes,Bank transfer (automatic),84.87,1558.67,No
CUST-100901,Male,0,No,No,19,Yes,No,Fiber optic,No,No,No,No,Yes,Yes,One year,No,Bank transfer (automatic),105.07,2061.89,No
CUST-100902,Male,0,Yes,Yes,44,Yes,Yes,DSL,No,Yes,Yes,No,No,No,Month-to-month,Yes,Electronic check,70.93,3112.9,No
CUST-100903,Female,0,Yes,Yes,60,Yes,Yes,DSL,Yes,No,Yes,Yes,Yes,No,Month-to-month,No,Electronic check,88.23,5257.32,Yes
CUST-100904,Male,0,No,Yes,46,Yes,Yes,DSL,No,No,No,No,No,Yes,One year,No,Bank transfer (automatic),76.37,3543.66,No
CUST-100905,Female,0,Yes,No,29,Yes,Yes,No,No internet service,No internet service,No internet service,No internet service,No internet service,No internet service,Two year,No,Electronic check,39.0,1165.99,No
CUST-100906,Male,1,No,No,54,Yes,No,No,No internet service,No internet service,No internet service,No internet service,No internet service,No internet service,Month-to-month,Yes,Bank transfer (automatic),47.01,2501.84,Yes
CUST-100907,Male,0,Yes,No,55,No,No phone service,DSL,No,No,No,Yes,No,No,One year,No,Credit card (automatic),51.51,2860.85,No
CUST-100908,Male,1,No,Yes,5,Yes,No,No,No internet service,No internet service,No internet service,No internet service,No internet service,No internet service,Month-to-month,No,Electronic check,41.48,214.02,No
CUST-100909,Male,0,Yes,No,39,Yes,No,Fiber optic,Yes,Yes,No,Yes,No,Yes,Month-to-month,No,Mailed check,115.27,4557.12,No
CUST-100910,Female,0,Yes,No,51,Yes,Yes,No,No internet service,No internet service,No internet service,No internet service,No internet service,No internet service,Month-to-month,Yes,Credit card (automatic),45.17,2227.03,No
CUST-100911,Male,0,Yes,No,44,No,No phone service,No,No internet service,No internet service,No internet service,No internet service,No internet service,No internet service,Month-to-month,No,Credit card (automatic),18.3,782.44,No
CUST-100912,Male,0,No,No,17,No,No phone service,No,No internet service,No internet service,No internet service,No internet service,No internet service,No internet service,Month-to-month,Yes,Electronic check,22.71,371.67,Yes
CUST-100913,Female,0,No,Yes,11,Yes,No,Fiber optic,Yes,No,No,No,Yes,No,Month-to-month,Yes,Credit card (automatic),101.57,1145.06,No
CUST-100914,Female,0,No,Yes,21,Yes,No,Fiber optic,No,Yes,Yes,No,Yes,No,Month-to-month,Yes,Electronic check,112.62,2295.88,Yes
CUST-100915,Male,0,No,No,25,Yes,No,Fiber optic,No,No,Yes,No,No,No,Month-to-month,Yes,Bank transfer (automatic),95.98,2335.77,No
CUST-100916,Female,0,No,Yes,67,Yes,No,DSL,No,No,Yes,No,No,No,Month-to-month,Yes,Mailed check,70.31,4502.81,No
CUST-100917,Female,0,No,No,45,Yes,No,Fiber optic,No,Yes,Yes,Yes,Yes,No,Month-to-month,No,Electronic check,125.86,5662.73,Yes
CUST-100918,Male,0,No,No,61,Yes,No,No,No internet service,No internet service,No internet service,No internet service,No internet service,No internet service,Two year,Yes,Mailed check,45.19,2784.8,Yes
CUST-100919,Female,0,No,Yes,1,Yes,No,DSL,No,Yes,No,No,No,No,One year,Yes,Electronic check,63.11,61.06,No
CUST-100920,Female,0,No,No,57,Yes,No,Fiber optic,No,Yes,Yes,No,No,Yes,Month-to-month,No,Mailed check,100.41,5729.33,No
CUST-100921,Female,0,Yes,Yes,13,Yes,Yes,DSL,Yes,Yes,No,No,No,No,Month-to-month,Yes,Mailed check,75.4,1003.47,No
CUST-100922,Male,0,No,No,41,Yes,No,Fiber optic,Yes,Yes,Yes,No,No,No,Month-to-month,Yes,Credit card (automatic),108.87,4511.69,Yes
CUST-100923,Male,0,Yes,No,28,Yes,No,DSL,No,Yes,Yes,No,Yes,Yes,Month-to-month,No,Mailed check,96.39,2608.44,Yes
CUST-100924,Male,0,Yes,No,63,No,No phone service,No,No internet service,No internet service,No internet service,No internet service,No internet service,No internet service,Month-to-month,Yes,Bank transfer (automatic),18.98,1238.24,No
CUST-100925,Female,0,No,Yes,49,Yes,Yes,No,No internet service,No internet service,No internet service,No internet service,No internet service,No internet service,Month-to-month,Yes,Electronic check,37.44,1815.83,Yes
CUST-100926,Female,0,No,No,33,Yes,Yes,DSL,No,Yes,No,Yes,No,No,Month-to-month,Yes,Credit card (automatic),81.42,2799.08,No
CUST-100927,Male,0,Yes,No,37,Yes,Yes,DSL,No,No,Yes,No,No,No,One year,No,Mailed check,69.96,2682.79,No
CUST-100928,Male,0,Yes,No,51,Yes,No,DSL,Yes,No,Yes,No,Yes,No,Month-to-month,Yes,Electronic check,89.15,4610.32,Yes
CUST-100929,Female,0,No,No,52,Yes,No,DSL,No,No,Yes,No,Yes,No,Month-to-month,No,Bank transfer (automatic),81.53,4240.31,Yes
CUST-100930,Female,0,Yes,No,41,Yes,No,Fiber optic,No,No,No,No,No,No,Month-to-month,No,Electronic check,84.56,3595.29,Yes
CUST-100931,Female,1,Yes,No,53,Yes,No,DSL,No,Yes,No,No,Yes,Yes,Two year,No,Electronic check,84.62,4526.68,No
CUST-100932,Male,0,No,No,57,Yes,Yes,Fiber optic,Yes,No,No,No,No,No,One year,No,Electronic check,91.75,5256.4,No
CUST-100933,Female,0,No,No,2,Yes,No,DSL,No,No,No,No,No,No,One year,Yes,Mailed check,65.43,129.09,No
CUST-100934,Male,0,No,No,26,Yes,Yes,DSL,No,No,Yes,No,No,No,Two year,No,Electronic check,68.21,1825.66,No
CUST-100935,Female,0,No,No,65,Yes,Yes,No,No internet service,No internet service,No internet service,No internet service,No internet service,No internet service,Month-to-month,No,Bank transfer (automatic),46.61,3140.63,No
CUST-100936,Male,0,Yes,Yes,23,Yes,No,No,No internet service,No internet service,No internet service,No internet service,No internet service,No internet service,Month-to-month,No,Electronic check,45.12,1048.21,No
CUST-100937,Male,0,Yes,No,60,Yes,Yes,DSL,No,No,Yes,No,No,No,One year,No,Electronic check,76.5,4631.43,No
CUST-100938,Male,0,No,Yes,40,Yes,Yes,Fiber optic,No,No,No,No,No,No,Month-to-month,Yes,Electronic check,87.56,3581.86,No
CUST-100939,Female,0,No,Yes,19,No,No phone service,DSL,No,No,Yes,No,Yes,No,One year,No,Mailed check,52.87,1020.78,No
CUST-100940,Female,0,Yes,No,25,Yes,No,No,No internet service,No internet service,No internet service,No internet service,No internet service,No internet service,Month-to-month,No,Electronic check,43.86,1112.62,No
CUST-100941,Male,0,Yes,Yes,35,Yes,No,No,No internet service,No internet service,No internet service,No internet service,No internet service,No internet service,Month-to-month,No,Electronic check,38.08,1317.52,No
CUST-100942,Female,1,Yes,Yes,9,Yes,No,Fiber optic,No,No,Yes,Yes,No,Yes,Month-to-month,No,Electronic check,103.9,920.87,No
CUST-100943,Male,1,Yes,No,22,Yes,Yes,Fiber optic,No,No,No,No,No,No,Month-to-month,Yes,Credit card (automatic),89.74,1934.72,No
CUST-100944,Male,0,Yes,No,49,Yes,Yes,No,No internet service,No internet service,No internet service,No internet service,No internet service,No internet service,One year,No,Electronic check,44.67,2222.56,Yes
CUST-100945,Male,0,Yes,Yes,66,Yes,No,DSL,No,No,Yes,No,Yes,No,Month-to-month,Yes,Electronic check,82.44,5640.31,Yes
CUST-100946,Female,0,No,No,69,Yes,No,Fiber optic,Yes,No,Yes,Yes,Yes,No,Month-to-month,Yes,Bank transfer (automatic),113.54,7645.82,No
CUST-100947,Male,0,Yes,Yes,27,Yes,No,DSL,No,No,No,Yes,Yes,No,Month-to-month,Yes,Mailed check,68.01,1863.95,No
CUST-100948,Female,0,No,No,57,Yes,Yes,DSL,No,Yes,Yes,No,Yes,Yes,Two year,Yes,Electronic check,91.03,5195.83,No
CUST-100949,Male,0,No,No,28,Yes,Yes,Fiber optic,No,No,No,No,No,Yes,One year,Yes,Credit card (automatic),94.35,2652.82,Yes
CUST-100950,Male,1,No,Yes,58,Yes,Yes,DSL,No,No,Yes,Yes,No,Yes,One year,Yes,Bank transfer (automatic),75.45,4271.42,No
CUST-100951,Male,1,No,No,66,No,No phone service,DSL,No,No,Yes,Yes,Yes,No,Month-to-month,No,Mailed check,64.17,4400.78,Yes
CUST-100952,Female,0,Yes,No,32,Yes,Yes,DSL,No,No,No,No,No,No,Month-to-month,No,Mailed check,71.21,2180.13,No
CUST-100953,Male,0,Yes,No,43,Yes,No,No,No internet service,No internet service,No internet service,No internet service,No internet service,No internet service,Month-to-month,No,Credit card (automatic),37.98,1587.51,No
CUST-100954,Female,0,No,No,63,Yes,No,DSL,No,Yes,No,No,Yes,No,Month-to-month,Yes,Electronic check,75.53,4913.79,No
CUST-100955,Female,0,Yes,No,10,Yes,No,Fiber optic,No,No,No,Yes,No,No,Month-to-month,No,Credit card (automatic),99.98,1021.07,Yes
CUST-100956,Male,0,Yes,No,18,Yes,Yes,DSL,Yes,Yes,No,No,No,Yes,Two year,No,Electronic check,76.85,1331.6,No
CUST-100957,Female,0,Yes,No,45,Yes,Yes,No,No internet service,No internet service,No internet service,No internet service,No internet service,No internet service,Month-to-month,No,Mailed check,43.2,1903.28,No
CUST-100958,Female,0,No,No,13,Yes,No,DSL,No,No,Yes,Yes,No,No,Month-to-month,Yes,Electronic check,78.53,972.19,Yes
CUST-100959,Male,0,Yes,No,57,Yes,Yes,Fiber optic,No,No,No,No,No,Yes,Month-to-month,No,Bank transfer (automatic),93.37,5246.37,No
CUST-100960,Male,0,No,Yes,19,Yes,No,Fiber optic,Yes,Yes,No,Yes,No,No,Month-to-month,Yes,Credit card (automatic),115.55,2244.06,Yes
CUST-100961,Male,0,Yes,No,24,Yes,No,Fiber optic,No,No,No,No,No,No,Month-to-month,Yes,Bank transfer (automatic),91.54,2198.79,Yes
CUST-100962,Female,0,No,No,59,Yes,No,No,No internet service,No internet service,No internet service,No internet service,No internet service,No internet service,One year,Yes,Electronic check,38.4,2293.57,Yes
CUST-100963,Male,1,Yes,No,38,Yes,Yes,DSL,Yes,No,Yes,Yes,No,No,Two year,No,Bank transfer (automatic),87.94,3435.56,No
CUST-100964,Female,0,No,No,57,Yes,Yes,DSL,No,Yes,No,Yes,Yes,Yes,One year,Yes,Credit card (automatic),84.63,5020.43,Yes
CUST-100965,Female,0,No,No,45,Yes,Yes,Fiber optic,Yes,Yes,No,No,No,Yes,Two year,Yes,Electronic check,97.99,4291.55,Yes
CUST-100966,Female,0,Yes,Yes,37,No,No phone service,Fiber optic,No,Yes,No,No,Yes,No,Month-to-month,No,Electronic check,85.31,3281.21,No
CUST-100967,Male,0,Yes,Yes,37,Yes,Yes,No,No internet service,No internet service,No internet service,No internet service,No internet service,No internet service,One year,Yes,Mailed check,37.38,1450.79,No
CUST-100968,Female,1,No,No,58,Yes,Yes,DSL,No,No,No,No,No,No,Two year,Yes,Bank transfer (automatic),67.4,4074.71,No
CUST-100969,Male,0,No,No,72,Yes,Yes,No,No internet service,No internet service,No internet service,No internet service,No internet service,No internet service,Month-to-month,No,Electronic check,38.84,2797.43,No
CUST-100970,Male,1,Yes,No,1,Yes,Yes,DSL,No,No,No,No,No,No,Two year,No,Electronic check,60.06,60.18,Yes
CUST-100971,Male,0,Yes,No,36,No,No phone service,DSL,No,No,No,Yes,No,No,Two year,No,Mailed check,54.73,1925.32,Yes
CUST-100972,Male,0,Yes,No,57,Yes,No,Fiber optic,No,Yes,No,No,No,No,One year,No,Credit card (automatic),97.71,5811.3,No
CUST-100973,Male,0,Yes,No,46,Yes,No,Fiber optic,No,No,Yes,No,Yes,No,Month-to-month,Yes,Electronic check,112.17,5306.66,Yes
CUST-100974,Male,0,Yes,No,35,No,No phone service,DSL,Yes,No,No,No,Yes,No,Month-to-month,Yes,Bank transfer (automatic),56.91,2019.75,Yes
CUST-100975,Male,0,Yes,Yes,57,Yes,Yes,No,No internet service,No internet service,No internet service,No internet service,No internet service,No internet service,One year,Yes,Credit card (automatic),40.79,2221.48,Yes
CUST-100976,Male,0,Yes,No,34,Yes,No,DSL,No,Yes,Yes,Yes,Yes,No,Two year,No,Electronic check,102.25,3635.88,No
CUST-100977,Female,0,No,No,9,Yes,No,No,No internet service,No internet service,No internet service,No internet service,No internet service,No internet service,Month-to-month,Yes,Electronic check,36.13,327.96,No
CUST-100978,Male,0,No,No,19,Yes,Yes,DSL,No,No,No,Yes,No,Yes,Month-to-month,Yes,Electronic check,83.66,1660.53,No
CUST-100979,Female,1,No,Yes,3,Yes,No,DSL,Yes,No,No,Yes,No,No,Month-to-month,No,Bank transfer (automatic),76.84,238.41,No
CUST-100980,Female,0,No,No,51,Yes,No,No,No internet service,No internet service,No internet service,No internet service,No internet service,No internet service,Month-to-month,No,Bank transfer (automatic),43.32,2162.55,No
CUST-100981,Female,0,No,No,71,Yes,No,DSL,No,No,No,No,No,No,One year,Yes,Credit card (automatic),66.7,4894.74,No
CUST-100982,Female,0,Yes,No,27,Yes,No,Fiber optic,No,No,No,No,No,Yes,Month-to-month,No,Mailed check,95.04,2471.2,No
CUST-100983,Female,0,No,No,53,Yes,Yes,No,No internet service,No internet service,No internet service,No internet service,No internet service,No internet service,Month-to-month,Yes,Electronic check,36.52,1982.25,No
CUST-100984,Female,1,Yes,No,71,Yes,No,DSL,Yes,No,No,No,No,No,One year,No,Mailed check,72.72,5201.09,No
CUST-100985,Female,0,No,No,28,Yes,No,Fiber optic,No,No,Yes,No,No,Yes,Month-to-month,Yes,Mailed check,101.68,2953.52,No
CUST-100986,Female,0,No,No,64,Yes,No,Fiber optic,Yes,Yes,No,Yes,Yes,No,One year,Yes,Bank transfer (automatic),122.43,7799.27,No
CUST-100987,Male,0,No,Yes,1,Yes,No,DSL,No,Yes,Yes,Yes,Yes,Yes,Month-to-month,Yes,Credit card (automatic),86.36,83.77,Yes
CUST-100988,Male,0,Yes,No,49,Yes,Yes,DSL,Yes,No,No,No,No,No,Month-to-month,Yes,Mailed check,75.59,3653.63,Yes
CUST-100989,Female,0,No,Yes,12,Yes,No,DSL,Yes,Yes,No,Yes,Yes,No,Two year,Yes,Bank transfer (automatic),100.92,1151.97,No
CUST-100990,Male,0,Yes,Yes,57,Yes,Yes,Fiber optic,Yes,Yes,No,No,No,No,Month-to-month,Yes,Electronic check,99.9,5746.91,No
CUST-100991,Female,1,Yes,No,0,Yes,Yes,Fiber optic,No,No,Yes,Yes,No,No,Month-to-month,Yes,Bank transfer (automatic),112.79,0.0,No
CUST-100992,Male,1,Yes,Yes,60,Yes,Yes,Fiber optic,No,No,No,No,No,Yes,Month-to-month,Yes,Bank transfer (automatic),87.19,5348.93,No
CUST-100993,Male,0,Yes,No,28,Yes,Yes,Fiber optic,No,Yes,Yes,Yes,No,No,One year,Yes,Bank transfer (automatic),110.49,2940.9,No
CUST-100994,Female,0,No,No,17,No,No phone service,Fiber optic,No,No,No,No,No,Yes,Month-to-month,Yes,Credit card (automatic),81.01,1323.96,Yes
CUST-100995,Female,0,Yes,No,40,Yes,No,No,No internet service,No internet service,No internet service,No internet service,No internet service,No internet service,Month-to-month,Yes,Credit card (automatic),39.31,1583.98,No
CUST-100996,Female,0,Yes,Yes,72,Yes,Yes,Fiber optic,No,Yes,No,No,Yes,No,Month-to-month,Yes,Mailed check,98.78,7096.27,Yes
CUST-100997,Male,0,No,No,11,Yes,Yes,No,No internet service,No internet service,No internet service,No internet service,No internet service,No internet service,Two year,Yes,Credit card (automatic),44.2,496.78,No
CUST-100998,Female,1,No,No,22,No,No phone service,Fiber optic,No,Yes,Yes,No,No,Yes,One year,No,Bank transfer (automatic),85.93,1817.25,No
CUST-100999,Female,0,Yes,No,46,Yes,Yes,No,No internet service,No internet service,No internet service,No internet service,No internet service,No internet service,Two year,Yes,Mailed check,36.88,1678.94,No
CUST-101000,Female,0,No,No,6,Yes,No,No,No internet service,No internet service,No internet service,No internet service,No internet service,No internet service,One year,No,Electronic check,40.31,248.76,No
CUST-101001,Female,0,No,No,69,No,No phone service,Fiber optic,No,No,No,No,Yes,No,Two year,Yes,Credit card (automatic),79.54,5288.75,No
CUST-101002,Female,0,Yes,No,38,Yes,No,Fiber optic,No,Yes,No,Yes,No,Yes,Month-to-month,Yes,Credit card (automatic),114.33,4535.75,No
CUST-101003,Female,0,No,Yes,72,Yes,Yes,DSL,No,Yes,Yes,Yes,No,No,Month-to-month,Yes,Mailed check,78.56,5928.16,No
CUST-101004,Male,0,No,No,30,Yes,Yes,Fiber optic,No,No,No,Yes,Yes,Yes,Two year,Yes,Mailed check,105.54,3042.42,Yes
CUST-101005,Female,0,Yes,No,60,Yes,No,Fiber optic,No,Yes,Yes,No,No,No,Two year,No,Electronic check,108.63,6330.59,No
CUST-101006,Female,0,No,No,24,Yes,Yes,Fiber optic,No,Yes,No,No,No,No,Two year,No,Electronic check,100.22,2405.76,No
CUST-101007,Female,0,Yes,No,32,Yes,No,DSL,No,Yes,No,No,No,Yes,Two year,Yes,Credit card (automatic),80.56,2575.17,Yes
CUST-101008,Female,0,No,No,25,Yes,No,No,No internet service,No internet service,No internet service,No internet service,No internet service,No internet service,One year,Yes,Mailed check,31.46,788.51,No
CUST-101009,Female,0,Yes,No,39,Yes,No,DSL,No,No,Yes,No,Yes,Yes,Month-to-month,No,Mailed check,89.38,3642.04,No
CUST-101010,Male,0,Yes,No,16,Yes,No,No,No internet service,No internet service,No internet service,No internet service,No internet service,No internet service,Two year,No,Electronic check,41.51,644.24,No
CUST-101011,Female,0,No,No,36,Yes,No,No,No internet service,No internet service,No internet service,No internet service,No internet service,No internet service,Month-to-month,Yes,Bank transfer (automatic),32.26,1144.89,No
CUST-101012,Male,1,No,No,61,Yes,No,DSL,No,No,No,No,No,Yes,One year,Yes,Bank transfer (automatic),62.89,3732.62,No
CUST-101013,Male,0,Yes,Yes,11,Yes,No,Fiber optic,No,No,No,No,Yes,Yes,Two year,Yes,Credit card (automatic),105.31,1173.18,No
CUST-101014,Female,0,Yes,No,57,No,No phone service,Fiber optic,Yes,No,Yes,No,Yes,No,One year,Yes,Mailed check,89.22,5211.13,No
CUST-101015,Female,0,Yes,No,62,Yes,Yes,No,No internet service,No internet service,No internet service,No internet service,No internet service,No internet service,Month-to-month,Yes,Electronic check,36.94,2225.01,No
CUST-101016,Male,0,No,No,2,Yes,No,No,No internet service,No internet service,No internet service,No internet service,No internet service,No internet service,One year,Yes,Electronic check,44.61,91.57,No
CUST-101017,Male,0,Yes,No,49,Yes,No,Fiber optic,No,Yes,Yes,No,Yes,No,Two year,Yes,Credit card (automatic),104.03,5203.84,No
CUST-101018,Male,0,Yes,No,35,Yes,No,No,No internet service,No internet service,No internet service,No internet service,No internet service,No internet service,Month-to-month,Yes,Credit card (automatic),42.08,1438.4,No
CUST-101019,Male,0,No,No,46,No,No phone service,DSL,No,No,No,Yes,No,Yes,Month-to-month,Yes,Mailed check,59.85,2632.13,No
CUST-101020,Male,0,Yes,No,21,Yes,Yes,DSL,Yes,No,Yes,No,No,Yes,One year,Yes,Electronic check,91.08,1949.4,No
CUST-101021,Male,0,Yes,Yes,16,Yes,No,Fiber optic,Yes,No,No,No,Yes,No,Two year,No,Bank transfer (automatic),103.58,1682.68,No
CUST-101022,Female,0,No,No,20,No,No phone service,Fiber optic,No,No,No,No,Yes,No,One year,Yes,Bank transfer (automatic),73.12,1514.99,No
CUST-101023,Female,1,Yes,Yes,11,Yes,No,DSL,Yes,Yes,Yes,No,Yes,No,One year,Yes,Bank transfer (automatic),88.55,971.34,No
CUST-101024,Female,0,No,No,29,Yes,Yes,Fiber optic,Yes,No,Yes,No,Yes,No,Month-to-month,Yes,Electronic check,105.47,3048.94,Yes
CUST-101025,Male,0,No,No,63,Yes,Yes,DSL,No,No,No,No,No,Yes,Month-to-month,Yes,Credit card (automatic),66.47,4200.13,No
CUST-101026,Male,0,Yes,Yes,56,Yes,No,DSL,Yes,No,No,No,No,Yes,Two year,Yes,Mailed check,72.75,4216.58,No
CUST-101027,Male,0,No,Yes,13,Yes,Yes,No,No internet service,No internet service,No internet service,No internet service,No internet service,No internet service,Month-to-month,Yes,Bank transfer (automatic),45.62,587.15,No
CUST-101028,Female,0,No,No,40,Yes,Yes,Fiber optic,No,Yes,No,No,No,No,Month-to-month,Yes,Electronic check,104.04,3995.57,No
CUST-101029,Male,0,No,Yes,5,No,No phone service,Fiber optic,No,No,No,No,No,No,Month-to-month,Yes,Electronic check,73.2,354.63,Yes
CUST-101030,Male,0,No,No,4,Yes,Yes,Fiber optic,No,No,No,No,No,No,Month-to-month,Yes,Electronic check,85.24,327.61,Yes
CUST-101031,Male,0,Yes,No,45,Yes,No,Fiber optic,No,No,No,No,Yes,Yes,Month-to-month,Yes,Mailed check,102.52,4411.4,No
CUST-101032,Female,0,Yes,Yes,22,Yes,Yes,DSL,No,No,Yes,Yes,Yes,Yes,One year,Yes,Credit card (automatic),97.29,2066.13,No
CUST-101033,Male,0,No,No,51,Yes,Yes,Fiber optic,Yes,Yes,Yes,No,Yes,Yes,Month-to-month,No,Bank transfer (automatic),107.35,5441.34,No
CUST-101034,Male,0,Yes,No,11,Yes,Yes,No,No internet service,No internet service,No internet service,No internet service,No internet service,No internet service,One year,Yes,Credit card (automatic),39.27,445.04,No
CUST-101035,Female,0,Yes,Yes,8,Yes,Yes,DSL,Yes,No,Yes,No,No,Yes,Month-to-month,No,Bank transfer (automatic),83.87,674.2,No
CUST-101036,Female,0,No,No,52,Yes,Yes,DSL,No,Yes,Yes,No,Yes,No,Two year,Yes,Electronic check,80.87,4198.14,Yes
CUST-101037,Male,1,Yes,No,15,Yes,Yes,Fiber optic,No,No,Yes,No,No,No,Month-to-month,No,Bank transfer (automatic),97.7,1398.35,Yes
CUST-101038,Male,0,No,No,4,Yes,Yes,Fiber optic,No,Yes,No,Yes,Yes,Yes,Month-to-month,Yes,Bank transfer (automatic),126.85,502.64,Yes
CUST-101039,Female,0,No,Yes,57,Yes,No,DSL,No,No,No,No,No,No,Month-to-month,Yes,Credit card (automatic),57.52,3264.59,No
CUST-101040,Female,0,No,No,51,Yes,No,Fiber optic,Yes,No,No,No,Yes,Yes,Two year,No,Mailed check,111.97,5774.32,No
CUST-101041,Female,0,Yes,No,67,Yes,Yes,No,No internet service,No internet service,No internet service,No internet service,No internet service,No internet service,One year,Yes,Electronic check,43.04,2952.47,No
CUST-101042,Male,1,Yes,No,43,No,No phone service,DSL,No,Yes,No,No,No,Yes,One year,No,Bank transfer (automatic),59.45,2578.36,Yes
CUST-101043,Male,0,No,No,34,No,No phone service,DSL,Yes,No,No,Yes,No,Yes,Month-to-month,Yes,Bank transfer (automatic),58.19,2012.64,No
CUST-101044,Female,0,Yes,No,48,Yes,No,Fiber optic,No,No,No,No,Yes,No,Month-to-month,No,Mailed check,93.74,4284.98,Yes
CUST-101045,Male,0,No,No,57,Yes,No,Fiber optic,No,No,No,No,No,Yes,Two year,No,Electronic check,94.5,5246.39,No
CUST-101046,Male,1,No,Yes,45,Yes,Yes,DSL,Yes,Yes,Yes,No,Yes,No,Month-to-month,Yes,Mailed check,88.05,3886.82,No
CUST-101047,Female,0,Yes,No,23,Yes,No,Fiber optic,Yes,No,No,Yes,No,No,One year,No,Credit card (automatic),96.59,2266.87,No
CUST-101048,Female,0,Yes,No,64,Yes,Yes,Fiber optic,No,No,No,No,Yes,No,Two year,Yes,Electronic check,95.18,5969.52,Yes
CUST-101049,Male,0,No,No,51,Yes,Yes,Fiber optic,No,No,Yes,No,Yes,No,One year,No,Bank transfer (automatic),105.59,5384.72,No
CUST-101050,Female,0,Yes,No,64,Yes,No,Fiber optic,No,No,No,Yes,No,Yes,Month-to-month,Yes,Electronic check,109.75,7170.88,No
CUST-101051,Male,0,No,No,40,Yes,Yes,DSL,Yes,No,No,No,No,No,Month-to-month,Yes,Electronic check,64.92,2570.99,No
CUST-101052,Female,0,No,Yes,32,Yes,No,DSL,No,Yes,No,No,No,No,Month-to-month,Yes,Electronic check,69.31,2202.01,Yes
CUST-101053,Female,0,Yes,No,61,Yes,No,No,No internet service,No internet service,No internet service,No internet service,No internet service,No internet service,Two year,No,Electronic check,44.7,2732.18,No
CUST-101054,Male,0,No,No,44,No,No phone service,Fiber optic,No,No,No,No,Yes,No,Two year,No,Mailed check,77.44,3418.88,Yes
CUST-101055,Female,0,Yes,No,56,Yes,Yes,Fiber optic,No,Yes,No,No,No,No,Month-to-month,Yes,Bank transfer (automatic),98.86,5481.01,Yes
CUST-101056,Male,0,Yes,No,64,Yes,Yes,Fiber optic,No,No,No,Yes,No,Yes,Two year,Yes,Mailed check,88.87,5960.37,No
CUST-101057,Female,0,No,Yes,20,Yes,No,Fiber optic,No,Yes,No,No,No,No,Month-to-month,Yes,Electronic check,95.02,1903.27,Yes
CUST-101058,Male,0,No,No,14,Yes,No,No,No internet service,No internet service,No internet service,No internet service,No internet service,No internet service,Month-to-month,No,Bank transfer (automatic),44.41,639.35,No
CUST-101059,Male,0,No,No,10,Yes,No,Fiber optic,No,No,No,Yes,Yes,No,Month-to-month,Yes,Mailed check,109.41,1087.62,Yes
CUST-101060,Female,1,No,No,43,No,No phone service,DSL,No,No,No,Yes,No,No,Two year,Yes,Mailed check,42.44,1767.94,No
CUST-101061,Female,0,No,No,58,Yes,Yes,DSL,Yes,No,No,No,No,No,Month-to-month,No,Credit card (automatic),71.54,4068.58,No
CUST-101062,Male,0,Yes,No,71,Yes,No,DSL,Yes,No,No,No,No,No,Month-to-month,No,Mailed check,70.3,4930.24,Yes
CUST-101063,Female,0,Yes,Yes,2,Yes,Yes,DSL,Yes,No,No,No,No,No,Month-to-month,Yes,Mailed check,74.37,152.87,Yes
CUST-101064,Female,0,Yes,No,0,Yes,No,Fiber optic,No,Yes,No,No,No,Yes,Month-to-month,Yes,Electronic check,95.24,0.0,Yes
CUST-101065,Male,0,Yes,No,49,Yes,Yes,DSL,No,No,No,No,No,Yes,Month-to-month,Yes,Electronic check,65.78,3191.33,Yes
CUST-101066,Female,0,Yes,No,19,Yes,Yes,Fiber optic,No,No,No,No,Yes,No,Month-to-month,Yes,Electronic check,92.08,1721.79,Yes
CUST-101067,Female,0,No,Yes,34,Yes,No,Fiber optic,No,Yes,No,No,No,No,Two year,Yes,Credit card (automatic),97.72,3157.77,No
CUST-101068,Male,0,Yes,No,5,Yes,Yes,DSL,No,No,No,Yes,No,No,Two year,No,Electronic check,72.94,378.88,No
CUST-101069,Male,0,No,No,5,Yes,Yes,DSL,Yes,No,No,Yes,Yes,No,Month-to-month,Yes,Bank transfer (automatic),92.22,456.45,No
CUST-101070,Female,0,No,No,38,Yes,Yes,DSL,Yes,No,No,Yes,No,No,Two year,Yes,Bank transfer (automatic),74.69,2873.24,No
CUST-101071,Male,1,No,No,50,Yes,No,Fiber optic,Yes,Yes,No,No,No,Yes,Two year,Yes,Electronic check,116.38,5868.85,Yes
CUST-101072,Female,0,Yes,No,64,Yes,Yes,Fiber optic,No,Yes,No,Yes,Yes,No,Two year,No,Electronic check,102.28,6389.7,No
CUST-101073,Female,0,No,No,35,Yes,No,Fiber optic,No,Yes,No,No,No,No,Month-to-month,No,Electronic check,98.69,3542.99,Yes
CUST-101074,Male,1,No,No,47,Yes,No,DSL,Yes,No,Yes,No,Yes,No,Two year,Yes,Electronic check,86.4,4200.44,No
CUST-101075,Male,0,Yes,No,62,Yes,Yes,No,No internet service,No internet service,No internet service,No internet service,No internet service,No internet service,One year,No,Credit card (automatic),38.14,2382.37,No
CUST-101076,Female,0,Yes,No,31,Yes,Yes,Fiber optic,No,No,No,No,No,Yes,Month-to-month,No,Electronic check,93.35,2939.19,No
CUST-101077,Male,0,Yes,Yes,15,Yes,Yes,Fiber optic,No,No,Yes,No,No,No,One year,No,Mailed check,93.8,1474.53,Yes
CUST-101078,Male,0,No,No,60,No,No phone service,Fiber optic,No,No,No,Yes,Yes,Yes,Month-to-month,Yes,Electronic check,85.52,5297.32,Yes
CUST-101079,Female,0,No,No,0,Yes,No,DSL,No,Yes,No,No,Yes,No,Two year,Yes,Bank transfer (automatic),83.77,0.0,No
CUST-101080,Female,0,No,Yes,20,Yes,No,Fiber optic,Yes,Yes,Yes,Yes,No,No,One year,No,Electronic check,118.2,2359.67,No
CUST-101081,Female,0,No,No,9,Yes,No,Fiber optic,Yes,No,No,No,No,No,Month-to-month,Yes,Mailed check,96.36,866.27,Yes
CUST-101082,Female,1,Yes,Yes,46,Yes,Yes,DSL,No,No,No,Yes,Yes,No,Month-to-month,Yes,Electronic check,68.78,3313.6,Yes
CUST-101083,Female,1,Yes,No,19,Yes,Yes,DSL,No,No,No,No,No,No,Two year,No,Credit card (automatic),59.19,1170.92,Yes
CUST-101084,Male,0,No,No,25,Yes,Yes,Fiber optic,No,No,No,No,Yes,No,Month-to-month,No,Mailed check,96.14,2501.56,Yes
CUST-101085,Female,0,No,Yes,47,Yes,No,Fiber optic,No,No,Yes,Yes,Yes,Yes,Two year,Yes,Electronic check,113.32,5296.08,No
CUST-101086,Female,0,No,Yes,21,Yes,Yes,No,No internet service,No internet service,No internet service,No internet service,No internet service,No internet service,One year,Yes,Bank transfer (automatic),34.35,698.97,No
CUST-101087,Female,1,Yes,Yes,26,Yes,No,Fiber optic,No,Yes,No,No,Yes,No,Month-to-month,Yes,Bank transfer (automatic),96.72,2527.88,Yes
CUST-101088,Female,0,Yes,Yes,36,Yes,No,No,No internet service,No internet service,No internet service,No internet service,No internet service,No internet service,Month-to-month,Yes,Mailed check,38.08,1310.41,No
CUST-101089,Male,1,Yes,Yes,8,Yes,Yes,DSL,No,Yes,No,No,Yes,No,Two year,Yes,Credit card (automatic),70.21,558.13,No
CUST-101090,Female,0,Yes,No,68,Yes,No,Fiber optic,No,No,No,Yes,No,No,Two year,Yes,Electronic check,92.63,6302.59,No
CUST-101091,Male,0,Yes,No,71,No,No phone service,DSL,No,No,No,No,No,Yes,Month-to-month,Yes,Credit card (automatic),54.87,3848.21,No
CUST-101092,Female,0,No,No,52,No,No phone service,No,No internet service,No internet service,No internet service,No internet service,No internet service,No internet service,Month-to-month,Yes,Credit card (automatic),24.2,1256.65,No
CUST-101093,Male,0,No,Yes,7,Yes,No,Fiber optic,No,No,No,Yes,No,No,Month-to-month,No,Mailed check,90.79,651.95,Yes
CUST-101094,Male,0,Yes,Yes,34,Yes,No,Fiber optic,No,Yes,No,No,No,Yes,One year,Yes,Mailed check,96.46,3302.57,No
CUST-101095,Male,1,Yes,Yes,25,Yes,Yes,DSL,Yes,Yes,No,No,No,No,Month-to-month,Yes,Electronic check,76.81,1949.88,No
CUST-101096,Female,0,Yes,Yes,12,No,No phone service,Fiber optic,No,Yes,Yes,No,Yes,No,Month-to-month,Yes,Electronic check,85.43,993.99,No
CUST-101097,Female,0,Yes,No,63,Yes,No,Fiber optic,No,Yes,No,No,Yes,No,Month-to-month,Yes,Mailed check,100.99,6324.96,Yes
CUST-101098,Male,0,No,Yes,30,Yes,No,DSL,No,No,No,No,No,Yes,Two year,Yes,Credit card (automatic),63.7,1933.74,No
CUST-101099,Male,0,Yes,No,47,Yes,No,Fiber optic,No,No,No,No,No,No,Month-to-month,No,Electronic check,98.37,4670.76,Yes
CUST-101100,Male,0,No,No,50,Yes,No,Fiber optic,No,No,Yes,No,No,Yes,One year,No,Mailed check,98.34,4995.67,No
CUST-101101,Male,1,Yes,Yes,23,Yes,No,Fiber optic,No,No,Yes,No,Yes,No,Month-to-month,Yes,Electronic check,105.28,2402.02,Yes
CUST-101102,Female,1,Yes,Yes,25,Yes,No,Fiber optic,Yes,No,No,No,Yes,No,One year,Yes,Electronic check,105.59,2585.32,Yes
CUST-101103,Male,0,No,No,70,No,No phone service,Fiber optic,Yes,Yes,No,No,No,No,One year,Yes,Mailed check,81.47,5686.84,No
CUST-101104,Male,0,Yes,No,60,Yes,No,DSL,No,No,Yes,No,Yes,Yes,Two year,Yes,Credit card (automatic),84.46,4914.7,No
CUST-101105,Male,0,Yes,Yes,36,Yes,Yes,Fiber optic,Yes,No,Yes,Yes,No,No,One year,Yes,Electronic check,109.43,4101.03,Yes
CUST-101106,Male,1,No,No,38,Yes,Yes,No,No internet service,No internet service,No internet service,No internet service,No internet service,No internet service,Month-to-month,Yes,Electronic check,40.92,1531.82,No
CUST-101107,Female,0,Yes,No,0,Yes,Yes,DSL,Yes,No,No,No,No,No,Month-to-month,Yes,Electronic check,75.5,0.0,Yes
CUST-101108,Female,0,Yes,No,14,Yes,No,No,No internet service,No internet service,No internet service,No internet service,No internet service,No internet service,Month-to-month,Yes,Mailed check,36.09,489.67,No
CUST-101109,Male,1,Yes,No,0,Yes,Yes,No,No internet service,No internet service,No internet service,No internet service,No internet service,No internet service,Month-to-month,No,Mailed check,48.15,0.0,Yes
CUST-101110,Female,1,Yes,No,58,No,No phone service,DSL,No,Yes,No,No,No,No,Two year,Yes,Electronic check,52.41,2923.6,No
CUST-101111,Male,0,No,No,68,Yes,Yes,DSL,Yes,Yes,No,No,No,Yes,Month-to-month,No,Electronic check,93.08,6266.9,Yes
CUST-101112,Male,0,Yes,No,11,Yes,No,Fiber optic,Yes,Yes,No,Yes,No,No,Two year,Yes,Electronic check,106.67,1146.17,No
CUST-101113,Male,0,No,No,20,Yes,Yes,No,No internet service,No internet service,No internet service,No internet service,No internet service,No internet service,Month-to-month,No,Electronic check,36.97,731.0,No
CUST-101114,Male,0,No,No,25,Yes,No,DSL,No,No,No,No,Yes,No,Two year,No,Credit card (automatic),74.73,1901.8,No
CUST-101115,Male,0,Yes,No,59,Yes,No,No,No internet service,No internet service,No internet service,No internet service,No internet service,No internet service,Two year,No,Bank transfer (automatic),40.21,2303.08,No
CUST-101116,Female,0,Yes,Yes,29,Yes,No,DSL,No,No,No,No,No,No,One year,No,Electronic check,66.88,2032.68,No
CUST-101117,Female,0,Yes,No,3,No,No phone service,Fiber optic,No,No,Yes,No,No,No,Month-to-month,Yes,Bank transfer (automatic),70.81,210.69,Yes
CUST-101118,Female,0,Yes,No,42,Yes,No,No,No internet service,No internet service,No internet service,No internet service,No internet service,No internet service,Two year,Yes,Electronic check,34.79,1416.23,No
CUST-101119,Male,0,Yes,No,10,Yes,No,DSL,Yes,No,No,No,No,No,Two year,No,Electronic check,74.44,707.8,Yes
CUST-101120,Male,0,No,Yes,47,Yes,No,Fiber optic,No,Yes,Yes,No,No,No,Month-to-month,Yes,Bank transfer (automatic),100.24,4712.83,No
CUST-101121,Male,1,Yes,No,62,Yes,Yes,DSL,Yes,No,No,Yes,No,Yes,Two year,No,Bank transfer (automatic),85.03,5273.92,No
CUST-101122,Male,0,No,Yes,4,Yes,No,Fiber optic,No,Yes,No,No,No,No,Two year,No,Electronic check,98.32,383.93,No
CUST-101123,Male,1,No,No,72,Yes,No,No,No internet service,No internet service,No internet service,No internet service,No internet service,No internet service,Month-to-month,Yes,Electronic check,40.9,2931.69,No
CUST-101124,Female,0,No,No,48,No,No phone service,DSL,No,Yes,Yes,Yes,Yes,Yes,Month-to-month,No,Electronic check,76.41,3810.58,No
CUST-101125,Female,0,Yes,No,3,No,No phone service,Fiber optic,Yes,Yes,Yes,No,Yes,Yes,Month-to-month,Yes,Mailed check,91.38,264.11,No
CUST-101126,Female,1,Yes,No,16,Yes,No,No,No internet service,No internet service,No internet service,No internet service,No internet service,No internet service,Month-to-month,Yes,Mailed check,33.86,554.96,No
CUST-101127,Female,0,No,Yes,12,Yes,No,No,No internet service,No internet service,No internet service,No internet service,No internet service,No internet service,Two year,No,Bank transfer (automatic),45.79,574.88,No
CUST-101128,Female,0,Yes,Yes,64,Yes,No,No,No internet service,No internet service,No internet service,No internet service,No internet service,No internet service,Two year,No,Electronic check,40.0,2664.84,No
CUST-101129,Female,0,No,No,52,Yes,No,No,No internet service,No internet service,No internet service,No internet service,No internet service,No internet service,Month-to-month,Yes,Bank transfer (automatic),39.03,2108.88,No
CUST-101130,Male,0,No,Yes,27,Yes,Yes,DSL,Yes,No,No,No,No,No,One year,Yes,Credit card (automatic),69.81,1874.68,No
CUST-101131,Female,0,No,No,38,Yes,Yes,Fiber optic,No,Yes,No,No,Yes,Yes,Month-to-month,No,Electronic check,108.86,4059.7,Yes
CUST-101132,Female,0,Yes,No,25,Yes,Yes,Fiber optic,No,Yes,No,No,No,Yes,Month-to-month,No,Mailed check,105.05,2628.89,No
CUST-101133,Female,0,Yes,Yes,29,Yes,No,Fiber optic,Yes,Yes,No,Yes,No,No,One year,No,Mailed check,106.14,3114.92,No
CUST-101134,Female,0,No,No,46,Yes,No,Fiber optic,No,Yes,Yes,No,No,Yes,One year,Yes,Bank transfer (automatic),101.57,4592.72,Yes
CUST-101135,Male,0,No,No,14,Yes,No,DSL,Yes,No,No,Yes,No,Yes,Month-to-month,Yes,Credit card (automatic),79.08,1098.04,No
CUST-101136,Female,0,No,No,55,Yes,No,No,No internet service,No internet service,No internet service,No internet service,No internet service,No internet service,Month-to-month,Yes,Credit card (automatic),43.83,2501.85,No
CUST-101137,Male,0,No,No,69,Yes,No,Fiber optic,No,No,No,No,No,Yes,Two year,Yes,Mailed check,103.6,6966.87,No
CUST-101138,Female,0,No,No,71,Yes,Yes,Fiber optic,No,No,No,No,No,Yes,Month-to-month,No,Bank transfer (automatic),97.27,7219.55,No
CUST-101139,Female,0,No,No,12,Yes,No,Fiber optic,No,No,No,No,Yes,No,Month-to-month,Yes,Mailed check,95.26,1108.7,No
CUST-101140,Female,0,No,Yes,30,Yes,Yes,Fiber optic,Yes,No,No,No,No,No,Two year,Yes,Bank transfer (automatic),92.27,2686.69,Yes
CUST-101141,Male,0,Yes,Yes,19,Yes,Yes,Fiber optic,No,Yes,No,Yes,Yes,No,Two year,No,Credit card (automatic),116.7,2263.56,No
CUST-101142,Female,0,Yes,No,46,Yes,Yes,Fiber optic,No,No,No,No,Yes,Yes,One year,Yes,Bank transfer (automatic),100.25,4524.56,Yes
CUST-101143,Female,0,No,Yes,23,Yes,No,No,No internet service,No internet service,No internet service,No internet service,No internet service,No internet service,Month-to-month,No,Electronic check,38.39,872.67,No
CUST-101144,Male,0,No,No,28,Yes,No,No,No internet service,No internet service,No internet service,No internet service,No internet service,No internet service,One year,Yes,Electronic check,39.2,1060.39,No
CUST-101145,Male,1,Yes,No,10,Yes,No,No,No internet service,No internet service,No internet service,No internet service,No internet service,No internet service,One year,Yes,Bank transfer (automatic),44.25,435.04,No
CUST-101146,Female,1,No,No,40,No,No phone service,Fiber optic,No,Yes,No,No,No,Yes,Month-to-month,No,Electronic check,80.94,3190.39,No
CUST-101147,Female,0,Yes,No,39,Yes,Yes,No,No internet service,No internet service,No internet service,No internet service,No internet service,No internet service,Month-to-month,No,Mailed check,36.53,1461.13,No
CUST-101148,Female,0,Yes,Yes,40,Yes,No,DSL,No,Yes,Yes,No,No,No,Month-to-month,No,Bank transfer (automatic),79.77,3087.34,No
CUST-101149,Female,0,No,Yes,24,Yes,No,Fiber optic,Yes,Yes,No,Yes,No,No,Month-to-month,Yes,Credit card (automatic),112.89,2665.24,Yes
CUST-101150,Male,1,Yes,No,55,Yes,Yes,DSL,Yes,No,Yes,No,Yes,No,Two year,Yes,Credit card (automatic),82.56,4540.99,No
CUST-101151,Female,0,No,No,44,Yes,No,Fiber optic,No,No,No,No,No,No,One year,No,Electronic check,93.64,4195.9,Yes
CUST-101152,Male,0,No,No,12,No,No phone service,No,No internet service,No internet service,No internet service,No internet service,No internet service,No internet service,Month-to-month,Yes,Bank transfer (automatic),18.0,215.67,No
CUST-101153,Female,0,No,Yes,26,Yes,No,Fiber optic,No,No,No,No,No,No,Month-to-month,Yes,Credit card (automatic),87.49,2277.48,No
CUST-101154,Male,0,Yes,No,48,No,No phone service,Fiber optic,No,No,Yes,No,No,Yes,Month-to-month,Yes,Electronic check,80.21,3741.63,Yes
CUST-101155,Female,1,No,No,8,Yes,No,Fiber optic,No,No,No,Yes,No,Yes,Month-to-month,Yes,Mailed check,105.01,842.52,Yes
CUST-101156,Male,1,Yes,No,25,No,No phone service,DSL,Yes,No,No,No,No,Yes,Month-to-month,Yes,Bank transfer (automatic),56.87,1450.38,Yes
CUST-101157,Female,0,No,Yes,63,Yes,Yes,No,No internet service,No internet service,No internet service,No internet service,No internet service,No internet service,Two year,No,Mailed check,41.39,2544.14,No
CUST-101158,Male,0,Yes,No,32,Yes,No,DSL,Yes,Yes,No,Yes,No,No,Two year,Yes,Mailed check,83.95,2780.32,No
CUST-101159,Male,0,No,No,37,Yes,No,DSL,No,Yes,No,No,No,Yes,Two year,Yes,Electronic check,77.83,2872.14,No
CUST-101160,Female,0,No,No,49,Yes,No,DSL,No,Yes,No,No,Yes,Yes,Month-to-month,No,Bank transfer (automatic),84.85,3962.47,Yes
CUST-101161,Male,1,Yes,Yes,23,Yes,No,No,No internet service,No internet service,No internet service,No internet service,No internet service,No internet service,Two year,No,Electronic check,36.73,883.31,No
CUST-101162,Female,0,Yes,No,60,Yes,No,Fiber optic,No,No,Yes,No,No,No,One year,No,Mailed check,95.79,5521.92,Yes
CUST-101163,Female,0,Yes,No,1,Yes,Yes,Fiber optic,Yes,No,No,No,Yes,No,Month-to-month,No,Mailed check,106.77,106.63,Yes
CUST-101164,Female,0,No,No,34,Yes,Yes,Fiber optic,No,No,Yes,No,No,Yes,Month-to-month,No,Electronic check,97.72,3454.29,Yes
CUST-101165,Male,0,No,No,43,Yes,Yes,DSL,No,Yes,Yes,No,Yes,Yes,Month-to-month,Yes,Mailed check,86.8,3891.17,No
CUST-101166,Male,0,No,Yes,17,No,No phone service,DSL,No,Yes,Yes,Yes,Yes,Yes,Month-to-month,No,Electronic check,79.6,1401.6,No
CUST-101167,Male,0,No,No,57,Yes,No,DSL,No,No,Yes,No,Yes,No,Two year,Yes,Electronic check,73.96,4154.8,No
CUST-101168,Female,1,Yes,No,5,Yes,Yes,Fiber optic,No,No,No,Yes,No,No,One year,Yes,Mailed check,100.3,486.6,Yes
CUST-101169,Female,0,No,No,47,Yes,No,DSL,No,No,No,No,Yes,Yes,Two year,Yes,Mailed check,74.72,3612.45,No
CUST-101170,Female,0,Yes,No,46,Yes,No,Fiber optic,No,No,No,No,No,No,One year,Yes,Mailed check,86.1,4080.84,Yes
CUST-101171,Female,0,No,No,57,Yes,Yes,Fiber optic,Yes,No,Yes,No,No,Yes,Month-to-month,No,Electronic check,105.04,6258.61,Yes
CUST-101172,Male,0,Yes,Yes,15,Yes,Yes,Fiber optic,No,No,No,No,Yes,Yes,Month-to-month,No,Mailed check,99.4,1475.45,Yes
CUST-101173,Male,0,No,No,11,Yes,No,No,No internet service,No internet service,No internet service,No internet service,No internet service,No internet service,Month-to-month,Yes,Electronic check,40.98,443.77,No
CUST-101174,Male,0,Yes,No,42,Yes,No,DSL,No,No,No,No,Yes,No,Two year,No,Electronic check,73.11,3222.22,No
CUST-101175,Male,0,Yes,Yes,70,Yes,No,Fiber optic,No,Yes,Yes,No,No,Yes,Month-to-month,No,Electronic check,105.35,7358.48,Yes
CUST-101176,Male,0,Yes,No,57,No,No phone service,DSL,Yes,No,Yes,Yes,No,Yes,Month-to-month,Yes,Electronic check,65.91,3891.52,No
CUST-101177,Male,0,No,Yes,15,No,No phone service,No,No internet service,No internet service,No internet service,No internet service,No internet service,No internet service,Month-to-month,No,Mailed check,18.0,270.13,No
CUST-101178,Male,0,No,No,29,Yes,No,No,No internet service,No internet service,No internet service,No internet service,No internet service,No internet service,Two year,Yes,Credit card (automatic),40.44,1213.2,No
CUST-101179,Male,1,Yes,No,19,Yes,No,DSL,No,No,Yes,No,Yes,Yes,Month-to-month,Yes,Electronic check,94.75,1726.54,No
CUST-101180,Female,1,Yes,No,56,No,No phone service,DSL,No,Yes,No,No,Yes,Yes,Month-to-month,Yes,Bank transfer (automatic),65.36,3516.57,No
CUST-101181,Female,0,Yes,No,37,Yes,Yes,DSL,No,No,No,No,No,No,One year,No,Electronic check,66.22,2407.98,No
CUST-101182,Female,0,No,Yes,31,Yes,Yes,DSL,Yes,Yes,Yes,No,Yes,Yes,Month-to-month,Yes,Electronic check,94.4,3000.97,No
CUST-101183,Male,0,No,No,0,Yes,Yes,DSL,Yes,Yes,Yes,No,No,No,One year,Yes,Mailed check,92.12,0.0,No
CUST-101184,Male,1,No,No,46,Yes,Yes,DSL,Yes,No,Yes,Yes,No,Yes,One year,Yes,Electronic check,90.33,4039.88,No
CUST-101185,Male,0,No,Yes,32,Yes,Yes,DSL,No,No,No,No,No,No,Month-to-month,No,Bank transfer (automatic),63.58,1991.97,No
CUST-101186,Male,0,Yes,Yes,2,Yes,Yes,DSL,No,No,Yes,No,Yes,No,Month-to-month,No,Electronic check,74.46,146.69,No
CUST-101187,Female,0,Yes,No,14,Yes,No,Fiber optic,No,No,No,Yes,Yes,No,Month-to-month,Yes,Credit card (automatic),102.99,1449.63,Yes
CUST-101188,Female,1,No,No,53,Yes,Yes,DSL,No,Yes,No,No,Yes,Yes,Month-to-month,No,Bank transfer (automatic),90.99,4995.45,Yes
CUST-101189,Male,0,No,Yes,54,Yes,No,Fiber optic,Yes,No,Yes,No,No,No,One year,No,Bank transfer (automatic),107.26,5701.96,No
CUST-101190,Male,0,Yes,Yes,36,Yes,Yes,No,No internet service,No internet service,No internet service,No internet service,No internet service,No internet service,Month-to-month,Yes,Electronic check,44.14,1606.4,No
CUST-101191,Male,0,No,No,55,Yes,No,Fiber optic,No,No,No,Yes,No,No,Month-to-month,Yes,Electronic check,101.69,5626.58,Yes
CUST-101192,Male,0,Yes,No,53,Yes,No,DSL,No,No,Yes,No,No,Yes,One year,Yes,Bank transfer (automatic),72.96,4058.84,Yes
CUST-101193,Female,1,Yes,No,44,Yes,No,No,No internet service,No internet service,No internet service,No internet service,No internet service,No internet service,One year,No,Mailed check,41.99,1909.36,No
CUST-101194,Female,0,Yes,No,15,Yes,Yes,DSL,No,No,No,No,No,Yes,Two year,Yes,Bank transfer (automatic),72.99,1131.38,No
CUST-101195,Female,0,No,No,30,Yes,No,DSL,No,No,No,No,No,No,Two year,Yes,Mailed check,69.32,2037.89,No
CUST-101196,Female,0,No,Yes,59,Yes,No,Fiber optic,Yes,No,No,No,No,Yes,Month-to-month,No,Bank transfer (automatic),100.13,5873.5,Yes
CUST-101197,Female,0,No,No,22,Yes,No,DSL,No,No,No,No,No,No,Month-to-month,No,Bank transfer (automatic),68.41,1564.66,No
CUST-101198,Female,0,No,No,48,Yes,Yes,Fiber optic,No,No,No,No,Yes,Yes,One year,Yes,Electronic check,101.25,4873.33,No
CUST-101199,Female,0,No,No,60,Yes,No,Fiber optic,No,Yes,Yes,No,Yes,No,Two year,No,Credit card (automatic),107.02,6410.84,No
CUST-101200,Female,1,Yes,No,38,Yes,Yes,Fiber optic,Yes,No,No,No,No,Yes,Month-to-month,No,Bank transfer (automatic),109.16,4089.86,Yes
CUST-101201,Male,0,No,No,37,Yes,No,No,No internet service,No internet service,No internet service,No internet service,No internet service,No internet service,Two year,Yes,Electronic check,40.73,1547.8,No
CUST-101202,Female,0,Yes,No,13,Yes,Yes,Fiber optic,No,Yes,Yes,No,No,No,One year,No,Electronic check,92.56,1237.71,No
CUST-101203,Female,0,No,Yes,36,Yes,No,DSL,No,No,No,No,No,No,Month-to-month,Yes,Bank transfer (automatic),62.46,2169.12,No
CUST-101204,Female,0,Yes,Yes,3,Yes,No,Fiber optic,No,Yes,Yes,No,No,Yes,Two year,No,Bank transfer (automatic),112.65,323.85,Yes
CUST-101205,Female,0,Yes,No,8,Yes,Yes,Fiber optic,No,No,No,No,No,Yes,Month-to-month,Yes,Credit card (automatic),90.41,746.98,No
CUST-101206,Female,0,No,No,39,Yes,Yes,Fiber optic,No,No,No,Yes,Yes,Yes,Two year,No,Bank transfer (automatic),103.92,4105.45,No
CUST-101207,Female,0,Yes,Yes,15,Yes,No,Fiber optic,Yes,No,Yes,No,Yes,No,Month-to-month,Yes,Electronic check,105.25,1574.23,Yes
CUST-101208,Male,0,Yes,No,25,Yes,No,DSL,No,No,Yes,No,Yes,Yes,One year,Yes,Electronic check,84.72,2138.26,No
CUST-101209,Female,0,No,No,26,Yes,Yes,No,No internet service,No internet service,No internet service,No internet service,No internet service,No internet service,One year,No,Mailed check,33.39,879.36,No
CUST-101210,Female,0,No,No,34,Yes,No,DSL,Yes,Yes,No,No,Yes,No,Month-to-month,Yes,Mailed check,96.48,3308.27,No
CUST-101211,Female,0,Yes,No,51,No,No phone service,No,No internet service,No internet service,No internet service,No internet service,No internet service,No internet service,One year,No,Credit card (automatic),21.54,1140.21,No
CUST-101212,Male,0,Yes,Yes,32,Yes,No,DSL,No,Yes,No,No,No,Yes,Month-to-month,Yes,Bank transfer (automatic),70.43,2235.07,No
CUST-101213,Female,1,Yes,No,61,Yes,Yes,Fiber optic,No,No,No,No,Yes,No,Month-to-month,Yes,Credit card (automatic),98.35,6048.06,No
CUST-101214,Male,0,No,No,35,Yes,No,Fiber optic,No,Yes,No,No,No,Yes,Month-to-month,No,Bank transfer (automatic),99.19,3605.97,No
CUST-101215,Male,0,No,No,72,Yes,No,Fiber optic,Yes,No,No,No,No,Yes,Two year,Yes,Bank transfer (automatic),98.92,6864.61,No
CUST-101216,Female,0,Yes,No,72,Yes,Yes,Fiber optic,No,No,No,No,No,No,Two year,No,Mailed check,87.09,6034.58,No
CUST-101217,Female,0,No,Yes,31,Yes,Yes,Fiber optic,Yes,No,Yes,No,No,Yes,Month-to-month,Yes,Bank transfer (automatic),100.16,3058.67,No
CUST-101218,Female,0,No,Yes,55,Yes,Yes,Fiber optic,Yes,No,No,Yes,No,No,Two year,Yes,Mailed check,98.55,5294.86,No
CUST-101219,Male,0,No,Yes,33,Yes,Yes,No,No internet service,No internet service,No internet service,No internet service,No internet service,No internet service,Two year,No,Credit card (automatic),42.09,1423.15,No
CUST-101220,Female,0,Yes,No,63,Yes,No,DSL,No,No,No,No,No,No,Month-to-month,Yes,Electronic check,70.29,4549.58,Yes
CUST-101221,Female,0,No,No,55,Yes,Yes,Fiber optic,No,Yes,Yes,No,No,No,Two year,Yes,Credit card (automatic),101.76,5511.8,No
CUST-101222,Female,0,No,No,24,Yes,No,Fiber optic,Yes,Yes,Yes,No,No,Yes,Month-to-month,Yes,Mailed check,121.52,2895.85,No
CUST-101223,Female,0,Yes,No,23,Yes,No,DSL,Yes,No,No,No,No,No,Two year,No,Mailed check,65.71,1532.16,No
CUST-101224,Male,0,Yes,Yes,64,Yes,Yes,DSL,Yes,No,Yes,No,Yes,No,One year,Yes,Electronic check,80.33,4970.29,No
CUST-101225,Female,0,Yes,No,39,Yes,No,DSL,No,No,No,No,No,No,Two year,Yes,Electronic check,70.03,2752.14,No
CUST-101226,Male,0,Yes,No,50,Yes,Yes,DSL,Yes,Yes,No,No,No,Yes,Month-to-month,Yes,Bank transfer (automatic),85.03,4277.01,No
CUST-101227,Female,0,No,Yes,49,Yes,No,Fiber optic,No,Yes,No,No,Yes,Yes,Month-to-month,No,Electronic check,107.96,5110.71,No
CUST-101228,Male,0,No,No,12,Yes,Yes,Fiber optic,No,No,No,No,No,Yes,Two year,Yes,Electronic check,94.75,1118.43,No
CUST-101229,Male,0,Yes,No,17,Yes,No,DSL,No,Yes,Yes,Yes,Yes,Yes,One year,Yes,Electronic check,97.64,1741.25,No
CUST-101230,Female,0,No,No,65,Yes,No,Fiber optic,No,No,No,No,Yes,No,One year,No,Electronic check,96.68,6167.85,Yes
CUST-101231,Female,1,Yes,Yes,20,Yes,No,DSL,No,Yes,Yes,No,No,No,One year,No,Credit card (automatic),76.2,1521.06,No
CUST-101232,Female,0,No,No,63,Yes,Yes,No,No internet service,No internet service,No internet service,No internet service,No internet service,No internet service,One year,No,Bank transfer (automatic),38.89,2384.14,No
CUST-101233,Female,0,Yes,No,26,Yes,No,Fiber optic,No,Yes,No,No,Yes,No,Month-to-month,Yes,Mailed check,97.75,2611.61,Yes
CUST-101234,Female,1,No,No,61,Yes,No,DSL,Yes,No,No,No,Yes,No,Month-to-month,Yes,Credit card (automatic),73.29,4493.97,No
CUST-101235,Male,0,No,Yes,42,Yes,No,DSL,Yes,No,No,No,Yes,No,Month-to-month,Yes,Mailed check,81.19,3397.37,No
CUST-101236,Male,0,No,Yes,7,Yes,No,No,No internet service,No internet service,No internet service,No internet service,No internet service,No internet service,Month-to-month,Yes,Credit card (automatic),44.71,310.85,No
CUST-101237,Male,0,No,No,19,Yes,No,Fiber optic,No,No,No,No,Yes,No,Two year,No,Credit card (automatic),98.44,1952.69,No
CUST-101238,Male,0,Yes,No,69,Yes,No,Fiber optic,No,No,No,No,Yes,No,Month-to-month,Yes,Bank transfer (automatic),98.33,6676.21,Yes
CUST-101239,Male,0,No,Yes,15,Yes,No,Fiber optic,No,No,No,No,No,No,Month-to-month,Yes,Mailed check,91.94,1391.09,Yes
CUST-101240,Female,0,No,No,16,Yes,No,Fiber optic,No,No,Yes,Yes,No,Yes,Month-to-month,Yes,Credit card (automatic),103.46,1585.3,No
CUST-101241,Female,0,Yes,Yes,10,Yes,No,No,No internet service,No internet service,No internet service,No internet service,No internet service,No internet service,Two year,No,Electronic check,40.11,391.61,No
CUST-101242,Female,0,No,No,44,Yes,No,No,No internet service,No internet service,No internet service,No internet service,No internet service,No internet service,Month-to-month,Yes,Mailed check,41.39,1889.39,No
CUST-101243,Male,0,Yes,No,59,Yes,No,DSL,No,Yes,No,Yes,No,Yes,Month-to-month,No,Electronic check,77.72,4769.93,No
CUST-101244,Female,0,Yes,No,68,Yes,No,Fiber optic,Yes,No,Yes,No,No,Yes,Two year,Yes,Electronic check,103.58,7117.98,No
CUST-101245,Female,0,No,No,64,Yes,No,No,No internet service,No internet service,No internet service,No internet service,No internet service,No internet service,Month-to-month,Yes,Electronic check,44.34,2867.24,Yes
CUST-101246,Female,0,Yes,No,64,Yes,No,DSL,No,Yes,No,No,No,Yes,Two year,No,Credit card (automatic),69.04,4636.87,Yes
CUST-101247,Male,0,Yes,No,66,Yes,Yes,No,No internet service,No internet service,No internet service,No internet service,No internet service,No internet service,Month-to-month,Yes,Electronic check,43.55,3012.96,No
CUST-101248,Male,1,Yes,Yes,41,Yes,No,Fiber optic,No,No,No,No,Yes,No,One year,No,Mailed check,95.93,3790.41,No
CUST-101249,Female,0,No,No,59,No,No phone service,DSL,No,No,Yes,Yes,No,Yes,Month-to-month,No,Mailed check,66.88,4041.52,No
CUST-101250,Male,0,No,No,46,Yes,No,No,No internet service,No internet service,No internet service,No internet service,No internet service,No internet service,Month-to-month,No,Mailed check,34.49,1648.73,No
CUST-101251,Male,0,Yes,No,10,Yes,No,Fiber optic,No,Yes,Yes,No,Yes,Yes,Month-to-month,Yes,Credit card (automatic),115.09,1133.19,Yes
CUST-101252,Male,0,No,No,1,Yes,Yes,DSL,No,No,Yes,No,No,No,One year,Yes,Credit card (automatic),74.13,74.08,No
CUST-101253,Female,0,No,Yes,7,Yes,Yes,Fiber optic,Yes,No,No,No,No,Yes,Two year,Yes,Bank transfer (automatic),94.02,639.38,No
CUST-101254,Female,1,No,Yes,25,Yes,No,Fiber optic,No,Yes,No,No,No,Yes,Month-to-month,No,Bank transfer (automatic),103.84,2650.19,Yes
CUST-101255,Male,0,No,No,36,Yes,Yes,Fiber optic,Yes,No,No,No,Yes,Yes,One year,Yes,Credit card (automatic),115.41,4200.29,No
CUST-101256,Male,0,No,No,46,Yes,Yes,DSL,No,No,Yes,Yes,No,Yes,Month-to-month,Yes,Mailed check,88.77,4003.3,Yes
CUST-101257,Female,1,Yes,Yes,38,Yes,No,Fiber optic,Yes,Yes,No,Yes,No,Yes,Two year,No,Mailed check,120.54,4623.15,No
CUST-101258,Female,0,Yes,Yes,26,Yes,Yes,No,No internet service,No internet service,No internet service,No internet service,No internet service,No internet service,Two year,Yes,Electronic check,40.16,993.44,No
CUST-101259,Female,1,No,Yes,53,Yes,Yes,No,No internet service,No internet service,No internet service,No internet service,No internet service,No internet service,Month-to-month,Yes,Electronic check,33.95,1857.24,No
CUST-101260,Male,0,Yes,No,62,Yes,Yes,DSL,No,Yes,Yes,No,Yes,Yes,Month-to-month,No,Credit card (automatic),90.41,5477.09,No
CUST-101261,Female,0,Yes,Yes,16,Yes,Yes,No,No internet service,No internet service,No internet service,No internet service,No internet service,No internet service,One year,Yes,Bank transfer (automatic),35.19,558.0,No
CUST-101262,Male,1,Yes,No,19,Yes,Yes,DSL,No,Yes,No,No,No,No,Two year,Yes,Mailed check,70.9,1318.84,No
CUST-101263,Female,0,Yes,No,67,Yes,Yes,Fiber optic,Yes,No,No,No,Yes,Yes,One year,Yes,Electronic check,107.56,7100.66,No
CUST-101264,Male,0,No,No,70,Yes,Yes,DSL,No,No,No,Yes,Yes,No,Month-to-month,Yes,Bank transfer (automatic),71.76,5151.56,Yes
CUST-101265,Male,0,Yes,No,22,No,No phone service,No,No internet service,No internet service,No internet service,No internet service,No internet service,No internet service,One year,Yes,Credit card (automatic),19.52,410.62,No
CUST-101266,Male,0,No,Yes,37,Yes,No,No,No internet service,No internet service,No internet service,No internet service,No internet service,No internet service,Month-to-month,No,Credit card (automatic),39.57,1456.73,No
CUST-101267,Male,0,No,No,42,Yes,Yes,No,No internet service,No internet service,No internet service,No internet service,No internet service,No internet service,Two year,Yes,Bank transfer (automatic),47.45,2085.95,No
CUST-101268,Female,0,Yes,No,46,Yes,No,DSL,No,No,Yes,No,No,No,Two year,Yes,Bank transfer (automatic),69.51,3158.59,No
CUST-101269,Male,0,Yes,No,63,Yes,No,No,No internet service,No internet service,No internet service,No internet service,No internet service,No internet service,Two year,No,Electronic check,38.28,2403.7,No
CUST-101270,Male,0,Yes,No,7,Yes,Yes,DSL,No,Yes,Yes,Yes,No,Yes,Two year,No,Electronic check,78.63,536.73,No
CUST-101271,Male,0,No,No,38,Yes,Yes,Fiber optic,No,No,No,Yes,Yes,No,Two year,Yes,Electronic check,96.63,3510.9,No
CUST-101272,Female,0,Yes,Yes,15,Yes,Yes,No,No internet service,No internet service,No internet service,No internet service,No internet service,No internet service,Month-to-month,No,Mailed check,42.51,609.73,Yes
CUST-101273,Female,0,No,No,55,Yes,No,Fiber optic,No,Yes,No,No,Yes,No,Two year,Yes,Credit card (automatic),97.38,5511.94,No
CUST-101274,Female,0,Yes,No,43,Yes,No,Fiber optic,No,No,No,No,No,No,Month-to-month,Yes,Credit card (automatic),85.0,3636.2,No
CUST-101275,Female,0,Yes,No,54,Yes,No,DSL,No,No,Yes,Yes,No,Yes,Month-to-month,No,Electronic check,83.91,4378.06,Yes
CUST-101276,Female,0,Yes,Yes,66,Yes,No,Fiber optic,Yes,Yes,No,Yes,No,Yes,Month-to-month,Yes,Mailed check,118.5,7953.38,No
CUST-101277,Female,0,Yes,Yes,57,Yes,Yes,DSL,No,No,No,Yes,Yes,Yes,Month-to-month,Yes,Electronic check,90.1,5300.8,No
CUST-101278,Male,0,Yes,Yes,62,Yes,Yes,DSL,No,No,No,No,No,No,Month-to-month,No,Mailed check,60.2,3595.71,No
CUST-101279,Female,0,No,No,59,Yes,No,No,No internet service,No internet service,No internet service,No internet service,No internet service,No internet service,Month-to-month,Yes,Credit card (automatic),47.44,2829.7,No
CUST-101280,Female,0,Yes,No,45,Yes,Yes,Fiber optic,No,No,No,Yes,No,Yes,Month-to-month,Yes,Bank transfer (automatic),93.21,4058.41,No
CUST-101281,Female,1,No,No,28,Yes,Yes,DSL,No,No,Yes,Yes,No,No,Month-to-month,No,Credit card (automatic),70.29,1893.83,No
CUST-101282,Male,1,No,Yes,24,Yes,Yes,Fiber optic,Yes,No,No,Yes,No,Yes,Month-to-month,Yes,Mailed check,113.99,2773.78,No
CUST-101283,Female,0,No,Yes,26,Yes,No,DSL,No,No,No,No,No,No,One year,Yes,Bank transfer (automatic),70.52,1867.81,Yes
CUST-101284,Male,1,No,Yes,44,Yes,No,DSL,No,No,Yes,Yes,No,Yes,One year,Yes,Credit card (automatic),77.77,3477.15,Yes
CUST-101285,Male,1,Yes,Yes,58,Yes,Yes,No,No internet service,No internet service,No internet service,No internet service,No internet service,No internet service,One year,Yes,Bank transfer (automatic),44.33,2547.22,No
CUST-101286,Female,0,No,No,26,Yes,Yes,DSL,Yes,No,No,No,Yes,No,One year,Yes,Electronic check,78.48,1949.21,No
CUST-101287,Male,0,Yes,Yes,42,Yes,No,DSL,No,Yes,Yes,No,No,No,One year,No,Electronic check,78.4,3257.58,No
CUST-101288,Male,0,No,No,30,Yes,No,DSL,No,Yes,No,No,No,No,Month-to-month,Yes,Electronic check,75.83,2233.51,Yes
CUST-101289,Female,0,Yes,No,44,No,No phone service,Fiber optic,Yes,No,No,No,No,No,Month-to-month,No,Electronic check,78.36,3483.32,Yes
CUST-101290,Male,0,No,No,59,Yes,No,DSL,No,No,No,No,No,No,Month-to-month,Yes,Mailed check,74.81,4252.66,No
CUST-101291,Female,0,No,No,30,Yes,No,DSL,No,No,Yes,Yes,No,Yes,Month-to-month,Yes,Bank transfer (automatic),83.72,2444.23,No
CUST-101292,Male,0,No,No,28,Yes,Yes,No,No internet service,No internet service,No internet service,No internet service,No internet service,No internet service,Two year,No,Electronic check,42.66,1247.5,No
CUST-101293,Male,1,Yes,No,14,Yes,No,Fiber optic,No,Yes,No,No,Yes,No,Month-to-month,Yes,Electronic check,97.37,1377.92,No
CUST-101294,Female,0,No,Yes,36,Yes,Yes,DSL,Yes,Yes,No,Yes,Yes,Yes,Two year,Yes,Electronic check,89.06,3123.81,No
CUST-101295,Female,0,No,No,33,Yes,No,No,No internet service,No internet service,No internet service,No internet service,No internet service,No internet service,Month-to-month,No,Credit card (automatic),44.24,1419.39,No
CUST-101296,Male,0,No,Yes,11,Yes,No,Fiber optic,No,Yes,Yes,No,No,Yes,One year,Yes,Electronic check,114.59,1287.37,Yes
CUST-101297,Female,0,Yes,No,70,Yes,Yes,No,No internet service,No internet service,No internet service,No internet service,No internet service,No internet service,Month-to-month,Yes,Electronic check,37.33,2691.26,No
CUST-101298,Female,1,Yes,No,62,Yes,Yes,DSL,No,No,No,Yes,Yes,No,Two year,Yes,Bank transfer (automatic),79.38,5025.32,No
CUST-101299,Male,0,Yes,No,21,Yes,No,DSL,No,No,No,No,Yes,No,Two year,No,Mailed check,70.97,1456.76,No
CUST-101300,Female,0,No,Yes,68,Yes,No,DSL,No,No,No,Yes,Yes,Yes,Month-to-month,Yes,Electronic check,84.36,5966.68,No
CUST-101301,Male,0,Yes,Yes,19,Yes,Yes,Fiber optic,No,No,No,No,No,No,Month-to-month,No,Bank transfer (automatic),91.69,1663.74,No
CUST-101302,Female,0,No,Yes,30,Yes,Yes,Fiber optic,Yes,No,No,Yes,Yes,Yes,One year,No,Mailed check,112.76,3315.42,No
CUST-101303,Female,0,No,No,9,Yes,Yes,Fiber optic,Yes,No,No,No,Yes,No,Month-to-month,No,Mailed check,100.87,897.23,Yes
CUST-101304,Female,0,No,No,44,No,No phone service,Fiber optic,No,No,Yes,Yes,Yes,No,Month-to-month,Yes,Bank transfer (automatic),93.5,4244.79,No
CUST-101305,Female,0,No,No,35,Yes,No,Fiber optic,No,No,Yes,No,No,No,Two year,Yes,Electronic check,97.95,3446.02,No
CUST-101306,Male,0,No,No,19,Yes,No,Fiber optic,Yes,Yes,No,No,Yes,No,One year,No,Electronic check,106.19,2095.07,Yes
CUST-101307,Male,0,No,Yes,21,Yes,No,DSL,Yes,Yes,No,No,No,No,Month-to-month,No,Mailed check,86.42,1834.06,Yes
CUST-101308,Male,0,Yes,No,68,Yes,No,Fiber optic,Yes,No,No,Yes,No,No,Month-to-month,Yes,Electronic check,103.58,7202.79,Yes
CUST-101309,Female,0,No,No,50,Yes,Yes,No,No internet service,No internet service,No internet service,No internet service,No internet service,No internet service,Month-to-month,Yes,Electronic check,39.24,1926.24,No
CUST-101310,Female,0,No,No,11,Yes,No,No,No internet service,No internet service,No internet service,No internet service,No internet service,No internet service,Two year,No,Electronic check,37.18,410.17,No
CUST-101311,Male,0,Yes,No,9,Yes,No,DSL,No,No,Yes,No,Yes,No,Month-to-month,No,Mailed check,80.46,695.0,Yes
CUST-101312,Female,0,No,No,5,No,No phone service,Fiber optic,No,No,No,No,Yes,No,Month-to-month,No,Credit card (automatic),75.24,371.91,Yes
CUST-101313,Female,1,No,Yes,18,Yes,No,DSL,No,Yes,No,No,Yes,No,Month-to-month,No,Bank transfer (automatic),76.02,1340.85,Yes
CUST-101314,Female,0,No,No,53,Yes,No,Fiber optic,No,No,Yes,No,No,No,Two year,Yes,Credit card (automatic),88.92,4624.09,No
CUST-101315,Male,0,No,No,4,Yes,Yes,Fiber optic,Yes,Yes,No,No,No,Yes,Month-to-month,No,Mailed check,99.92,410.42,Yes
CUST-101316,Female,0,No,No,18,Yes,Yes,No,No internet service,No internet service,No internet service,No internet service,No internet service,No internet service,One year,No,Mailed check,38.62,702.5,No
CUST-101317,Female,0,Yes,Yes,3,Yes,Yes,No,No internet service,No internet service,No internet service,No internet service,No internet service,No internet service,Month-to-month,Yes,Electronic check,38.59,120.48,No
CUST-101318,Male,0,Yes,No,47,No,No phone service,DSL,No,Yes,No,No,No,No,Two year,Yes,Electronic check,53.12,2446.5,No
CUST-101319,Male,0,Yes,No,59,Yes,Yes,Fiber optic,No,No,Yes,No,Yes,Yes,Month-to-month,Yes,Electronic check,105.53,5971.06,Yes
CUST-101320,Male,0,No,Yes,38,Yes,Yes,Fiber optic,No,Yes,No,No,Yes,No,Two year,Yes,Electronic check,100.9,3659.93,No
CUST-101321,Male,0,Yes,No,66,Yes,No,Fiber optic,No,No,No,No,No,Yes,Two year,No,Bank transfer (automatic),97.2,6378.03,No
CUST-101322,Female,0,No,No,50,Yes,No,Fiber optic,No,No,No,No,Yes,No,Month-to-month,Yes,Mailed check,96.61,4820.33,Yes
CUST-101323,Female,0,No,No,55,Yes,Yes,DSL,No,No,No,No,Yes,No,Month-to-month,No,Electronic check,75.98,4338.79,Yes
CUST-101324,Female,0,No,Yes,22,Yes,Yes,DSL,No,Yes,No,No,Yes,No,Two year,Yes,Bank transfer (automatic),72.97,1611.07,No
CUST-101325,Male,0,Yes,No,63,Yes,No,Fiber optic,Yes,Yes,No,Yes,No,No,Month-to-month,Yes,Electronic check,105.37,6313.39,Yes
CUST-101326,Female,0,Yes,No,46,Yes,No,Fiber optic,No,No,Yes,No,No,Yes,Two year,Yes,Credit card (automatic),104.88,4887.56,Yes
CUST-101327,Male,0,Yes,No,6,Yes,No,Fiber optic,No,Yes,No,No,No,Yes,Two year,Yes,Credit card (automatic),100.39,589.62,No
CUST-101328,Female,0,Yes,No,6,Yes,Yes,DSL,Yes,No,No,Yes,No,No,Month-to-month,No,Electronic check,65.82,388.94,No
CUST-101329,Male,1,Yes,No,65,Yes,Yes,DSL,No,No,No,No,No,Yes,Month-to-month,Yes,Electronic check,75.75,5062.25,No
CUST-101330,Male,0,Yes,No,20,Yes,No,DSL,No,No,Yes,No,No,Yes,Month-to-month,No,Credit card (automatic),77.78,1627.38,Yes
CUST-101331,Female,0,Yes,No,34,Yes,Yes,No,No internet service,No internet service,No internet service,No internet service,No internet service,No internet service,One year,No,Credit card (automatic),35.65,1219.41,Yes
CUST-101332,Male,0,No,No,55,Yes,Yes,Fiber optic,No,No,No,No,No,Yes,Month-to-month,Yes,Credit card (automatic),95.81,5115.06,No
CUST-101333,Female,0,Yes,No,56,Yes,Yes,DSL,No,Yes,No,No,Yes,Yes,One year,Yes,Electronic check,82.55,4674.62,No
CUST-101334,Female,0,Yes,Yes,1,Yes,Yes,DSL,No,No,No,No,No,No,Month-to-month,No,Bank transfer (automatic),56.01,56.99,No
CUST-101335,Female,0,No,No,44,Yes,Yes,No,No internet service,No internet service,No internet service,No internet service,No internet service,No internet service,Two year,Yes,Electronic check,35.26,1570.08,No
CUST-101336,Female,0,No,Yes,66,Yes,No,Fiber optic,No,No,No,Yes,Yes,Yes,Month-to-month,Yes,Mailed check,102.75,7104.12,Yes
CUST-101337,Male,0,No,No,25,Yes,Yes,No,No internet service,No internet service,No internet service,No internet service,No internet service,No internet service,Month-to-month,No,Electronic check,47.01,1136.86,No
CUST-101338,Female,0,No,Yes,39,Yes,No,No,No internet service,No internet service,No internet service,No internet service,No internet service,No internet service,Month-to-month,Yes,Bank transfer (automatic),29.94,1111.26,No
CUST-101339,Male,0,Yes,No,19,Yes,Yes,DSL,Yes,No,No,Yes,No,No,Month-to-month,No,Mailed check,74.9,1359.16,No
CUST-101340,Female,1,No,No,52,Yes,Yes,No,No internet service,No internet service,No internet service,No internet service,No internet service,No internet service,Month-to-month,Yes,Credit card (automatic),40.47,2042.57,No
CUST-101341,Male,0,No,No,8,No,No phone service,Fiber optic,No,No,No,Yes,No,No,Two year,No,Electronic check,78.74,623.44,Yes
CUST-101342,Male,0,No,No,37,Yes,No,Fiber optic,No,No,No,Yes,Yes,No,Month-to-month,No,Credit card (automatic),107.9,3857.26,No
CUST-101343,Female,0,No,Yes,30,Yes,Yes,Fiber optic,No,No,Yes,No,Yes,Yes,Month-to-month,Yes,Mailed check,110.79,3297.97,No
CUST-101344,Male,0,Yes,No,46,Yes,Yes,Fiber optic,No,No,No,Yes,Yes,No,One year,Yes,Credit card (automatic),101.07,4477.86,No
CUST-101345,Female,0,No,No,36,Yes,Yes,Fiber optic,No,No,No,Yes,No,No,One year,Yes,Bank transfer (automatic),90.65,3345.54,No
CUST-101346,Female,0,No,No,71,No,No phone service,DSL,Yes,No,Yes,No,No,No,Month-to-month,Yes,Electronic check,56.93,3847.72,No
CUST-101347,Female,0,No,No,71,Yes,No,Fiber optic,No,Yes,No,Yes,Yes,No,Month-to-month,No,Bank transfer (automatic),108.61,7520.27,Yes
CUST-101348,Female,0,Yes,No,20,Yes,No,DSL,No,No,No,No,No,No,Month-to-month,No,Mailed check,66.89,1366.6,Yes
CUST-101349,Female,0,Yes,Yes,2,Yes,Yes,DSL,Yes,No,Yes,No,Yes,No,Month-to-month,No,Electronic check,90.21,179.96,Yes
CUST-101350,Male,0,Yes,Yes,35,No,No phone service,Fiber optic,No,No,Yes,No,No,No,Month-to-month,No,Electronic check,72.58,2554.93,No
CUST-101351,Male,0,Yes,No,43,Yes,No,Fiber optic,No,No,No,Yes,No,No,Month-to-month,Yes,Credit card (automatic),99.97,4460.4,Yes
CUST-101352,Male,0,Yes,No,54,Yes,No,DSL,No,No,Yes,Yes,Yes,Yes,One year,Yes,Credit card (automatic),85.12,4819.91,No
CUST-101353,Female,0,No,No,38,Yes,No,DSL,No,No,Yes,No,No,Yes,Two year,No,Bank transfer (automatic),75.36,2862.52,No
CUST-101354,Male,0,Yes,No,42,Yes,Yes,No,No internet service,No internet service,No internet service,No internet service,No internet service,No internet service,Month-to-month,Yes,Electronic check,43.78,1826.73,No
CUST-101355,Male,1,Yes,No,1,Yes,No,Fiber optic,No,No,No,No,Yes,No,Month-to-month,Yes,Mailed check,96.35,98.83,Yes
CUST-101356,Male,0,Yes,No,55,Yes,No,Fiber optic,No,No,Yes,Yes,Yes,Yes,Two year,Yes,Electronic check,113.0,5910.98,No
CUST-101357,Male,0,No,No,24,Yes,No,DSL,Yes,No,Yes,No,No,No,One year,Yes,Bank transfer (automatic),82.59,2070.7,No
CUST-101358,Male,0,No,Yes,28,Yes,No,Fiber optic,No,Yes,No,No,No,No,One year,No,Mailed check,105.13,2847.19,No
CUST-101359,Male,0,No,No,30,Yes,No,Fiber optic,No,No,Yes,No,No,Yes,Two year,Yes,Mailed check,103.39,3225.86,No
CUST-101360,Male,0,No,No,5,No,No phone service,DSL,Yes,Yes,Yes,No,Yes,Yes,One year,No,Credit card (automatic),82.78,431.95,No
CUST-101361,Male,1,No,Yes,36,Yes,Yes,Fiber optic,No,No,Yes,No,Yes,No,One year,No,Credit card (automatic),102.74,3548.95,No
CUST-101362,Male,0,No,No,27,Yes,Yes,DSL,No,Yes,No,No,Yes,No,Month-to-month,No,Electronic check,70.97,1947.4,No
CUST-101363,Male,0,No,No,17,Yes,Yes,DSL,No,No,No,No,Yes,No,Two year,No,Mailed check,72.88,1192.54,No
CUST-101364,Female,0,Yes,No,17,Yes,No,Fiber optic,No,No,No,No,No,Yes,One year,No,Mailed check,100.09,1646.05,Yes
CUST-101365,Male,0,No,Yes,2,No,No phone service,Fiber optic,No,No,No,Yes,No,No,Month-to-month,Yes,Electronic check,73.81,141.65,Yes
CUST-101366,Male,0,Yes,Yes,64,Yes,Yes,Fiber optic,Yes,Yes,Yes,Yes,No,No,One year,No,Mailed check,109.01,7164.05,No
CUST-101367,Male,0,No,No,21,Yes,Yes,Fiber optic,Yes,No,Yes,No,Yes,No,Month-to-month,No,Electronic check,97.54,2021.13,Yes
CUST-101368,Female,0,Yes,Yes,63,Yes,No,Fiber optic,Yes,No,No,Yes,No,Yes,Month-to-month,No,Electronic check,106.8,6817.36,No
CUST-101369,Female,0,Yes,Yes,61,Yes,No,Fiber optic,No,No,No,No,Yes,Yes,Month-to-month,Yes,Bank transfer (automatic),102.82,6575.16,Yes
CUST-101370,Female,0,Yes,No,33,Yes,Yes,DSL,Yes,No,Yes,No,Yes,No,One year,Yes,Electronic check,87.6,2870.88,Yes
CUST-101371,Male,0,No,Yes,58,Yes,No,DSL,No,No,No,Yes,Yes,No,Month-to-month,No,Bank transfer (automatic),81.55,4764.21,No
CUST-101372,Male,0,No,No,15,Yes,No,DSL,Yes,No,Yes,Yes,No,Yes,One year,No,Electronic check,101.88,1593.26,No
CUST-101373,Male,0,Yes,No,13,Yes,No,No,No internet service,No internet service,No internet service,No internet service,No internet service,No internet service,One year,Yes,Bank transfer (automatic),37.43,479.73,No
CUST-101374,Female,0,No,Yes,65,Yes,Yes,DSL,No,No,Yes,Yes,No,No,Month-to-month,No,Bank transfer (automatic),75.73,4749.71,No
CUST-101375,Female,0,Yes,No,47,Yes,Yes,Fiber optic,Yes,No,No,No,Yes,No,Month-to-month,No,Credit card (automatic),99.18,4634.1,No
CUST-101376,Female,0,No,Yes,50,No,No phone service,Fiber optic,No,No,Yes,No,Yes,Yes,Month-to-month,No,Electronic check,96.33,4799.08,Yes
CUST-101377,Female,0,Yes,Yes,67,Yes,Yes,Fiber optic,No,No,No,Yes,Yes,No,One year,No,Mailed check,98.78,6745.17,No
CUST-101378,Female,0,Yes,No,1,Yes,Yes,Fiber optic,No,No,Yes,Yes,Yes,Yes,Two year,No,Credit card (automatic),102.62,100.25,No
CUST-101379,Female,0,No,No,12,Yes,Yes,Fiber optic,No,Yes,No,Yes,Yes,No,Month-to-month,No,Electronic check,102.93,1224.27,No
CUST-101380,Female,0,No,No,70,Yes,Yes,DSL,No,Yes,No,Yes,Yes,Yes,One year,Yes,Electronic check,79.61,5686.34,Yes
CUST-101381,Male,0,No,No,9,Yes,Yes,DSL,No,No,No,Yes,No,Yes,Two year,Yes,Mailed check,81.91,757.26,Yes
CUST-101382,Male,0,No,No,32,Yes,Yes,No,No internet service,No internet service,No internet service,No internet service,No internet service,No internet service,One year,Yes,Credit card (automatic),37.69,1240.61,No
CUST-101383,Female,0,No,No,1,Yes,Yes,No,No internet service,No internet service,No internet service,No internet service,No internet service,No internet service,Month-to-month,Yes,Electronic check,38.11,38.48,Yes
CUST-101384,Male,1,Yes,No,23,Yes,No,No,No internet service,No internet service,No internet service,No internet service,No internet service,No internet service,Month-to-month,No,Electronic check,42.39,965.71,No
CUST-101385,Male,1,Yes,No,12,Yes,No,No,No internet service,No internet service,No internet service,No internet service,No internet service,No internet service,Two year,No,Credit card (automatic),37.73,447.48,No
CUST-101386,Female,0,No,No,18,Yes,Yes,Fiber optic,No,No,No,Yes,No,Yes,Month-to-month,Yes,Mailed check,105.25,1901.07,Yes
CUST-101387,Male,0,Yes,Yes,59,Yes,No,DSL,Yes,Yes,Yes,No,Yes,No,Month-to-month,Yes,Electronic check,100.0,5818.74,No
CUST-101388,Female,0,No,No,20,Yes,Yes,Fiber optic,Yes,No,No,No,Yes,Yes,Month-to-month,No,Mailed check,103.3,2071.96,Yes
CUST-101389,Female,1,Yes,No,59,Yes,No,Fiber optic,No,No,No,Yes,No,No,Month-to-month,Yes,Electronic check,93.88,5762.87,No
CUST-101390,Male,0,No,Yes,65,Yes,Yes,DSL,No,No,No,Yes,No,Yes,One year,Yes,Mailed check,77.24,5156.49,No
CUST-101391,Female,0,Yes,No,39,Yes,No,Fiber optic,No,No,Yes,Yes,No,No,Two year,No,Electronic check,103.42,3879.16,No
CUST-101392,Female,0,No,No,39,Yes,Yes,No,No internet service,No internet service,No internet service,No internet service,No internet service,No internet service,Two year,No,Mailed check,34.38,1322.73,No
CUST-101393,Female,0,No,Yes,24,Yes,Yes,DSL,No,Yes,No,No,Yes,No,One year,Yes,Bank transfer (automatic),79.53,1816.53,No
CUST-101394,Male,0,Yes,No,48,Yes,No,Fiber optic,No,No,No,Yes,No,Yes,Two year,Yes,Electronic check,95.9,4651.82,No
CUST-101395,Female,0,Yes,No,58,No,No phone service,Fiber optic,No,No,No,No,Yes,Yes,Two year,Yes,Mailed check,87.52,5037.52,Yes
CUST-101396,Female,0,Yes,No,63,Yes,No,DSL,No,No,No,No,Yes,Yes,Two year,Yes,Credit card (automatic),75.21,4943.23,No
CUST-101397,Female,0,Yes,No,14,Yes,Yes,No,No internet service,No internet service,No internet service,No internet service,No internet service,No internet service,Two year,Yes,Mailed check,41.4,550.91,No
CUST-101398,Male,1,Yes,No,50,Yes,No,Fiber optic,No,No,No,No,No,No,Two year,Yes,Credit card (automatic),86.77,4237.01,No
CUST-101399,Male,0,No,No,10,Yes,No,DSL,No,Yes,Yes,No,Yes,Yes,Month-to-month,Yes,Credit card (automatic),87.4,848.22,No
CUST-101400,Female,0,Yes,No,35,Yes,No,No,No internet service,No internet service,No internet service,No internet service,No internet service,No internet service,Month-to-month,Yes,Electronic check,36.35,1236.49,No
CUST-101401,Male,0,Yes,Yes,6,Yes,Yes,Fiber optic,No,Yes,No,No,Yes,No,Month-to-month,No,Bank transfer (automatic),110.11,693.56,Yes
CUST-101402,Male,0,Yes,Yes,40,Yes,No,Fiber optic,No,No,Yes,No,No,Yes,One year,Yes,Credit card (automatic),109.11,4343.9,Yes
CUST-101403,Male,1,Yes,No,62,Yes,No,Fiber optic,Yes,No,No,No,No,No,Two year,Yes,Bank transfer (automatic),101.76,6277.69,No
CUST-101404,Male,0,Yes,No,59,Yes,No,No,No internet service,No internet service,No internet service,No internet service,No internet service,No internet service,Two year,Yes,Bank transfer (automatic),37.99,2289.6,No
CUST-101405,Male,0,No,No,52,Yes,Yes,DSL,Yes,No,Yes,No,No,No,Two year,Yes,Electronic check,77.91,3904.68,No
CUST-101406,Male,1,No,Yes,42,Yes,Yes,Fiber optic,No,Yes,Yes,No,No,Yes,Two year,No,Credit card (automatic),113.72,4726.34,Yes
CUST-101407,Female,0,No,Yes,45,Yes,No,Fiber optic,No,No,No,No,No,Yes,Month-to-month,Yes,Electronic check,90.37,4057.14,No
CUST-101408,Male,0,Yes,Yes,7,Yes,No,No,No internet service,No internet service,No internet service,No internet service,No internet service,No internet service,Month-to-month,No,Bank transfer (automatic),39.28,275.51,No
CUST-101409,Male,0,No,No,53,Yes,Yes,Fiber optic,Yes,No,No,No,Yes,No,One year,No,Credit card (automatic),104.33,5483.27,No
CUST-101410,Male,0,No,Yes,49,Yes,No,No,No internet service,No internet service,No internet service,No internet service,No internet service,No internet service,Month-to-month,Yes,Mailed check,38.87,1826.75,No
CUST-101411,Female,0,No,No,10,Yes,Yes,DSL,No,No,No,No,Yes,Yes,Two year,No,Mailed check,69.61,677.79,No
CUST-101412,Male,0,No,No,46,Yes,No,Fiber optic,No,No,No,No,No,No,One year,Yes,Bank transfer (automatic),92.87,4476.43,Yes
CUST-101413,Female,1,Yes,No,28,Yes,Yes,DSL,No,No,No,No,Yes,No,Month-to-month,Yes,Credit card (automatic),69.24,1982.63,No
CUST-101414,Female,0,No,No,37,Yes,No,Fiber optic,No,No,No,No,No,Yes,One year,Yes,Mailed check,93.05,3288.26,Yes
CUST-101415,Female,0,No,Yes,59,Yes,No,No,No internet service,No internet service,No internet service,No internet service,No internet service,No internet service,One year,No,Bank transfer (automatic),36.8,2079.93,No
CUST-101416,Female,0,No,No,23,Yes,No,Fiber optic,No,Yes,No,No,Yes,No,One year,No,Electronic check,103.78,2282.51,Yes
CUST-101417,Male,0,No,No,66,Yes,Yes,DSL,No,Yes,No,Yes,Yes,No,Two year,No,Electronic check,80.47,5138.45,No
CUST-101418,Female,1,No,Yes,30,Yes,Yes,Fiber optic,No,No,Yes,No,Yes,Yes,Month-to-month,No,Electronic check,106.65,3117.66,Yes
CUST-101419,Male,0,Yes,No,37,No,No phone service,DSL,Yes,No,No,No,No,No,Two year,No,Mailed check,54.01,2070.61,No
CUST-101420,Female,0,No,No,2,Yes,No,DSL,No,No,No,No,No,Yes,Month-to-month,Yes,Mailed check,70.96,145.95,Yes
CUST-101421,Female,0,No,Yes,8,Yes,No,Fiber optic,Yes,Yes,No,No,Yes,No,Month-to-month,No,Electronic check,106.36,858.88,Yes
CUST-101422,Female,0,No,No,20,Yes,Yes,No,No internet service,No internet service,No internet service,No internet service,No internet service,No internet service,Month-to-month,Yes,Electronic check,48.05,914.16,No
CUST-101423,Female,1,No,Yes,71,Yes,No,DSL,No,No,Yes,Yes,Yes,No,Two year,No,Electronic check,83.69,6213.38,No
CUST-101424,Male,0,Yes,Yes,18,Yes,No,Fiber optic,No,No,No,No,No,Yes,Two year,Yes,Credit card (automatic),95.13,1743.24,No
CUST-101425,Female,0,Yes,Yes,28,Yes,No,Fiber optic,No,Yes,Yes,No,Yes,No,Month-to-month,Yes,Electronic check,102.55,2881.46,No
CUST-101426,Female,0,Yes,No,62,No,No phone service,DSL,No,No,Yes,Yes,No,No,One year,Yes,Mailed check,60.75,3826.6,No
CUST-101427,Female,0,No,No,23,No,No phone service,Fiber optic,Yes,No,No,No,Yes,No,Two year,Yes,Bank transfer (automatic),86.82,2081.0,No
CUST-101428,Male,0,No,No,59,Yes,No,DSL,No,No,No,Yes,No,Yes,Two year,No,Credit card (automatic),75.49,4232.29,No
CUST-101429,Female,0,No,No,8,Yes,No,No,No internet service,No internet service,No internet service,No internet service,No internet service,No internet service,Month-to-month,Yes,Bank transfer (automatic),39.21,303.0,No
CUST-101430,Male,0,No,No,9,Yes,No,Fiber optic,No,Yes,Yes,No,Yes,Yes,Month-to-month,Yes,Electronic check,117.69,1037.22,Yes
CUST-101431,Male,0,No,No,0,No,No phone service,DSL,Yes,Yes,No,Yes,No,No,Month-to-month,No,Electronic check,58.42,0.0,No
CUST-101432,Male,0,Yes,No,9,Yes,No,DSL,No,No,Yes,No,No,No,Two year,No,Electronic check,66.82,618.92,No
CUST-101433,Female,0,No,No,44,Yes,No,DSL,No,No,Yes,Yes,Yes,No,Month-to-month,No,Bank transfer (automatic),82.78,3474.65,No
CUST-101434,Male,0,No,No,6,Yes,No,No,No internet service,No internet service,No internet service,No internet service,No internet service,No internet service,Month-to-month,No,Electronic check,42.07,259.79,Yes
CUST-101435,Male,0,No,No,44,Yes,Yes,No,No internet service,No internet service,No internet service,No internet service,No internet service,No internet service,Two year,Yes,Electronic check,38.81,1656.33,No
CUST-101436,Male,0,No,Yes,43,Yes,No,No,No internet service,No internet service,No internet service,No internet service,No internet service,No internet service,Month-to-month,Yes,Electronic check,39.77,1626.69,No
CUST-101437,Female,0,No,No,17,Yes,Yes,Fiber optic,No,No,No,No,No,Yes,One year,Yes,Mailed check,98.6,1673.82,No
CUST-101438,Male,0,Yes,Yes,2,Yes,Yes,No,No internet service,No internet service,No internet service,No internet service,No internet service,No internet service,Two year,Yes,Electronic check,40.91,77.73,No
CUST-101439,Female,0,No,No,11,Yes,Yes,Fiber optic,No,Yes,Yes,No,Yes,No,Month-to-month,Yes,Mailed check,115.79,1257.98,No
CUST-101440,Female,1,No,No,10,Yes,No,DSL,Yes,No,No,No,No,No,Month-to-month,No,Electronic check,79.34,792.43,No
CUST-101441,Female,0,Yes,Yes,38,Yes,Yes,Fiber optic,Yes,Yes,Yes,No,Yes,No,Month-to-month,Yes,Mailed check,113.37,4513.82,Yes
CUST-101442,Female,0,Yes,No,67,Yes,No,Fiber optic,No,No,Yes,Yes,No,No,One year,No,Electronic check,93.82,6035.99,No
CUST-101443,Male,1,Yes,No,31,Yes,No,Fiber optic,Yes,No,No,No,No,No,Month-to-month,No,Mailed check,101.23,3067.2,No
CUST-101444,Male,0,Yes,No,46,Yes,No,DSL,No,No,Yes,No,Yes,No,Month-to-month,Yes,Bank transfer (automatic),81.09,3645.35,Yes
CUST-101445,Male,0,No,No,22,No,No phone service,Fiber optic,Yes,No,No,No,Yes,No,Month-to-month,Yes,Mailed check,89.7,2052.09,Yes
CUST-101446,Female,0,Yes,No,6,Yes,Yes,Fiber optic,No,Yes,No,No,No,No,Month-to-month,Yes,Electronic check,96.86,584.75,Yes
CUST-101447,Female,0,Yes,Yes,15,Yes,Yes,DSL,No,No,Yes,No,Yes,No,Two year,No,Bank transfer (automatic),80.01,1174.77,No
CUST-101448,Female,0,No,No,34,Yes,Yes,DSL,No,No,No,No,No,No,Month-to-month,Yes,Mailed check,61.67,2198.04,No
CUST-101449,Male,0,Yes,No,62,Yes,No,Fiber optic,Yes,No,No,Yes,No,Yes,One year,No,Mailed check,115.26,6931.21,No
CUST-101450,Male,0,No,No,18,Yes,No,Fiber optic,No,No,No,No,Yes,Yes,Two year,Yes,Electronic check,114.38,2109.43,No
CUST-101451,Male,0,Yes,No,71,Yes,Yes,Fiber optic,No,Yes,No,Yes,No,No,One year,No,Credit card (automatic),103.85,7403.24,No
CUST-101452,Male,0,Yes,No,46,Yes,No,No,No internet service,No internet service,No internet service,No internet service,No internet service,No internet service,One year,Yes,Mailed check,47.02,2068.03,No
CUST-101453,Male,1,No,Yes,25,Yes,No,Fiber optic,No,Yes,No,No,No,Yes,Month-to-month,Yes,Mailed check,103.4,2545.19,No
CUST-101454,Female,0,No,No,45,Yes,No,DSL,No,No,No,No,No,No,Month-to-month,Yes,Electronic check,67.79,3047.78,Yes
CUST-101455,Male,0,No,No,50,Yes,Yes,DSL,No,No,Yes,No,No,Yes,Month-to-month,No,Bank transfer (automatic),82.61,3935.84,No
CUST-101456,Female,1,No,No,50,Yes,No,DSL,No,Yes,No,No,Yes,Yes,Month-to-month,Yes,Electronic check,74.69,3769.5,Yes
CUST-101457,Male,0,Yes,Yes,63,Yes,No,DSL,No,No,No,No,Yes,No,Two year,No,Bank transfer (automatic),74.88,4829.34,Yes
CUST-101458,Male,0,No,No,48,Yes,Yes,No,No internet service,No internet service,No internet service,No internet service,No internet service,No internet service,Month-to-month,Yes,Electronic check,48.24,2330.45,No
CUST-101459,Female,0,Yes,No,1,Yes,Yes,No,No internet service,No internet service,No internet service,No internet service,No internet service,No internet service,Month-to-month,No,Electronic check,49.56,49.35,Yes
CUST-101460,Female,0,No,Yes,27,No,No phone service,Fiber optic,No,Yes,Yes,No,No,No,Two year,No,Bank transfer (automatic),79.85,2249.92,No
CUST-101461,Male,0,Yes,Yes,66,Yes,No,DSL,No,No,No,No,Yes,Yes,Two year,Yes,Mailed check,81.59,5472.88,Yes
CUST-101462,Male,0,No,No,15,Yes,Yes,DSL,No,No,Yes,No,Yes,No,One year,Yes,Electronic check,78.97,1224.48,Yes
CUST-101463,Male,0,Yes,Yes,36,Yes,Yes,Fiber optic,No,No,Yes,No,No,No,Month-to-month,Yes,Bank transfer (automatic),93.18,3461.39,No
CUST-101464,Female,0,Yes,No,36,Yes,Yes,No,No internet service,No internet service,No internet service,No internet service,No internet service,No internet service,One year,Yes,Credit card (automatic),33.98,1279.55,No
CUST-101465,Male,0,Yes,No,40,Yes,Yes,Fiber optic,Yes,No,No,Yes,No,No,Month-to-month,Yes,Mailed check,100.19,4020.77,Yes
CUST-101466,Female,0,No,No,63,Yes,No,No,No internet service,No internet service,No internet service,No internet service,No internet service,No internet service,One year,Yes,Bank transfer (automatic),42.96,2608.05,Yes
CUST-101467,Male,0,Yes,No,39,Yes,No,DSL,No,Yes,No,Yes,No,No,One year,No,Mailed check,78.64,3200.3,No
CUST-101468,Female,0,No,No,0,No,No phone service,Fiber optic,Yes,Yes,No,Yes,Yes,No,Two year,Yes,Mailed check,88.99,0.0,No
CUST-101469,Male,0,Yes,Yes,17,Yes,No,DSL,Yes,No,No,No,Yes,No,Month-to-month,No,Bank transfer (automatic),77.66,1310.74,Yes
CUST-101470,Female,0,No,No,46,Yes,No,Fiber optic,No,No,No,Yes,No,Yes,Two year,Yes,Bank transfer (automatic),98.7,4509.68,No
CUST-101471,Female,0,Yes,Yes,57,Yes,Yes,Fiber optic,No,Yes,Yes,Yes,No,Yes,Month-to-month,Yes,Electronic check,119.83,7001.0,Yes
CUST-101472,Male,0,No,Yes,47,Yes,No,Fiber optic,No,No,No,No,No,No,Month-to-month,Yes,Electronic check,91.98,4120.76,Yes
CUST-101473,Male,1,Yes,Yes,53,Yes,Yes,Fiber optic,Yes,Yes,No,No,No,Yes,Two year,No,Mailed check,101.73,5368.9,No
CUST-101474,Female,0,Yes,No,17,Yes,No,DSL,Yes,No,No,No,No,No,Month-to-month,No,Bank transfer (automatic),72.77,1234.6,No
CUST-101475,Male,0,Yes,Yes,6,No,No phone service,DSL,No,No,No,No,No,No,Month-to-month,Yes,Bank transfer (automatic),50.51,297.1,Yes
CUST-101476,Male,0,Yes,Yes,69,Yes,No,Fiber optic,Yes,No,No,No,No,Yes,Month-to-month,No,Electronic check,101.8,7334.2,No
CUST-101477,Male,0,Yes,No,41,Yes,Yes,Fiber optic,Yes,No,No,No,Yes,Yes,Month-to-month,Yes,Mailed check,113.87,4622.59,Yes
CUST-101478,Male,0,Yes,Yes,53,Yes,No,No,No internet service,No internet service,No internet service,No internet service,No internet service,No internet service,Month-to-month,Yes,Bank transfer (automatic),37.5,1939.53,No
CUST-101479,Male,1,No,No,69,Yes,No,No,No internet service,No internet service,No internet service,No internet service,No internet service,No internet service,One year,Yes,Electronic check,38.42,2635.62,No
CUST-101480,Male,1,No,No,13,Yes,No,Fiber optic,No,No,Yes,No,Yes,No,Month-to-month,No,Credit card (automatic),98.61,1262.92,Yes
CUST-101481,Male,0,Yes,No,63,Yes,Yes,Fiber optic,No,No,Yes,No,No,No,Two year,Yes,Mailed check,94.71,6034.38,No
CUST-101482,Male,0,Yes,Yes,26,Yes,Yes,Fiber optic,No,No,No,Yes,No,No,One year,Yes,Credit card (automatic),96.99,2398.06,No
CUST-101483,Male,0,Yes,Yes,45,Yes,Yes,DSL,Yes,No,Yes,No,No,No,Two year,Yes,Mailed check,78.56,3677.58,No
CUST-101484,Male,0,Yes,No,28,Yes,Yes,Fiber optic,No,No,Yes,Yes,No,No,Two year,No,Mailed check,107.33,3116.44,Yes
CUST-101485,Female,0,Yes,No,14,Yes,No,DSL,No,Yes,Yes,No,No,Yes,One year,No,Credit card (automatic),85.37,1170.08,Yes
CUST-101486,Male,0,Yes,Yes,64,Yes,Yes,DSL,No,Yes,No,No,No,Yes,Month-to-month,Yes,Mailed check,81.21,5232.33,Yes
CUST-101487,Male,0,Yes,No,25,Yes,No,No,No internet service,No internet service,No internet service,No internet service,No internet service,No internet service,Two year,No,Electronic check,38.6,940.06,No
CUST-101488,Male,1,No,No,1,No,No phone service,Fiber optic,No,No,Yes,Yes,Yes,Yes,Month-to-month,No,Credit card (automatic),96.57,96.01,Yes
CUST-101489,Female,0,No,Yes,10,Yes,Yes,No,No internet service,No internet service,No internet service,No internet service,No internet service,No internet service,Month-to-month,No,Mailed check,41.53,401.36,No
CUST-101490,Male,0,No,No,70,Yes,Yes,No,No internet service,No internet service,No internet service,No internet service,No internet service,No internet service,One year,Yes,Bank transfer (automatic),39.41,2678.93,No
CUST-101491,Male,1,Yes,No,60,Yes,No,No,No internet service,No internet service,No internet service,No internet service,No internet service,No internet service,Month-to-month,Yes,Electronic check,34.97,2141.7,No
CUST-101492,Male,0,No,No,48,Yes,Yes,Fiber optic,No,No,No,Yes,Yes,Yes,One year,Yes,Credit card (automatic),107.01,4886.85,No
CUST-101493,Male,0,Yes,No,56,Yes,No,DSL,No,No,Yes,No,No,No,Two year,No,Credit card (automatic),64.73,3521.48,No
CUST-101494,Male,0,Yes,No,47,Yes,Yes,DSL,No,Yes,No,No,No,No,One year,Yes,Mailed check,72.81,3547.2,No
CUST-101495,Male,0,No,No,66,Yes,No,Fiber optic,No,No,Yes,Yes,No,No,Month-to-month,Yes,Electronic check,106.36,7363.0,No
CUST-101496,Female,0,Yes,No,7,Yes,Yes,DSL,Yes,Yes,No,Yes,Yes,Yes,Month-to-month,No,Mailed check,91.13,612.77,Yes
CUST-101497,Female,0,Yes,No,4,No,No phone service,Fiber optic,Yes,No,Yes,No,No,Yes,Month-to-month,No,Electronic check,96.9,390.74,Yes
CUST-101498,Male,0,No,No,50,Yes,No,No,No internet service,No internet service,No internet service,No internet service,No internet service,No internet service,Month-to-month,Yes,Mailed check,36.97,1878.6,Yes
CUST-101499,Female,0,No,No,70,Yes,No,Fiber optic,Yes,No,No,Yes,No,Yes,One year,Yes,Bank transfer (automatic),104.91,7002.46,No
CUST-101500,Female,0,No,Yes,42,No,No phone service,DSL,No,No,No,Yes,No,No,One year,Yes,Electronic check,53.34,2203.3,No
CUST-101501,Male,0,Yes,No,70,Yes,Yes,Fiber optic,No,No,Yes,No,No,Yes,One year,Yes,Credit card (automatic),105.56,7706.1,No
CUST-101502,Male,0,Yes,No,29,Yes,Yes,No,No internet service,No internet service,No internet service,No internet service,No internet service,No internet service,One year,Yes,Bank transfer (automatic),44.24,1267.2,No
CUST-101503,Male,0,No,Yes,49,Yes,Yes,No,No internet service,No internet service,No internet service,No internet service,No internet service,No internet service,Month-to-month,Yes,Mailed check,42.17,2149.55,No
CUST-101504,Female,0,Yes,No,37,Yes,No,Fiber optic,Yes,No,No,No,No,Yes,Month-to-month,Yes,Mailed check,106.72,3904.41,Yes
CUST-101505,Male,0,Yes,No,64,Yes,No,DSL,Yes,No,No,No,No,No,One year,No,Credit card (automatic),70.71,4665.59,No
CUST-101506,Female,0,Yes,No,47,Yes,Yes,Fiber optic,No,Yes,No,No,No,No,Month-to-month,Yes,Mailed check,98.24,4577.61,No
CUST-101507,Male,0,No,No,32,Yes,Yes,Fiber optic,No,No,No,Yes,No,Yes,Month-to-month,Yes,Credit card (automatic),100.52,3128.93,Yes
CUST-101508,Female,0,No,Yes,17,Yes,Yes,Fiber optic,No,No,Yes,No,No,Yes,One year,Yes,Electronic check,97.02,1639.05,Yes
CUST-101509,Female,0,Yes,No,22,Yes,No,Fiber optic,Yes,No,No,No,No,No,Month-to-month,No,Electronic check,92.08,2089.48,No
CUST-101510,Male,0,No,Yes,5,Yes,Yes,Fiber optic,Yes,No,Yes,No,No,Yes,Month-to-month,Yes,Mailed check,107.45,558.2,Yes
CUST-101511,Male,0,Yes,No,11,No,No phone service,No,No internet service,No internet service,No internet service,No internet service,No internet service,No internet service,Month-to-month,Yes,Electronic check,20.75,224.62,Yes
CUST-101512,Female,0,No,No,37,No,No phone service,No,No internet service,No internet service,No internet service,No internet service,No internet service,No internet service,Month-to-month,Yes,Mailed check,18.0,658.39,Yes
CUST-101513,Male,0,Yes,No,2,Yes,No,DSL,No,Yes,No,Yes,No,Yes,One year,Yes,Mailed check,81.89,171.06,No
CUST-101514,Male,0,Yes,Yes,34,Yes,No,Fiber optic,No,Yes,Yes,No,No,No,Month-to-month,Yes,Electronic check,106.47,3532.4,No
CUST-101515,Female,0,Yes,No,3,Yes,No,DSL,No,No,Yes,No,No,Yes,Two year,No,Electronic check,76.44,226.54,Yes
CUST-101516,Male,0,No,No,11,Yes,No,DSL,Yes,Yes,No,No,No,No,Month-to-month,Yes,Electronic check,77.71,820.64,Yes
CUST-101517,Male,0,No,No,50,No,No phone service,DSL,Yes,Yes,No,No,Yes,No,Month-to-month,No,Electronic check,59.74,3071.87,Yes
CUST-101518,Male,0,No,Yes,2,Yes,No,Fiber optic,No,No,No,No,No,No,Month-to-month,Yes,Electronic check,83.16,165.91,Yes
CUST-101519,Male,0,Yes,Yes,24,Yes,No,DSL,No,No,Yes,No,No,No,Two year,No,Electronic check,72.18,1798.35,No
CUST-101520,Female,1,Yes,No,13,Yes,No,No,No internet service,No internet service,No internet service,No internet service,No internet service,No internet service,Month-to-month,No,Credit card (automatic),39.82,528.54,No
CUST-101521,Female,0,Yes,No,3,Yes,No,DSL,Yes,Yes,No,Yes,Yes,Yes,One year,Yes,Electronic check,94.34,274.97,No
CUST-101522,Male,1,Yes,No,15,Yes,No,DSL,No,No,No,Yes,No,No,Two year,No,Electronic check,68.7,1034.52,Yes
CUST-101523,Male,0,Yes,No,8,Yes,Yes,DSL,No,No,No,No,No,Yes,Month-to-month,Yes,Credit card (automatic),64.66,504.33,No
CUST-101524,Female,0,No,No,5,Yes,No,Fiber optic,No,Yes,No,No,No,No,Month-to-month,No,Bank transfer (automatic),100.1,503.59,Yes
CUST-101525,Male,0,No,No,48,Yes,Yes,DSL,Yes,No,Yes,Yes,No,No,One year,Yes,Electronic check,85.4,3976.22,Yes
CUST-101526,Male,0,No,Yes,9,Yes,Yes,No,No internet service,No internet service,No internet service,No internet service,No internet service,No internet service,Two year,No,Credit card (automatic),39.68,340.48,No
CUST-101527,Male,0,Yes,Yes,68,Yes,No,Fiber optic,No,No,Yes,Yes,No,No,Month-to-month,Yes,Credit card (automatic),99.57,6456.39,Yes
CUST-101528,Male,0,Yes,Yes,35,Yes,No,No,No internet service,No internet service,No internet service,No internet service,No internet service,No internet service,Two year,Yes,Bank transfer (automatic),40.32,1479.8,No
CUST-101529,Female,0,No,No,29,Yes,No,DSL,No,Yes,No,No,No,Yes,One year,Yes,Bank transfer (automatic),80.58,2369.08,No
CUST-101530,Male,0,Yes,No,63,Yes,Yes,DSL,No,No,Yes,No,Yes,Yes,Two year,Yes,Bank transfer (automatic),90.22,5791.57,No
CUST-101531,Male,1,No,No,56,Yes,No,No,No internet service,No internet service,No internet service,No internet service,No internet service,No internet service,Month-to-month,No,Credit card (automatic),43.79,2555.92,Yes
CUST-101532,Female,0,No,No,30,Yes,No,Fiber optic,No,Yes,Yes,No,Yes,No,Month-to-month,No,Mailed check,106.86,3333.42,Yes
CUST-101533,Male,0,Yes,No,71,Yes,No,DSL,No,No,Yes,No,Yes,No,Month-to-month,Yes,Credit card (automatic),80.35,5571.85,Yes
CUST-101534,Female,0,Yes,No,38,Yes,No,DSL,Yes,Yes,No,No,No,No,Two year,No,Electronic check,81.54,3153.79,No
CUST-101535,Male,0,No,No,51,Yes,No,No,No internet service,No internet service,No internet service,No internet service,No internet service,No internet service,Month-to-month,Yes,Bank transfer (automatic),38.04,1982.94,No
CUST-101536,Male,1,No,Yes,70,No,No phone service,DSL,No,Yes,Yes,Yes,Yes,No,One year,No,Credit card (automatic),74.2,5055.89,No
CUST-101537,Male,0,No,Yes,52,Yes,Yes,Fiber optic,No,No,No,No,Yes,Yes,Month-to-month,Yes,Electronic check,99.02,4912.14,No
CUST-101538,Female,1,No,No,43,Yes,Yes,No,No internet service,No internet service,No internet service,No internet service,No internet service,No internet service,Month-to-month,Yes,Electronic check,36.92,1508.57,No
CUST-101539,Female,0,No,No,44,Yes,Yes,Fiber optic,Yes,Yes,No,No,No,No,Month-to-month,Yes,Bank transfer (automatic),103.08,4556.5,No
CUST-101540,Male,0,Yes,No,47,Yes,Yes,Fiber optic,No,Yes,No,No,No,No,One year,Yes,Bank transfer (automatic),101.52,4913.23,No
CUST-101541,Male,0,No,No,71,No,No phone service,Fiber optic,No,Yes,No,Yes,No,No,Month-to-month,No,Bank transfer (automatic),84.45,6028.45,No
CUST-101542,Male,0,No,No,51,Yes,No,Fiber optic,No,No,No,No,Yes,No,Two year,No,Credit card (automatic),97.51,4845.48,Yes
CUST-101543,Female,0,Yes,No,21,No,No phone service,Fiber optic,No,Yes,No,Yes,No,No,One year,Yes,Electronic check,82.8,1801.98,Yes
CUST-101544,Male,0,Yes,Yes,1,Yes,Yes,DSL,No,No,Yes,No,Yes,No,Two year,Yes,Bank transfer (automatic),70.97,73.12,No
CUST-101545,Female,1,No,No,57,Yes,Yes,Fiber optic,Yes,No,No,Yes,Yes,Yes,One year,Yes,Bank transfer (automatic),105.67,6056.29,No
CUST-101546,Female,0,No,No,35,No,No phone service,No,No internet service,No internet service,No internet service,No internet service,No internet service,No internet service,One year,No,Electronic check,19.16,703.95,No
CUST-101547,Female,0,Yes,Yes,30,Yes,No,Fiber optic,No,No,No,No,No,Yes,One year,Yes,Electronic check,98.63,2844.27,Yes
CUST-101548,Male,0,No,No,68,Yes,No,Fiber optic,No,Yes,No,No,No,No,Month-to-month,No,Bank transfer (automatic),96.42,6585.63,Yes
CUST-101549,Male,1,No,No,11,Yes,No,Fiber optic,No,No,Yes,No,No,No,Month-to-month,No,Bank transfer (automatic),88.1,922.04,No
CUST-101550,Male,0,No,No,2,Yes,Yes,Fiber optic,Yes,No,Yes,No,No,No,Two year,Yes,Bank transfer (automatic),103.48,201.75,Yes
CUST-101551,Female,0,Yes,Yes,53,Yes,No,Fiber optic,Yes,No,No,Yes,No,Yes,Month-to-month,No,Mailed check,121.71,6328.72,No
CUST-101552,Female,0,Yes,No,67,Yes,Yes,Fiber optic,Yes,Yes,Yes,Yes,Yes,Yes,Month-to-month,Yes,Bank transfer (automatic),121.92,8168.93,No
CUST-101553,Female,0,Yes,No,60,Yes,Yes,DSL,No,Yes,No,No,No,No,One year,No,Electronic check,79.68,5006.31,Yes
CUST-101554,Male,0,No,Yes,63,Yes,No,DSL,No,Yes,Yes,No,No,Yes,Two year,Yes,Electronic check,80.64,5168.06,No
CUST-101555,Male,0,No,No,63,Yes,No,DSL,No,Yes,No,No,No,No,Month-to-month,Yes,Bank transfer (automatic),70.17,4363.27,Yes
CUST-101556,Female,0,Yes,No,50,Yes,No,Fiber optic,No,No,Yes,No,No,Yes,Two year,Yes,Bank transfer (automatic),109.48,5402.41,Yes
CUST-101557,Female,0,No,No,67,Yes,Yes,Fiber optic,No,No,No,No,No,Yes,Month-to-month,No,Credit card (automatic),95.18,6624.19,Yes
CUST-101558,Female,0,Yes,No,24,Yes,No,Fiber optic,No,No,Yes,No,No,No,Month-to-month,Yes,Mailed check,90.62,2161.07,No
CUST-101559,Female,0,No,No,54,Yes,Yes,Fiber optic,No,No,No,Yes,No,Yes,Two year,No,Bank transfer (automatic),106.36,5716.92,No
CUST-101560,Male,0,Yes,No,6,Yes,No,Fiber optic,No,No,No,No,No,Yes,Month-to-month,Yes,Credit card (automatic),89.56,547.72,No
CUST-101561,Male,0,No,No,38,Yes,No,Fiber optic,No,Yes,No,No,No,Yes,One year,Yes,Mailed check,105.4,3887.26,Yes
CUST-101562,Male,0,No,No,21,Yes,Yes,Fiber optic,No,No,No,No,Yes,No,Two year,No,Mailed check,94.78,2077.54,No
CUST-101563,Female,0,No,No,68,Yes,No,Fiber optic,No,Yes,No,Yes,No,Yes,Month-to-month,Yes,Credit card (automatic),112.05,7864.63,Yes
CUST-101564,Female,1,Yes,No,31,Yes,Yes,DSL,No,Yes,No,No,No,Yes,Month-to-month,Yes,Electronic check,79.21,2373.63,Yes
CUST-101565,Male,0,Yes,No,15,No,No phone service,Fiber optic,No,No,Yes,No,No,No,Two year,Yes,Bank transfer (automatic),72.17,1031.9,No
CUST-101566,Female,0,Yes,No,41,Yes,No,DSL,No,No,No,No,No,Yes,One year,Yes,Bank transfer (automatic),70.8,2924.9,Yes
CUST-101567,Female,0,No,No,5,Yes,Yes,DSL,No,No,No,No,Yes,Yes,Two year,Yes,Mailed check,78.65,406.32,No
CUST-101568,Female,0,Yes,No,9,Yes,No,Fiber optic,No,No,Yes,No,No,No,Two year,Yes,Credit card (automatic),103.73,973.45,Yes
CUST-101569,Female,0,No,No,31,Yes,Yes,DSL,No,No,Yes,No,No,Yes,One year,No,Electronic check,74.08,2371.91,No
CUST-101570,Male,0,No,No,46,Yes,No,DSL,No,Yes,Yes,No,Yes,No,Month-to-month,No,Electronic check,86.7,3901.41,Yes
CUST-101571,Male,0,Yes,No,42,Yes,No,DSL,No,No,Yes,No,No,No,Month-to-month,Yes,Electronic check,70.2,2856.27,No
CUST-101572,Female,0,Yes,No,4,Yes,No,Fiber optic,No,Yes,Yes,No,No,No,Month-to-month,No,Credit card (automatic),105.26,417.74,No
CUST-101573,Female,0,Yes,No,49,Yes,No,DSL,Yes,Yes,Yes,No,Yes,No,Month-to-month,Yes,Mailed check,89.33,4509.37,No
CUST-101574,Male,1,No,Yes,4,Yes,No,No,No internet service,No internet service,No internet service,No internet service,No internet service,No internet service,Two year,Yes,Bank transfer (automatic),44.78,173.24,No
CUST-101575,Male,0,No,Yes,59,Yes,Yes,Fiber optic,No,No,Yes,No,No,Yes,Two year,Yes,Electronic check,106.94,6329.09,No
CUST-101576,Female,0,Yes,No,2,Yes,No,DSL,No,No,No,No,Yes,Yes,Two year,Yes,Mailed check,79.36,156.05,No
CUST-101577,Female,0,No,No,1,Yes,Yes,Fiber optic,Yes,Yes,No,Yes,No,No,Two year,Yes,Mailed check,99.92,96.5,No
CUST-101578,Male,0,Yes,Yes,37,Yes,No,Fiber optic,No,No,Yes,No,No,No,Month-to-month,Yes,Electronic check,100.48,3880.59,No
CUST-101579,Female,0,Yes,No,58,No,No phone service,Fiber optic,No,No,No,No,No,Yes,Month-to-month,Yes,Mailed check,79.72,4398.73,Yes
CUST-101580,Male,0,No,No,55,Yes,No,DSL,No,Yes,No,No,No,No,Month-to-month,Yes,Electronic check,69.58,3950.72,No
CUST-101581,Male,0,No,Yes,43,Yes,Yes,Fiber optic,No,Yes,Yes,No,No,No,One year,Yes,Electronic check,103.06,4564.28,Yes
CUST-101582,Female,0,Yes,No,13,Yes,No,Fiber optic,No,No,No,No,No,Yes,Two year,Yes,Mailed check,91.58,1181.3,No
CUST-101583,Male,0,No,Yes,69,Yes,Yes,No,No internet service,No internet service,No internet service,No internet service,No internet service,No internet service,Two year,Yes,Mailed check,37.92,2557.06,No
CUST-101584,Female,1,No,No,1,Yes,No,Fiber optic,No,Yes,Yes,Yes,Yes,Yes,Two year,No,Electronic check,109.01,113.78,No
CUST-101585,Male,0,No,No,25,No,No phone service,DSL,Yes,No,No,No,No,Yes,Month-to-month,Yes,Mailed check,52.15,1308.23,No
CUST-101586,Female,0,No,No,55,Yes,No,Fiber optic,Yes,No,No,No,No,Yes,Month-to-month,Yes,Mailed check,104.84,6011.73,No
CUST-101587,Male,0,Yes,No,45,Yes,No,DSL,No,Yes,No,Yes,No,No,Month-to-month,Yes,Credit card (automatic),75.34,3247.8,No
CUST-101588,Female,1,Yes,Yes,57,Yes,Yes,Fiber optic,No,No,Yes,No,No,No,One year,Yes,Bank transfer (automatic),89.36,5052.71,No
CUST-101589,Male,0,No,No,55,Yes,Yes,Fiber optic,Yes,Yes,Yes,Yes,No,Yes,Month-to-month,No,Credit card (automatic),122.37,6731.22,Yes
CUST-101590,Female,0,No,No,68,Yes,No,DSL,No,No,No,No,No,Yes,Two year,No,Mailed check,68.57,4483.8,No
CUST-101591,Male,0,Yes,No,37,Yes,No,DSL,No,No,No,No,No,No,Month-to-month,Yes,Credit card (automatic),58.4,2108.29,No
CUST-101592,Male,0,Yes,Yes,59,Yes,No,DSL,No,Yes,No,No,No,No,One year,Yes,Electronic check,72.06,4177.11,Yes
CUST-101593,Male,0,Yes,No,11,Yes,No,DSL,Yes,No,No,No,Yes,No,Two year,Yes,Mailed check,81.16,902.72,No
CUST-101594,Female,1,No,Yes,12,Yes,No,Fiber optic,No,No,No,No,No,No,Month-to-month,No,Mailed check,89.01,1047.36,Yes
CUST-101595,Male,0,Yes,No,3,Yes,No,Fiber optic,Yes,No,No,No,No,Yes,One year,No,Bank transfer (automatic),101.31,310.8,Yes
CUST-101596,Female,0,Yes,No,14,Yes,Yes,DSL,No,No,Yes,No,Yes,No,Two year,Yes,Credit card (automatic),77.15,1030.27,No
CUST-101597,Female,0,Yes,No,8,Yes,Yes,DSL,No,No,No,No,Yes,No,Two year,No,Bank transfer (automatic),67.87,517.07,No
CUST-101598,Female,0,No,Yes,60,Yes,No,No,No internet service,No internet service,No internet service,No internet service,No internet service,No internet service,Month-to-month,Yes,Electronic check,35.15,2198.03,Yes
CUST-101599,Female,1,No,Yes,36,Yes,No,DSL,No,No,No,No,No,Yes,One year,No,Bank transfer (automatic),70.36,2471.11,No
CUST-101600,Male,0,Yes,Yes,32,Yes,No,No,No internet service,No internet service,No internet service,No internet service,No internet service,No internet service,Month-to-month,Yes,Bank transfer (automatic),36.3,1167.81,No
CUST-101601,Female,0,Yes,No,46,Yes,Yes,DSL,No,No,No,No,Yes,No,Month-to-month,Yes,Electronic check,76.09,3429.14,No
CUST-101602,Female,0,Yes,No,26,No,No phone service,No,No internet service,No internet service,No internet service,No internet service,No internet service,No internet service,Month-to-month,Yes,Electronic check,18.69,479.41,No
CUST-101603,Male,0,No,No,41,Yes,Yes,Fiber optic,No,No,Yes,No,Yes,No,One year,Yes,Bank transfer (automatic),95.99,4127.28,No
CUST-101604,Male,0,No,Yes,0,Yes,No,DSL,No,Yes,No,No,No,No,Month-to-month,No,Electronic check,72.97,0.0,Yes
CUST-101605,Female,0,No,Yes,52,Yes,Yes,DSL,Yes,No,Yes,No,Yes,Yes,One year,Yes,Electronic check,88.67,4602.09,Yes
CUST-101606,Male,0,No,No,63,Yes,No,DSL,Yes,No,Yes,No,No,Yes,Month-to-month,Yes,Credit card (automatic),79.36,5190.49,No
CUST-101607,Female,0,Yes,No,2,Yes,Yes,DSL,No,Yes,No,No,No,No,Month-to-month,Yes,Credit card (automatic),77.84,152.99,Yes
CUST-101608,Male,0,Yes,No,5,Yes,No,Fiber optic,No,No,No,Yes,No,Yes,One year,No,Mailed check,99.12,520.1,Yes
CUST-101609,Male,0,Yes,Yes,9,Yes,No,Fiber optic,No,No,No,No,No,No,Month-to-month,No,Credit card (automatic),96.82,884.64,No
CUST-101610,Female,0,Yes,Yes,44,Yes,No,Fiber optic,No,No,No,Yes,Yes,No,Month-to-month,Yes,Credit card (automatic),98.86,4257.55,No
CUST-101611,Male,0,Yes,No,55,Yes,No,DSL,No,No,No,No,No,Yes,Month-to-month,Yes,Mailed check,71.87,4100.89,No
CUST-101612,Female,0,No,No,60,Yes,No,Fiber optic,Yes,No,No,No,No,No,Month-to-month,Yes,Bank transfer (automatic),103.07,6120.02,No
CUST-101613,Female,1,Yes,No,57,Yes,Yes,DSL,No,No,No,Yes,No,No,Month-to-month,Yes,Credit card (automatic),72.8,4028.44,No
CUST-101614,Male,0,No,Yes,42,Yes,Yes,DSL,No,Yes,No,No,No,Yes,Two year,No,Bank transfer (automatic),77.41,3263.19,Yes
CUST-101615,Male,1,Yes,Yes,51,No,No phone service,DSL,No,No,Yes,No,No,No,One year,No,Electronic check,48.33,2404.97,No
CUST-101616,Female,0,Yes,No,20,Yes,Yes,Fiber optic,Yes,Yes,Yes,No,No,No,Month-to-month,No,Electronic check,107.83,2105.22,No
CUST-101617,Female,0,No,Yes,54,Yes,No,DSL,No,No,No,No,No,Yes,Month-to-month,Yes,Mailed check,75.41,4090.13,No
CUST-101618,Male,0,Yes,No,13,No,No phone service,DSL,No,Yes,No,No,No,Yes,Two year,No,Electronic check,54.43,674.69,No
CUST-101619,Female,0,Yes,Yes,70,Yes,Yes,Fiber optic,Yes,No,Yes,No,Yes,Yes,Month-to-month,No,Electronic check,115.18,8250.13,No
CUST-101620,Male,0,Yes,No,3,Yes,Yes,No,No internet service,No internet service,No internet service,No internet service,No internet service,No internet service,Month-to-month,No,Mailed check,44.53,133.48,Yes
CUST-101621,Male,0,No,Yes,68,No,No phone service,Fiber optic,No,No,Yes,Yes,No,No,Month-to-month,No,Electronic check,82.84,5846.86,No
CUST-101622,Female,0,Yes,No,33,Yes,Yes,No,No internet service,No internet service,No internet service,No internet service,No internet service,No internet service,One year,Yes,Electronic check,50.78,1658.96,Yes
CUST-101623,Male,0,No,Yes,47,Yes,Yes,DSL,No,Yes,No,No,No,No,One year,No,Credit card (automatic),66.05,2972.31,No
CUST-101624,Female,0,No,Yes,11,Yes,No,No,No internet service,No internet service,No internet service,No internet service,No internet service,No internet service,Month-to-month,Yes,Electronic check,41.43,476.18,No
CUST-101625,Female,0,No,No,23,Yes,Yes,DSL,No,No,No,Yes,No,No,Month-to-month,Yes,Bank transfer (automatic),67.2,1509.13,No
CUST-101626,Female,0,Yes,Yes,62,Yes,Yes,DSL,No,Yes,No,Yes,No,No,One year,Yes,Mailed check,84.26,5244.18,No
CUST-101627,Female,0,No,Yes,1,Yes,Yes,DSL,Yes,No,No,No,No,Yes,Month-to-month,Yes,Credit card (automatic),87.12,90.93,Yes
CUST-101628,Male,1,Yes,Yes,13,Yes,Yes,Fiber optic,No,No,No,Yes,No,No,Month-to-month,No,Electronic check,91.86,1202.63,Yes
CUST-101629,Male,1,No,No,46,Yes,No,DSL,Yes,No,Yes,No,Yes,Yes,Two year,No,Electronic check,92.42,4050.91,No
CUST-101630,Female,0,No,No,58,Yes,No,Fiber optic,No,No,Yes,No,No,Yes,Month-to-month,No,Bank transfer (automatic),107.32,6500.7,Yes
CUST-101631,Female,0,Yes,No,31,Yes,Yes,Fiber optic,Yes,No,No,No,No,No,Month-to-month,Yes,Mailed check,95.28,2941.75,Yes
CUST-101632,Male,0,Yes,No,6,Yes,No,DSL,No,Yes,No,Yes,Yes,Yes,One year,No,Credit card (automatic),100.06,614.84,Yes
CUST-101633,Female,0,No,No,10,Yes,No,No,No internet service,No internet service,No internet service,No internet service,No internet service,No internet service,One year,Yes,Electronic check,48.05,475.46,No
CUST-101634,Male,1,No,Yes,64,Yes,No,DSL,No,No,Yes,Yes,Yes,No,Month-to-month,Yes,Electronic check,77.27,4952.76,No
CUST-101635,Female,0,No,No,15,Yes,No,DSL,No,No,No,No,Yes,No,Month-to-month,Yes,Electronic check,65.01,1014.1,No
CUST-101636,Male,0,No,No,42,Yes,No,DSL,No,Yes,No,Yes,Yes,No,Month-to-month,No,Bank transfer (automatic),86.82,3534.0,No
CUST-101637,Female,0,No,No,68,Yes,No,DSL,Yes,Yes,No,Yes,No,No,Month-to-month,No,Electronic check,76.85,5281.65,Yes
CUST-101638,Male,0,No,Yes,27,Yes,Yes,DSL,Yes,No,No,Yes,Yes,Yes,Month-to-month,No,Electronic check,92.87,2429.65,No
CUST-101639,Male,1,No,No,4,Yes,No,DSL,Yes,No,No,No,Yes,Yes,Month-to-month,No,Bank transfer (automatic),85.55,343.45,Yes
CUST-101640,Female,0,Yes,No,59,Yes,No,DSL,No,Yes,No,No,No,No,Month-to-month,Yes,Electronic check,74.18,4381.2,Yes
CUST-101641,Male,0,No,No,57,Yes,Yes,No,No internet service,No internet service,No internet service,No internet service,No internet service,No internet service,Month-to-month,No,Electronic check,36.54,2085.44,Yes
CUST-101642,Male,0,No,Yes,47,Yes,No,No,No internet service,No internet service,No internet service,No internet service,No internet service,No internet service,Month-to-month,Yes,Electronic check,42.6,1956.21,No
CUST-101643,Female,1,Yes,No,65,Yes,No,No,No internet service,No internet service,No internet service,No internet service,No internet service,No internet service,One year,No,Credit card (automatic),46.57,2996.47,No
CUST-101644,Male,0,Yes,No,56,Yes,No,DSL,Yes,No,No,Yes,No,No,One year,No,Bank transfer (automatic),72.96,4136.56,No
CUST-101645,Male,0,Yes,No,50,Yes,Yes,DSL,No,Yes,Yes,No,No,No,Two year,Yes,Mailed check,72.03,3766.65,Yes
CUST-101646,Male,1,Yes,No,24,Yes,Yes,Fiber optic,Yes,No,No,Yes,No,Yes,One year,Yes,Mailed check,114.46,2766.4,Yes
CUST-101647,Female,0,No,No,4,Yes,Yes,Fiber optic,No,No,No,No,Yes,No,One year,Yes,Credit card (automatic),100.91,384.08,Yes
CUST-101648,Female,1,Yes,No,52,Yes,No,DSL,No,No,Yes,No,No,Yes,Month-to-month,No,Electronic check,73.13,3637.86,Yes
CUST-101649,Female,0,No,Yes,61,Yes,Yes,No,No internet service,No internet service,No internet service,No internet service,No internet service,No internet service,One year,Yes,Electronic check,32.54,2041.38,Yes
CUST-101650,Male,0,Yes,No,50,Yes,No,No,No internet service,No internet service,No internet service,No internet service,No internet service,No internet service,Month-to-month,Yes,Credit card (automatic),47.02,2260.16,No
CUST-101651,Male,0,No,No,47,Yes,No,DSL,Yes,No,Yes,No,Yes,Yes,Two year,No,Mailed check,86.23,3925.45,No
CUST-101652,Male,0,No,Yes,52,Yes,Yes,No,No internet service,No internet service,No internet service,No internet service,No internet service,No internet service,Two year,Yes,Credit card (automatic),30.76,1604.62,No
CUST-101653,Female,0,No,No,20,Yes,No,DSL,No,Yes,Yes,No,No,No,Month-to-month,Yes,Bank transfer (automatic),74.26,1543.09,No
CUST-101654,Male,0,No,No,8,Yes,No,Fiber optic,No,Yes,Yes,No,Yes,Yes,Two year,No,Bank transfer (automatic),113.53,914.2,No
CUST-101655,Male,0,Yes,No,45,Yes,Yes,DSL,No,Yes,No,No,Yes,No,One year,Yes,Bank transfer (automatic),80.33,3555.46,Yes
CUST-101656,Female,0,No,No,68,Yes,Yes,Fiber optic,No,No,Yes,No,Yes,No,One year,Yes,Electronic check,111.17,7653.64,Yes
CUST-101657,Female,0,No,No,9,Yes,Yes,DSL,No,No,Yes,No,No,Yes,Month-to-month,No,Credit card (automatic),73.0,685.41,No
CUST-101658,Female,0,Yes,Yes,5,Yes,No,Fiber optic,No,No,No,No,Yes,No,Month-to-month,Yes,Mailed check,98.81,514.45,Yes
CUST-101659,Male,0,No,No,51,Yes,No,DSL,No,No,Yes,Yes,No,No,Two year,Yes,Electronic check,68.05,3590.37,No
CUST-101660,Female,1,Yes,No,30,Yes,No,Fiber optic,Yes,No,No,No,No,Yes,Month-to-month,Yes,Electronic check,105.34,3289.05,No
CUST-101661,Female,1,No,No,65,Yes,Yes,Fiber optic,Yes,No,No,Yes,No,Yes,Month-to-month,No,Mailed check,108.17,7188.82,No
CUST-101662,Male,0,Yes,Yes,34,Yes,No,DSL,Yes,Yes,No,No,No,No,Month-to-month,Yes,Electronic check,86.01,2921.63,No
CUST-101663,Female,0,No,Yes,38,Yes,No,Fiber optic,No,No,No,Yes,No,Yes,Month-to-month,No,Electronic check,99.61,3957.62,No
CUST-101664,Female,0,Yes,No,4,Yes,Yes,No,No internet service,No internet service,No internet service,No internet service,No internet service,No internet service,One year,No,Electronic check,40.44,160.57,Yes
CUST-101665,Male,0,Yes,No,69,Yes,Yes,No,No internet service,No internet service,No internet service,No internet service,No internet service,No internet service,One year,Yes,Credit card (automatic),42.62,2964.05,No
CUST-101666,Female,0,Yes,No,24,Yes,No,No,No internet service,No internet service,No internet service,No internet service,No internet service,No internet service,Two year,Yes,Bank transfer (automatic),31.09,725.16,No
CUST-101667,Female,0,No,No,31,Yes,No,DSL,No,Yes,No,No,No,No,One year,Yes,Electronic check,68.64,2219.45,Yes
CUST-101668,Female,0,Yes,No,45,Yes,No,Fiber optic,Yes,Yes,Yes,No,No,Yes,One year,No,Electronic check,111.6,4829.26,No
CUST-101669,Female,0,No,No,62,Yes,No,No,No internet service,No internet service,No internet service,No internet service,No internet service,No internet service,Two year,Yes,Bank transfer (automatic),43.97,2690.78,Yes
CUST-101670,Female,0,No,No,58,No,No phone service,No,No internet service,No internet service,No internet service,No internet service,No internet service,No internet service,Month-to-month,No,Bank transfer (automatic),18.07,1042.73,Yes
CUST-101671,Female,0,No,No,56,Yes,No,DSL,No,Yes,Yes,No,No,No,One year,No,Electronic check,74.64,4028.41,Yes
CUST-101672,Male,0,Yes,Yes,7,Yes,Yes,No,No internet service,No internet service,No internet service,No internet service,No internet service,No internet service,Two year,Yes,Credit card (automatic),36.58,261.01,No
CUST-101673,Female,0,No,No,6,Yes,Yes,Fiber optic,Yes,Yes,Yes,Yes,Yes,No,One year,No,Electronic check,124.28,753.41,No
CUST-101674,Female,0,No,No,60,Yes,Yes,Fiber optic,Yes,No,No,Yes,No,Yes,One year,Yes,Electronic check,107.99,6717.36,Yes
CUST-101675,Female,0,Yes,Yes,66,Yes,No,Fiber optic,Yes,Yes,No,No,No,Yes,Month-to-month,No,Electronic check,98.66,6221.67,Yes
CUST-101676,Male,0,Yes,No,45,Yes,No,DSL,Yes,No,Yes,Yes,No,Yes,Month-to-month,Yes,Credit card (automatic),84.58,3651.28,No
CUST-101677,Male,0,No,Yes,66,Yes,No,DSL,No,No,No,No,No,Yes,One year,Yes,Credit card (automatic),67.8,4587.03,No
CUST-101678,Female,0,Yes,No,23,Yes,No,DSL,No,No,No,No,No,No,One year,No,Bank transfer (automatic),66.55,1569.38,No
CUST-101679,Female,0,Yes,Yes,25,Yes,Yes,Fiber optic,Yes,No,No,No,No,No,Month-to-month,Yes,Mailed check,91.02,2327.96,Yes
CUST-101680,Female,0,Yes,No,12,Yes,No,Fiber optic,Yes,No,Yes,No,Yes,Yes,Month-to-month,No,Electronic check,120.75,1486.53,No
CUST-101681,Male,0,No,No,57,Yes,Yes,Fiber optic,Yes,Yes,Yes,No,No,No,Month-to-month,No,Electronic check,106.64,5939.45,Yes
CUST-101682,Male,0,No,Yes,48,Yes,Yes,Fiber optic,No,No,Yes,Yes,No,Yes,Month-to-month,No,Electronic check,110.62,5505.57,Yes
CUST-101683,Female,0,No,No,16,Yes,No,Fiber optic,No,Yes,Yes,No,Yes,No,Month-to-month,Yes,Credit card (automatic),105.31,1735.73,Yes
CUST-101684,Male,0,No,No,72,Yes,No,DSL,No,No,Yes,No,Yes,No,Month-to-month,No,Bank transfer (automatic),66.95,4853.4,No
CUST-101685,Female,1,Yes,No,2,Yes,No,DSL,Yes,No,No,No,No,No,Month-to-month,No,Mailed check,75.33,144.13,Yes
CUST-101686,Male,0,Yes,No,56,Yes,No,Fiber optic,Yes,Yes,Yes,Yes,No,Yes,Month-to-month,Yes,Credit card (automatic),124.98,6760.57,Yes
CUST-101687,Male,0,Yes,No,15,Yes,Yes,Fiber optic,No,Yes,Yes,No,No,No,Two year,Yes,Electronic check,98.73,1496.93,Yes
CUST-101688,Female,1,Yes,No,57,Yes,No,No,No internet service,No internet service,No internet service,No internet service,No internet service,No internet service,Month-to-month,No,Electronic check,46.95,2599.62,No
CUST-101689,Male,0,Yes,No,35,Yes,No,No,No internet service,No internet service,No internet service,No internet service,No internet service,No internet service,One year,Yes,Mailed check,39.69,1411.99,No
CUST-101690,Female,0,No,No,17,Yes,Yes,Fiber optic,Yes,No,Yes,No,No,Yes,Month-to-month,Yes,Credit card (automatic),110.76,1822.49,No
CUST-101691,Female,0,Yes,No,4,Yes,No,DSL,No,No,Yes,No,No,No,Month-to-month,No,Electronic check,76.64,302.02,Yes
CUST-101692,Female,0,Yes,No,45,No,No phone service,No,No internet service,No internet service,No internet service,No internet service,No internet service,No internet service,Month-to-month,Yes,Electronic check,18.94,843.57,No
CUST-101693,Male,0,Yes,No,11,Yes,No,DSL,No,No,No,No,No,Yes,Month-to-month,No,Mailed check,76.9,809.85,Yes
CUST-101694,Male,1,Yes,No,32,Yes,No,Fiber optic,No,Yes,Yes,No,No,No,Month-to-month,Yes,Credit card (automatic),112.3,3712.94,No
CUST-101695,Female,1,Yes,No,69,Yes,No,No,No internet service,No internet service,No internet service,No internet service,No internet service,No internet service,Month-to-month,Yes,Mailed check,40.86,2701.11,No
CUST-101696,Male,0,Yes,Yes,64,Yes,Yes,No,No internet service,No internet service,No internet service,No internet service,No internet service,No internet service,Month-to-month,Yes,Bank transfer (automatic),35.37,2254.68,No
CUST-101697,Male,0,Yes,No,36,Yes,Yes,No,No internet service,No internet service,No internet service,No internet service,No internet service,No internet service,Two year,Yes,Credit card (automatic),37.63,1319.67,No
CUST-101698,Male,0,No,No,53,Yes,No,DSL,Yes,No,No,Yes,No,No,Month-to-month,No,Bank transfer (automatic),72.9,3901.61,No
CUST-101699,Female,0,No,No,60,Yes,Yes,Fiber optic,Yes,No,No,No,No,No,Month-to-month,No,Electronic check,91.57,5431.29,No
CUST-101700,Male,0,No,No,44,No,No phone service,Fiber optic,Yes,No,Yes,No,No,Yes,Two year,No,Electronic check,83.89,3738.56,No
CUST-101701,Male,0,No,No,15,Yes,No,DSL,No,Yes,Yes,Yes,No,No,Month-to-month,Yes,Electronic check,86.33,1277.07,Yes
CUST-101702,Female,0,No,No,59,Yes,No,Fiber optic,No,No,No,No,Yes,No,Month-to-month,No,Credit card (automatic),102.57,5811.33,Yes
CUST-101703,Male,0,No,No,6,Yes,Yes,Fiber optic,No,No,No,No,No,Yes,One year,No,Credit card (automatic),89.54,551.16,Yes
CUST-101704,Female,0,No,No,38,Yes,No,No,No internet service,No internet service,No internet service,No internet service,No internet service,No internet service,One year,Yes,Electronic check,35.3,1299.35,No
CUST-101705,Female,0,No,No,56,Yes,No,Fiber optic,No,Yes,Yes,No,Yes,No,One year,Yes,Mailed check,99.26,5653.36,No
CUST-101706,Female,0,Yes,Yes,41,Yes,No,DSL,Yes,Yes,No,No,Yes,No,Two year,Yes,Electronic check,79.16,3264.77,No
CUST-101707,Female,1,Yes,No,25,Yes,No,No,No internet service,No internet service,No internet service,No internet service,No internet service,No internet service,Month-to-month,Yes,Mailed check,38.98,983.6,No
CUST-101708,Male,0,Yes,No,30,No,No phone service,Fiber optic,No,No,Yes,No,No,No,Month-to-month,No,Mailed check,79.78,2491.38,No
CUST-101709,Male,0,Yes,No,33,Yes,No,Fiber optic,Yes,No,Yes,No,No,Yes,Two year,No,Credit card (automatic),104.11,3356.08,No
CUST-101710,Male,0,No,No,54,Yes,Yes,No,No internet service,No internet service,No internet service,No internet service,No internet service,No internet service,One year,Yes,Mailed check,40.4,2191.39,No
CUST-101711,Male,0,Yes,Yes,72,Yes,No,Fiber optic,No,No,No,Yes,Yes,No,Two year,Yes,Electronic check,97.51,7350.52,No
CUST-101712,Female,1,No,No,56,Yes,Yes,Fiber optic,No,No,No,No,No,No,Two year,Yes,Mailed check,86.27,5031.93,No
CUST-101713,Female,1,No,No,23,Yes,Yes,Fiber optic,No,No,Yes,No,No,No,Month-to-month,No,Credit card (automatic),94.54,2270.39,Yes
CUST-101714,Female,0,No,No,8,Yes,No,No,No internet service,No internet service,No internet service,No internet service,No internet service,No internet service,One year,No,Mailed check,44.45,372.77,No
CUST-101715,Female,0,Yes,No,34,Yes,No,Fiber optic,No,No,Yes,No,No,Yes,Month-to-month,Yes,Credit card (automatic),93.09,3230.42,Yes
CUST-101716,Female,0,Yes,No,62,Yes,No,Fiber optic,Yes,Yes,No,Yes,No,Yes,Month-to-month,No,Mailed check,107.31,6444.27,Yes
CUST-101717,Male,0,Yes,No,46,Yes,Yes,No,No internet service,No internet service,No internet service,No internet service,No internet service,No internet service,Month-to-month,No,Mailed check,45.23,2014.14,No
CUST-101718,Male,0,No,No,23,Yes,No,DSL,Yes,Yes,No,Yes,No,Yes,Month-to-month,Yes,Mailed check,84.33,1960.6,No
CUST-101719,Female,0,No,No,6,Yes,No,No,No internet service,No internet service,No internet service,No internet service,No internet service,No internet service,One year,Yes,Credit card (automatic),40.84,249.15,No
CUST-101720,Male,0,No,Yes,18,Yes,No,No,No internet service,No internet service,No internet service,No internet service,No internet service,No internet service,One year,No,Mailed check,38.41,670.59,No
CUST-101721,Female,0,No,Yes,52,Yes,Yes,DSL,Yes,No,No,No,No,Yes,Two year,No,Mailed check,74.32,3975.95,No
CUST-101722,Female,0,No,No,48,Yes,No,Fiber optic,Yes,No,No,No,Yes,No,Month-to-month,No,Bank transfer (automatic),101.03,4876.18,No
CUST-101723,Female,0,No,No,32,Yes,Yes,No,No internet service,No internet service,No internet service,No internet service,No internet service,No internet service,Month-to-month,No,Electronic check,45.18,1391.41,No
CUST-101724,Female,0,Yes,No,24,Yes,Yes,Fiber optic,No,No,No,Yes,No,Yes,Month-to-month,No,Electronic check,105.24,2569.89,No
CUST-101725,Female,0,Yes,No,12,Yes,No,DSL,Yes,No,No,No,No,No,Month-to-month,Yes,Electronic check,77.1,881.07,Yes
CUST-101726,Female,0,Yes,Yes,70,Yes,No,DSL,Yes,No,No,No,Yes,No,Month-to-month,No,Mailed check,83.14,5532.72,Yes
CUST-101727,Female,0,No,No,31,No,No phone service,DSL,No,No,No,No,No,Yes,Month-to-month,No,Credit card (automatic),56.83,1823.37,No
CUST-101728,Male,0,No,No,56,Yes,Yes,Fiber optic,Yes,Yes,Yes,No,No,Yes,One year,Yes,Mailed check,118.14,6449.83,Yes
CUST-101729,Male,0,No,Yes,33,Yes,No,Fiber optic,No,No,No,Yes,No,No,Month-to-month,No,Mailed check,95.73,3176.59,No
CUST-101730,Female,0,No,No,41,Yes,No,Fiber optic,No,Yes,No,Yes,No,No,One year,Yes,Electronic check,109.66,4340.09,No
CUST-101731,Female,1,No,No,46,No,No phone service,Fiber optic,Yes,Yes,Yes,No,No,No,Month-to-month,No,Credit card (automatic),92.34,4290.56,Yes
CUST-101732,Female,0,Yes,No,25,Yes,No,Fiber optic,No,No,No,No,Yes,No,Month-to-month,Yes,Electronic check,91.91,2309.48,No
CUST-101733,Female,0,Yes,No,68,Yes,Yes,Fiber optic,No,Yes,No,No,No,No,Two year,Yes,Electronic check,99.06,6551.34,Yes
CUST-101734,Female,0,No,No,33,Yes,No,No,No internet service,No internet service,No internet service,No internet service,No internet service,No internet service,Month-to-month,No,Credit card (automatic),49.47,1551.22,No
CUST-101735,Female,0,No,Yes,55,Yes,No,No,No internet service,No internet service,No internet service,No internet service,No internet service,No internet service,Month-to-month,Yes,Credit card (automatic),41.18,2194.57,No
CUST-101736,Female,0,No,No,66,Yes,No,Fiber optic,Yes,No,Yes,No,Yes,No,Two year,Yes,Electronic check,109.56,6937.14,Yes
CUST-101737,Male,0,Yes,Yes,27,No,No phone service,DSL,No,No,No,No,Yes,No,Month-to-month,Yes,Mailed check,51.93,1435.17,No
CUST-101738,Male,0,No,No,17,No,No phone service,No,No internet service,No internet service,No internet service,No internet service,No internet service,No internet service,Month-to-month,No,Bank transfer (automatic),19.5,329.29,No
CUST-101739,Male,0,No,No,70,Yes,Yes,No,No internet service,No internet service,No internet service,No internet service,No internet service,No internet service,Month-to-month,No,Electronic check,40.54,2925.89,No
CUST-101740,Male,0,No,No,57,Yes,Yes,No,No internet service,No internet service,No internet service,No internet service,No internet service,No internet service,One year,No,Credit card (automatic),40.82,2274.92,No
CUST-101741,Female,0,Yes,No,57,No,No phone service,Fiber optic,No,No,No,Yes,Yes,No,One year,Yes,Electronic check,74.93,4088.17,No
CUST-101742,Male,0,No,No,69,Yes,No,DSL,Yes,Yes,No,No,No,Yes,One year,No,Mailed check,95.55,6513.57,No
CUST-101743,Male,0,No,No,2,Yes,No,Fiber optic,Yes,No,No,No,No,No,Two year,No,Electronic check,94.11,180.4,No
CUST-101744,Male,0,No,No,68,Yes,Yes,DSL,Yes,No,No,Yes,No,No,Month-to-month,Yes,Electronic check,76.73,5456.95,No
CUST-101745,Female,0,No,Yes,8,Yes,Yes,Fiber optic,Yes,Yes,No,No,No,No,Month-to-month,Yes,Electronic check,100.34,818.1,Yes
CUST-101746,Female,0,No,Yes,10,No,No phone service,Fiber optic,No,Yes,Yes,No,No,No,Two year,Yes,Electronic check,75.52,762.01,Yes
CUST-101747,Male,0,No,No,15,No,No phone service,No,No internet service,No internet service,No internet service,No internet service,No internet service,No internet service,Month-to-month,Yes,Credit card (automatic),21.54,318.53,Yes
CUST-101748,Female,0,No,No,8,Yes,No,Fiber optic,No,No,No,No,Yes,No,Two year,No,Mailed check,94.4,751.75,No
CUST-101749,Female,0,Yes,Yes,6,Yes,Yes,Fiber optic,No,No,Yes,No,No,Yes,Two year,Yes,Electronic check,102.39,590.33,Yes
CUST-101750,Female,0,Yes,No,9,No,No phone service,Fiber optic,No,Yes,No,No,No,Yes,Two year,Yes,Mailed check,79.11,722.65,No
CUST-101751,Female,0,Yes,Yes,35,Yes,Yes,DSL,Yes,Yes,No,Yes,No,No,Month-to-month,Yes,Electronic check,84.9,2911.85,Yes
CUST-101752,Female,0,No,No,27,Yes,No,DSL,No,No,Yes,No,No,No,One year,No,Bank transfer (automatic),68.88,1811.8,No
CUST-101753,Male,0,Yes,No,24,Yes,No,Fiber optic,No,No,No,No,No,No,Two year,No,Mailed check,93.14,2264.83,No
CUST-101754,Female,0,Yes,Yes,12,Yes,No,DSL,Yes,No,Yes,Yes,Yes,Yes,Month-to-month,Yes,Mailed check,102.13,1177.13,No
CUST-101755,Male,1,No,Yes,71,Yes,Yes,DSL,Yes,No,Yes,No,Yes,Yes,One year,Yes,Bank transfer (automatic),85.15,6325.46,No
CUST-101756,Male,0,No,No,24,Yes,Yes,Fiber optic,No,No,Yes,Yes,Yes,No,Month-to-month,Yes,Mailed check,109.19,2497.68,Yes
CUST-101757,Female,0,Yes,No,34,No,No phone service,DSL,No,No,Yes,No,Yes,Yes,Month-to-month,Yes,Credit card (automatic),61.93,2095.68,Yes
CUST-101758,Female,0,Yes,No,10,No,No phone service,DSL,No,Yes,Yes,No,No,Yes,Two year,Yes,Bank transfer (automatic),60.66,612.16,No
CUST-101759,Female,0,No,Yes,15,Yes,No,Fiber optic,No,Yes,No,No,Yes,No,Two year,Yes,Electronic check,108.12,1654.03,No
CUST-101760,Male,0,Yes,No,17,Yes,Yes,No,No internet service,No internet service,No internet service,No internet service,No internet service,No internet service,Month-to-month,Yes,Electronic check,47.89,805.96,No
CUST-101761,Male,0,Yes,No,70,Yes,No,DSL,No,Yes,No,Yes,Yes,No,Month-to-month,Yes,Electronic check,90.1,6339.55,No
CUST-101762,Male,0,Yes,No,12,Yes,Yes,Fiber optic,No,No,No,No,No,No,One year,Yes,Credit card (automatic),85.67,1072.1,No
CUST-101763,Female,1,Yes,No,37,Yes,Yes,Fiber optic,No,Yes,No,No,No,No,Month-to-month,No,Credit card (automatic),96.47,3621.11,Yes
CUST-101764,Female,0,No,Yes,39,No,No phone service,Fiber optic,No,No,No,No,No,No,One year,Yes,Credit card (automatic),68.05,2775.26,No
CUST-101765,Female,0,Yes,No,5,Yes,No,Fiber optic,Yes,Yes,No,Yes,No,Yes,One year,No,Bank transfer (automatic),113.71,573.89,No
CUST-101766,Female,0,No,No,25,Yes,Yes,Fiber optic,No,Yes,Yes,No,No,No,Month-to-month,Yes,Credit card (automatic),100.13,2417.64,No
CUST-101767,Male,1,Yes,No,5,Yes,Yes,No,No internet service,No internet service,No internet service,No internet service,No internet service,No internet service,One year,No,Mailed check,43.67,225.59,Yes
CUST-101768,Male,1,Yes,No,12,Yes,Yes,DSL,Yes,No,No,No,Yes,Yes,Month-to-month,Yes,Bank transfer (automatic),78.97,992.27,Yes
CUST-101769,Male,0,Yes,Yes,49,Yes,Yes,No,No internet service,No internet service,No internet service,No internet service,No internet service,No internet service,Month-to-month,No,Mailed check,44.52,2080.14,No
CUST-101770,Male,1,No,Yes,41,Yes,Yes,DSL,No,No,No,No,No,No,Two year,Yes,Credit card (automatic),63.57,2515.7,No
CUST-101771,Male,1,Yes,Yes,36,Yes,No,No,No internet service,No internet service,No internet service,No internet service,No internet service,No internet service,Month-to-month,Yes,Credit card (automatic),39.09,1386.32,No
CUST-101772,Male,0,Yes,No,15,Yes,Yes,Fiber optic,No,No,Yes,Yes,Yes,No,Month-to-month,No,Bank transfer (automatic),104.64,1506.56,No
CUST-101773,Male,1,Yes,Yes,45,Yes,No,Fiber optic,No,Yes,No,No,No,No,One year,Yes,Bank transfer (automatic),92.73,4021.39,Yes
CUST-101774,Female,0,No,Yes,66,Yes,No,Fiber optic,Yes,No,No,No,Yes,No,Month-to-month,Yes,Credit card (automatic),108.7,6895.8,No
CUST-101775,Male,0,Yes,Yes,62,Yes,No,Fiber optic,No,No,Yes,No,No,Yes,Month-to-month,Yes,Electronic check,106.93,6766.84,No
CUST-101776,Male,0,No,Yes,12,Yes,No,DSL,Yes,No,No,Yes,Yes,No,Two year,No,Mailed check,76.07,944.59,No
CUST-101777,Male,0,No,No,49,Yes,No,Fiber optic,No,No,No,No,No,Yes,Month-to-month,No,Bank transfer (automatic),96.89,4959.08,Yes
CUST-101778,Male,0,No,No,17,No,No phone service,Fiber optic,No,Yes,No,No,No,No,Month-to-month,No,Bank transfer (automatic),78.63,1328.12,No
CUST-101779,Female,0,No,No,62,Yes,No,Fiber optic,No,No,Yes,No,No,Yes,Month-to-month,Yes,Mailed check,101.96,6038.75,No
CUST-101780,Male,1,Yes,No,34,Yes,Yes,Fiber optic,No,No,No,Yes,No,Yes,One year,Yes,Mailed check,103.07,3547.2,No
CUST-101781,Male,0,No,No,54,Yes,Yes,Fiber optic,Yes,No,No,No,Yes,No,Month-to-month,No,Electronic check,103.76,5489.87,Yes
CUST-101782,Male,1,No,No,39,Yes,No,No,No internet service,No internet service,No internet service,No internet service,No internet service,No internet service,Two year,Yes,Credit card (automatic),43.73,1665.86,No
CUST-101783,Female,0,Yes,Yes,49,Yes,Yes,Fiber optic,No,Yes,Yes,No,No,No,Month-to-month,Yes,Bank transfer (automatic),103.09,5125.02,Yes
CUST-101784,Female,0,No,Yes,68,Yes,Yes,Fiber optic,Yes,Yes,No,No,No,Yes,One year,No,Bank transfer (automatic),100.47,7090.19,No
CUST-101785,Male,0,Yes,No,9,Yes,Yes,No,No internet service,No internet service,No internet service,No internet service,No internet service,No internet service,Two year,Yes,Electronic check,35.14,319.73,No
CUST-101786,Male,0,No,No,65,Yes,Yes,DSL,No,Yes,Yes,No,Yes,No,One year,No,Electronic check,83.77,5476.87,No
CUST-101787,Male,0,No,No,35,Yes,Yes,DSL,No,Yes,No,No,Yes,No,One year,No,Mailed check,79.44,2880.64,Yes
CUST-101788,Male,0,No,Yes,10,Yes,No,No,No internet service,No internet service,No internet service,No internet service,No internet service,No internet service,Month-to-month,No,Electronic check,45.88,464.24,No
CUST-101789,Female,0,Yes,Yes,31,Yes,Yes,Fiber optic,No,No,Yes,No,Yes,Yes,Month-to-month,No,Electronic check,99.01,3116.42,Yes
CUST-101790,Female,0,No,Yes,4,Yes,Yes,Fiber optic,Yes,No,No,No,No,No,Month-to-month,Yes,Electronic check,96.6,394.37,Yes
CUST-101791,Female,0,No,No,39,Yes,No,DSL,No,No,No,No,No,Yes,Month-to-month,No,Electronic check,68.01,2592.58,Yes
CUST-101792,Male,1,Yes,No,34,Yes,No,Fiber optic,No,No,No,No,Yes,Yes,Month-to-month,No,Electronic check,99.23,3526.71,No
CUST-101793,Male,0,No,Yes,28,Yes,No,No,No internet service,No internet service,No internet service,No internet service,No internet service,No internet service,One year,No,Bank transfer (automatic),43.01,1254.86,Yes
CUST-101794,Male,0,No,Yes,32,Yes,No,Fiber optic,No,Yes,No,No,Yes,No,Month-to-month,No,Bank transfer (automatic),101.51,3141.04,No
CUST-101795,Male,0,No,Yes,45,Yes,No,No,No internet service,No internet service,No internet service,No internet service,No internet service,No internet service,Two year,No,Mailed check,45.03,2064.37,No
CUST-101796,Female,1,No,Yes,60,No,No phone service,DSL,Yes,No,No,No,Yes,No,One year,No,Credit card (automatic),61.1,3522.49,No
CUST-101797,Male,0,Yes,No,28,Yes,No,Fiber optic,Yes,Yes,No,No,No,Yes,Month-to-month,No,Mailed check,100.0,2696.78,Yes
CUST-101798,Male,0,Yes,No,1,Yes,Yes,DSL,No,No,Yes,No,Yes,No,Month-to-month,Yes,Credit card (automatic),74.46,70.96,Yes
CUST-101799,Female,0,Yes,No,40,Yes,Yes,Fiber optic,Yes,Yes,No,No,No,No,One year,No,Electronic check,98.3,3842.83,No
CUST-101800,Male,0,Yes,No,68,Yes,No,No,No internet service,No internet service,No internet service,No internet service,No internet service,No internet service,Month-to-month,No,Electronic check,41.34,2839.97,Yes
CUST-101801,Male,0,Yes,No,28,No,No phone service,DSL,No,No,No,No,Yes,Yes,Month-to-month,Yes,Electronic check,61.91,1723.15,Yes
CUST-101802,Male,0,No,No,8,Yes,Yes,Fiber optic,Yes,Yes,No,Yes,Yes,No,Month-to-month,No,Credit card (automatic),105.97,811.22,Yes
CUST-101803,Male,0,Yes,No,65,Yes,No,DSL,No,Yes,No,Yes,No,No,One year,Yes,Credit card (automatic),79.97,5099.61,No
CUST-101804,Male,0,No,No,30,Yes,Yes,Fiber optic,No,No,No,No,No,No,Month-to-month,No,Mailed check,96.81,2868.79,Yes
CUST-101805,Male,0,Yes,No,27,Yes,Yes,DSL,Yes,No,No,Yes,No,No,Month-to-month,Yes,Credit card (automatic),74.15,2101.77,No
CUST-101806,Male,1,Yes,Yes,21,Yes,No,Fiber optic,No,No,No,No,No,Yes,Month-to-month,Yes,Electronic check,93.51,1992.62,Yes
CUST-101807,Male,0,No,Yes,53,Yes,Yes,No,No internet service,No internet service,No internet service,No internet service,No internet service,No internet service,Month-to-month,Yes,Bank transfer (automatic),33.26,1771.32,No
CUST-101808,Male,0,No,No,10,Yes,No,DSL,Yes,No,Yes,No,No,No,Month-to-month,Yes,Electronic check,73.97,745.06,Yes
CUST-101809,Female,0,Yes,No,44,Yes,Yes,DSL,No,Yes,Yes,No,No,No,One year,No,Bank transfer (automatic),83.76,3579.88,No
CUST-101810,Male,0,No,Yes,25,Yes,Yes,DSL,No,No,No,No,No,Yes,One year,Yes,Electronic check,67.71,1644.37,No
CUST-101811,Female,0,No,No,28,Yes,No,Fiber optic,No,Yes,No,No,Yes,No,Month-to-month,Yes,Bank transfer (automatic),92.74,2576.05,No
CUST-101812,Female,0,Yes,No,15,Yes,Yes,DSL,No,Yes,Yes,No,No,No,Two year,No,Mailed check,73.49,1078.62,No
CUST-101813,Male,0,No,No,58,Yes,No,No,No internet service,No internet service,No internet service,No internet service,No internet service,No internet service,One year,Yes,Mailed check,44.04,2526.59,No
CUST-101814,Female,0,No,No,33,Yes,No,Fiber optic,Yes,No,Yes,No,No,No,Month-to-month,Yes,Electronic check,101.47,3454.37,No
CUST-101815,Male,0,Yes,Yes,67,No,No phone service,Fiber optic,No,Yes,Yes,Yes,No,No,Two year,Yes,Mailed check,89.55,6065.89,No
CUST-101816,Male,0,No,No,60,No,No phone service,DSL,No,No,Yes,No,No,No,One year,No,Electronic check,51.7,2986.51,No
CUST-101817,Male,1,No,Yes,55,Yes,Yes,Fiber optic,Yes,No,No,No,No,Yes,Month-to-month,No,Electronic check,101.54,5544.49,No
CUST-101818,Male,0,Yes,No,32,Yes,No,No,No internet service,No internet service,No internet service,No internet service,No internet service,No internet service,Month-to-month,No,Mailed check,38.58,1233.18,Yes
CUST-101819,Male,0,No,No,69,Yes,No,Fiber optic,No,Yes,No,No,Yes,Yes,Two year,Yes,Electronic check,110.96,7354.54,Yes
CUST-101820,Male,0,Yes,Yes,42,Yes,Yes,Fiber optic,Yes,No,No,No,Yes,No,Month-to-month,Yes,Mailed check,111.23,4645.92,No
CUST-101821,Female,0,Yes,No,31,Yes,No,Fiber optic,No,Yes,No,No,No,No,Month-to-month,Yes,Electronic check,95.68,2825.23,Yes
CUST-101822,Male,1,Yes,No,25,Yes,Yes,No,No internet service,No internet service,No internet service,No internet service,No internet service,No internet service,Two year,Yes,Mailed check,33.85,861.92,No
CUST-101823,Female,0,Yes,No,66,Yes,No,Fiber optic,No,No,No,No,No,No,Two year,Yes,Mailed check,97.28,6368.85,No
CUST-101824,Female,0,Yes,No,18,Yes,Yes,No,No internet service,No internet service,No internet service,No internet service,No internet service,No internet service,One year,Yes,Electronic check,33.36,623.88,No
CUST-101825,Female,0,Yes,Yes,63,Yes,Yes,DSL,Yes,Yes,No,No,No,No,Month-to-month,No,Electronic check,81.65,4973.57,No
CUST-101826,Male,0,No,No,16,Yes,Yes,Fiber optic,Yes,Yes,Yes,No,No,No,Month-to-month,No,Mailed check,106.15,1747.84,No
CUST-101827,Female,1,Yes,Yes,55,Yes,No,Fiber optic,Yes,No,Yes,Yes,No,No,Two year,Yes,Credit card (automatic),110.67,5866.15,No
CUST-101828,Female,0,Yes,Yes,20,Yes,Yes,Fiber optic,No,No,Yes,Yes,No,No,One year,No,Electronic check,104.7,2041.39,No
CUST-101829,Female,0,No,No,60,Yes,No,DSL,No,No,Yes,Yes,No,No,Two year,Yes,Electronic check,70.73,4225.94,No
CUST-101830,Male,0,Yes,No,60,Yes,No,Fiber optic,No,No,Yes,No,No,Yes,Month-to-month,No,Credit card (automatic),105.64,6346.15,No
CUST-101831,Female,0,No,No,53,Yes,No,DSL,No,Yes,No,No,No,No,Two year,Yes,Electronic check,75.99,4203.55,No
CUST-101832,Female,0,No,No,72,Yes,Yes,Fiber optic,No,No,Yes,Yes,No,No,Month-to-month,No,Electronic check,93.59,6969.91,Yes
CUST-101833,Male,0,Yes,No,37,Yes,Yes,DSL,No,No,No,No,No,No,Month-to-month,Yes,Electronic check,55.84,2112.95,Yes
CUST-101834,Male,0,Yes,No,61,Yes,No,Fiber optic,Yes,No,No,Yes,No,No,Two year,No,Credit card (automatic),106.75,6816.64,No
CUST-101835,Male,0,No,Yes,40,No,No phone service,Fiber optic,Yes,No,Yes,Yes,No,No,Month-to-month,No,Mailed check,84.9,3231.82,No
CUST-101836,Female,0,Yes,No,2,Yes,Yes,DSL,Yes,No,No,No,No,No,One year,Yes,Electronic check,70.02,142.27,Yes
CUST-101837,Male,0,No,No,30,Yes,Yes,Fiber optic,No,Yes,No,No,No,No,One year,Yes,Mailed check,96.44,2924.72,No
CUST-101838,Male,0,No,No,2,Yes,No,DSL,No,No,No,Yes,No,No,Two year,No,Electronic check,68.04,138.69,Yes
CUST-101839,Female,0,No,No,48,Yes,No,Fiber optic,No,No,No,Yes,Yes,No,Month-to-month,Yes,Electronic check,102.37,4802.24,Yes
CUST-101840,Male,0,Yes,No,11,Yes,Yes,No,No internet service,No internet service,No internet service,No internet service,No internet service,No internet service,Month-to-month,Yes,Credit card (automatic),38.41,417.54,Yes
CUST-101841,Male,0,No,No,23,No,No phone service,No,No internet service,No internet service,No internet service,No internet service,No internet service,No internet service,One year,No,Mailed check,23.19,522.89,No
CUST-101842,Female,1,Yes,No,63,Yes,No,Fiber optic,No,Yes,No,No,Yes,Yes,Two year,Yes,Bank transfer (automatic),104.98,6907.08,No
CUST-101843,Female,0,No,No,53,Yes,No,Fiber optic,No,Yes,No,No,Yes,No,Two year,Yes,Credit card (automatic),98.18,5455.08,No
CUST-101844,Female,0,No,No,24,Yes,Yes,Fiber optic,Yes,Yes,No,Yes,No,No,Month-to-month,Yes,Electronic check,108.68,2492.83,No
CUST-101845,Female,0,Yes,No,36,Yes,No,Fiber optic,No,No,No,No,Yes,Yes,One year,Yes,Electronic check,103.29,3683.6,Yes
CUST-101846,Male,0,Yes,No,42,Yes,No,DSL,Yes,No,No,No,No,No,Month-to-month,Yes,Electronic check,67.25,2727.1,No
CUST-101847,Female,0,Yes,Yes,25,Yes,No,DSL,No,Yes,No,No,No,No,Month-to-month,Yes,Bank transfer (automatic),69.01,1689.22,No
CUST-101848,Female,0,No,No,54,Yes,No,No,No internet service,No internet service,No internet service,No internet service,No internet service,No internet service,Month-to-month,No,Mailed check,45.07,2388.28,No
CUST-101849,Male,0,Yes,No,10,Yes,No,DSL,Yes,Yes,No,No,No,No,Month-to-month,Yes,Mailed check,70.19,708.98,No
CUST-101850,Male,1,No,Yes,31,Yes,No,Fiber optic,No,No,Yes,Yes,No,Yes,Month-to-month,No,Electronic check,120.06,3609.09,No
CUST-101851,Male,0,No,Yes,18,No,No phone service,DSL,No,No,Yes,No,No,No,Month-to-month,No,Electronic check,50.71,888.5,Yes
CUST-101852,Male,0,Yes,No,49,Yes,No,DSL,No,No,No,Yes,Yes,No,Month-to-month,No,Mailed check,86.35,4300.04,Yes
CUST-101853,Male,0,No,Yes,46,Yes,No,DSL,No,Yes,No,No,No,No,Two year,Yes,Electronic check,72.85,3385.48,No
CUST-101854,Male,1,Yes,No,58,Yes,No,Fiber optic,Yes,No,No,No,Yes,Yes,Month-to-month,Yes,Credit card (automatic),109.6,6541.98,No
CUST-101855,Female,1,Yes,Yes,26,Yes,No,Fiber optic,Yes,Yes,No,No,Yes,No,Two year,Yes,Credit card (automatic),112.24,2863.38,No
CUST-101856,Male,0,No,Yes,16,No,No phone service,No,No internet service,No internet service,No internet service,No internet service,No internet service,No internet service,Two year,No,Credit card (automatic),18.0,279.48,No
CUST-101857,Female,0,Yes,Yes,2,Yes,Yes,Fiber optic,Yes,No,Yes,No,No,No,Month-to-month,No,Mailed check,98.11,189.74,Yes
CUST-101858,Female,0,No,No,62,Yes,No,No,No internet service,No internet service,No internet service,No internet service,No internet service,No internet service,One year,Yes,Electronic check,41.68,2708.06,Yes
CUST-101859,Female,0,No,No,24,Yes,No,Fiber optic,No,No,No,Yes,No,No,Month-to-month,No,Mailed check,92.23,2273.39,No
CUST-101860,Female,0,Yes,No,55,Yes,No,DSL,Yes,No,Yes,No,Yes,No,Month-to-month,Yes,Electronic check,90.19,5090.0,No
CUST-101861,Male,0,No,No,26,Yes,No,No,No internet service,No internet service,No internet service,No internet service,No internet service,No internet service,One year,Yes,Credit card (automatic),32.64,877.81,No
CUST-101862,Female,0,Yes,No,24,Yes,No,Fiber optic,No,Yes,No,No,Yes,No,One year,Yes,Bank transfer (automatic),105.88,2469.56,No
CUST-101863,Male,1,No,Yes,17,Yes,Yes,Fiber optic,Yes,No,Yes,No,No,No,Month-to-month,Yes,Electronic check,104.17,1825.51,Yes
CUST-101864,Female,1,No,Yes,57,Yes,No,DSL,Yes,Yes,No,No,No,No,Two year,No,Bank transfer (automatic),74.41,4375.38,No
CUST-101865,Male,1,No,No,20,Yes,No,Fiber optic,No,No,No,Yes,No,No,One year,No,Electronic check,100.1,2080.86,Yes
CUST-101866,Male,0,No,Yes,21,Yes,Yes,DSL,No,Yes,No,Yes,No,Yes,Month-to-month,Yes,Bank transfer (automatic),89.29,1815.23,No
CUST-101867,Female,0,Yes,No,51,Yes,Yes,DSL,Yes,Yes,Yes,Yes,No,No,Month-to-month,Yes,Mailed check,94.87,4745.94,No
CUST-101868,Male,0,No,No,37,Yes,No,Fiber optic,No,No,No,No,Yes,No,Two year,No,Credit card (automatic),90.68,3303.1,No
CUST-101869,Female,0,Yes,No,54,No,No phone service,No,No internet service,No internet service,No internet service,No internet service,No internet service,No internet service,Two year,No,Credit card (automatic),21.25,1171.85,No
CUST-101870,Male,0,No,No,7,Yes,No,No,No internet service,No internet service,No internet service,No internet service,No internet service,No internet service,One year,Yes,Electronic check,41.2,281.32,Yes
CUST-101871,Male,1,Yes,No,69,Yes,Yes,No,No internet service,No internet service,No internet service,No internet service,No internet service,No internet service,One year,Yes,Mailed check,32.13,2122.51,No
CUST-101872,Female,0,Yes,No,17,Yes,No,No,No internet service,No internet service,No internet service,No internet service,No internet service,No internet service,Month-to-month,No,Electronic check,45.86,751.82,No
CUST-101873,Female,0,Yes,No,8,Yes,No,No,No internet service,No internet service,No internet service,No internet service,No internet service,No internet service,Month-to-month,Yes,Credit card (automatic),33.18,266.61,No
CUST-101874,Male,0,Yes,No,7,Yes,No,Fiber optic,No,Yes,Yes,No,No,No,Two year,Yes,Mailed check,104.37,735.17,No
CUST-101875,Male,0,Yes,No,22,No,No phone service,Fiber optic,No,Yes,No,No,Yes,Yes,One year,Yes,Credit card (automatic),86.61,1895.15,No
CUST-101876,Male,0,Yes,No,30,Yes,No,DSL,Yes,Yes,No,No,Yes,No,Month-to-month,Yes,Credit card (automatic),82.25,2516.12,No
CUST-101877,Female,0,No,No,5,Yes,No,No,No internet service,No internet service,No internet service,No internet service,No internet service,No internet service,One year,Yes,Electronic check,34.27,166.64,Yes
CUST-101878,Female,0,No,No,45,Yes,Yes,Fiber optic,No,No,Yes,No,Yes,No,Month-to-month,Yes,Electronic check,110.02,4983.6,Yes
CUST-101879,Male,0,Yes,No,44,Yes,No,DSL,Yes,No,Yes,No,Yes,No,Month-to-month,Yes,Bank transfer (automatic),72.7,3141.99,Yes
CUST-101880,Male,0,No,Yes,56,Yes,No,Fiber optic,No,No,Yes,No,Yes,No,One year,Yes,Electronic check,102.98,5710.57,No
CUST-101881,Male,0,Yes,No,1,No,No phone service,No,No internet service,No internet service,No internet service,No internet service,No internet service,No internet service,Month-to-month,No,Electronic check,18.1,18.9,Yes
CUST-101882,Male,0,No,No,7,No,No phone service,Fiber optic,Yes,No,No,Yes,Yes,No,Month-to-month,Yes,Mailed check,83.55,582.07,Yes
CUST-101883,Female,0,Yes,No,14,Yes,No,DSL,No,No,No,No,No,No,Month-to-month,Yes,Mailed check,73.46,1002.35,No
CUST-101884,Female,0,No,Yes,31,Yes,No,Fiber optic,No,No,Yes,No,No,Yes,Month-to-month,No,Mailed check,94.06,2807.08,No
CUST-101885,Male,0,Yes,No,42,Yes,No,Fiber optic,No,Yes,No,No,No,No,Two year,No,Electronic check,94.51,4071.5,Yes
CUST-101886,Female,0,Yes,No,14,Yes,No,Fiber optic,No,Yes,No,No,Yes,Yes,Month-to-month,No,Electronic check,104.39,1519.35,No
CUST-101887,Male,0,No,No,26,Yes,Yes,DSL,No,Yes,Yes,No,No,Yes,Month-to-month,Yes,Electronic check,84.13,2173.94,No
CUST-101888,Male,0,No,No,37,Yes,No,Fiber optic,No,No,No,No,Yes,No,One year,No,Bank transfer (automatic),96.14,3602.88,No
CUST-101889,Male,1,No,No,39,Yes,Yes,Fiber optic,No,No,No,Yes,No,No,Two year,No,Mailed check,95.99,3896.2,Yes
CUST-101890,Male,0,Yes,No,38,No,No phone service,DSL,Yes,No,No,No,Yes,No,One year,No,Mailed check,57.67,2132.61,No
CUST-101891,Male,0,No,Yes,46,Yes,No,DSL,Yes,No,No,Yes,No,No,Two year,Yes,Credit card (automatic),78.34,3521.72,No
CUST-101892,Female,1,No,No,55,Yes,No,Fiber optic,No,No,Yes,Yes,Yes,No,One year,Yes,Credit card (automatic),105.71,5647.99,No
CUST-101893,Female,0,Yes,No,61,Yes,Yes,Fiber optic,No,Yes,Yes,No,No,Yes,One year,Yes,Electronic check,106.56,6776.54,Yes
CUST-101894,Male,0,Yes,No,70,Yes,No,No,No internet service,No internet service,No internet service,No internet service,No internet service,No internet service,Month-to-month,No,Credit card (automatic),38.61,2629.85,No
CUST-101895,Female,0,Yes,No,28,Yes,No,No,No internet service,No internet service,No internet service,No internet service,No internet service,No internet service,Month-to-month,Yes,Electronic check,30.46,879.86,No
CUST-101896,Female,0,Yes,No,23,Yes,No,Fiber optic,No,Yes,No,Yes,Yes,No,Month-to-month,Yes,Bank transfer (automatic),98.89,2305.04,Yes
CUST-101897,Female,0,Yes,Yes,20,Yes,No,Fiber optic,Yes,Yes,Yes,No,No,Yes,One year,No,Electronic check,114.96,2197.82,Yes
CUST-101898,Female,0,Yes,No,25,Yes,No,DSL,No,Yes,No,Yes,No,No,One year,No,Electronic check,76.52,1988.77,No
CUST-101899,Male,0,No,No,39,Yes,No,Fiber optic,No,No,No,Yes,No,Yes,One year,No,Credit card (automatic),103.63,3992.79,No
CUST-101900,Female,0,No,No,44,Yes,Yes,Fiber optic,No,No,No,No,Yes,Yes,One year,No,Mailed check,105.67,4623.29,Yes
CUST-101901,Female,0,No,No,5,No,No phone service,Fiber optic,Yes,No,Yes,No,No,No,One year,Yes,Mailed check,84.68,426.74,Yes
CUST-101902,Female,0,No,No,72,Yes,No,No,No internet service,No internet service,No internet service,No internet service,No internet service,No internet service,Month-to-month,No,Credit card (automatic),43.38,3153.01,No
CUST-101903,Male,0,Yes,No,3,Yes,Yes,DSL,Yes,Yes,No,No,Yes,No,Month-to-month,Yes,Electronic check,86.19,268.76,No
CUST-101904,Male,0,No,No,29,Yes,No,Fiber optic,No,Yes,No,No,No,Yes,One year,Yes,Electronic check,99.77,2924.69,Yes
CUST-101905,Male,0,No,No,33,Yes,No,Fiber optic,No,No,No,Yes,No,Yes,Month-to-month,Yes,Mailed check,102.39,3484.66,Yes
CUST-101906,Male,0,No,No,25,No,No phone service,Fiber optic,No,No,No,No,No,Yes,Two year,No,Bank transfer (automatic),78.81,1944.34,No
CUST-101907,Male,0,Yes,Yes,15,Yes,Yes,DSL,No,Yes,No,No,Yes,No,Month-to-month,Yes,Bank transfer (automatic),70.53,1106.27,No
CUST-101908,Male,0,No,No,38,Yes,Yes,Fiber optic,No,Yes,Yes,No,Yes,Yes,Month-to-month,Yes,Mailed check,120.91,4780.83,Yes
CUST-101909,Female,0,No,No,0,Yes,No,DSL,No,Yes,No,No,No,Yes,One year,Yes,Mailed check,84.8,0.0,Yes
CUST-101910,Male,0,No,No,54,Yes,No,Fiber optic,No,No,Yes,No,Yes,Yes,Month-to-month,No,Mailed check,110.67,6079.3,Yes
CUST-101911,Female,0,No,Yes,49,Yes,Yes,No,No internet service,No internet service,No internet service,No internet service,No internet service,No internet service,One year,No,Mailed check,42.1,1975.44,No
CUST-101912,Male,0,No,No,56,No,No phone service,Fiber optic,No,No,No,No,No,No,Month-to-month,Yes,Electronic check,69.2,3838.92,Yes
CUST-101913,Female,0,No,No,59,Yes,Yes,DSL,Yes,Yes,No,No,No,No,Month-to-month,Yes,Electronic check,74.94,4455.44,No
CUST-101914,Male,0,No,Yes,64,Yes,No,No,No internet service,No internet service,No internet service,No internet service,No internet service,No internet service,One year,No,Bank transfer (automatic),43.32,2780.54,No
CUST-101915,Female,0,No,No,10,Yes,Yes,DSL,Yes,Yes,No,Yes,Yes,Yes,Month-to-month,Yes,Credit card (automatic),94.8,923.61,No
CUST-101916,Male,0,No,No,60,Yes,No,DSL,Yes,Yes,No,Yes,Yes,No,One year,Yes,Mailed check,95.73,5639.67,No
CUST-101917,Male,1,Yes,Yes,41,Yes,No,No,No internet service,No internet service,No internet service,No internet service,No internet service,No internet service,Month-to-month,Yes,Electronic check,37.41,1483.34,No
CUST-101918,Male,0,No,No,9,No,No phone service,Fiber optic,No,No,No,Yes,No,Yes,One year,No,Bank transfer (automatic),81.89,770.16,Yes
CUST-101919,Female,0,Yes,No,71,Yes,Yes,DSL,No,No,Yes,Yes,No,No,Month-to-month,No,Electronic check,86.57,6393.7,No
CUST-101920,Male,0,Yes,No,59,No,No phone service,Fiber optic,No,Yes,No,No,Yes,No,Month-to-month,Yes,Mailed check,79.2,4844.85,No
CUST-101921,Female,0,Yes,No,19,Yes,Yes,Fiber optic,No,No,No,No,No,No,One year,No,Mailed check,90.43,1687.57,No
CUST-101922,Female,0,No,No,65,Yes,No,No,No internet service,No internet service,No internet service,No internet service,No internet service,No internet service,One year,Yes,Mailed check,47.73,3177.03,No
CUST-101923,Male,0,Yes,No,53,Yes,Yes,Fiber optic,No,No,No,No,No,Yes,Two year,No,Electronic check,92.41,5059.12,No
CUST-101924,Male,1,Yes,No,32,Yes,Yes,Fiber optic,No,No,No,Yes,Yes,No,Two year,Yes,Credit card (automatic),96.75,2949.85,No
CUST-101925,Male,0,Yes,Yes,11,Yes,No,DSL,No,No,Yes,Yes,Yes,Yes,One year,Yes,Electronic check,89.41,990.88,No
CUST-101926,Male,1,No,No,53,No,No phone service,DSL,No,No,No,No,No,No,Month-to-month,Yes,Electronic check,41.81,2231.9,No
CUST-101927,Male,0,No,No,68,Yes,No,DSL,Yes,Yes,No,No,No,No,One year,Yes,Mailed check,83.29,5392.79,Yes
CUST-101928,Male,1,No,No,14,Yes,No,Fiber optic,No,No,Yes,No,Yes,Yes,Month-to-month,Yes,Bank transfer (automatic),105.98,1454.14,Yes
CUST-101929,Female,0,Yes,No,0,Yes,No,Fiber optic,Yes,Yes,Yes,No,Yes,Yes,Two year,No,Bank transfer (automatic),106.14,0.0,Yes
CUST-101930,Male,0,Yes,No,16,Yes,Yes,DSL,No,No,No,No,No,No,One year,No,Mailed check,61.9,1033.95,No
CUST-101931,Male,0,No,No,21,Yes,No,DSL,No,Yes,No,No,No,No,Month-to-month,Yes,Mailed check,76.99,1574.39,No
CUST-101932,Female,0,Yes,No,27,Yes,Yes,Fiber optic,No,No,No,No,No,No,Two year,No,Mailed check,87.49,2459.96,Yes
CUST-101933,Female,0,No,Yes,71,Yes,No,DSL,No,No,Yes,No,No,No,Two year,No,Electronic check,66.57,4930.47,No
CUST-101934,Male,0,No,No,70,Yes,No,No,No internet service,No internet service,No internet service,No internet service,No internet service,No internet service,Month-to-month,No,Electronic check,42.86,2982.83,Yes
CUST-101935,Male,0,No,No,48,Yes,Yes,No,No internet service,No internet service,No internet service,No internet service,No internet service,No internet service,One year,Yes,Mailed check,39.83,1828.0,No
CUST-101936,Male,0,Yes,No,15,Yes,No,Fiber optic,Yes,No,Yes,No,Yes,No,Month-to-month,Yes,Mailed check,106.83,1605.02,No
CUST-101937,Female,0,Yes,No,15,Yes,No,No,No internet service,No internet service,No internet service,No internet service,No internet service,No internet service,One year,No,Bank transfer (automatic),31.76,472.1,No
CUST-101938,Female,1,No,Yes,5,Yes,Yes,Fiber optic,No,No,Yes,Yes,Yes,No,Two year,Yes,Credit card (automatic),110.31,559.58,Yes
CUST-101939,Male,0,Yes,Yes,57,Yes,No,Fiber optic,Yes,No,No,No,No,No,Month-to-month,Yes,Mailed check,87.53,4772.93,No
CUST-101940,Male,0,No,Yes,16,Yes,No,Fiber optic,No,No,No,No,Yes,Yes,Month-to-month,Yes,Bank transfer (automatic),91.45,1438.01,Yes
CUST-101941,Male,0,No,Yes,65,Yes,No,DSL,No,Yes,No,No,No,No,Month-to-month,Yes,Credit card (automatic),74.73,4648.69,No
CUST-101942,Female,0,Yes,No,43,Yes,Yes,DSL,No,No,No,No,No,No,Two year,Yes,Electronic check,59.15,2422.15,No
CUST-101943,Male,0,Yes,No,35,Yes,No,Fiber optic,Yes,Yes,No,No,No,Yes,Month-to-month,Yes,Mailed check,114.35,3940.49,Yes
CUST-101944,Male,1,No,Yes,67,No,No phone service,DSL,No,No,No,Yes,No,No,One year,Yes,Bank transfer (automatic),51.72,3470.99,No
CUST-101945,Male,0,Yes,No,11,Yes,Yes,No,No internet service,No internet service,No internet service,No internet service,No internet service,No internet service,One year,Yes,Mailed check,46.5,531.71,Yes
CUST-101946,Male,0,No,Yes,33,Yes,Yes,DSL,Yes,No,Yes,No,Yes,No,Two year,Yes,Credit card (automatic),86.06,2717.65,No
CUST-101947,Female,0,No,Yes,18,Yes,No,Fiber optic,No,No,Yes,No,Yes,Yes,Month-to-month,Yes,Mailed check,100.54,1817.79,Yes
CUST-101948,Male,0,No,No,13,Yes,Yes,Fiber optic,No,No,No,No,No,Yes,Month-to-month,Yes,Credit card (automatic),92.36,1251.93,No
CUST-101949,Male,0,Yes,No,68,Yes,No,DSL,Yes,No,No,No,No,Yes,Two year,Yes,Electronic check,78.6,5596.88,No
CUST-101950,Female,0,Yes,No,44,Yes,Yes,DSL,Yes,No,Yes,No,Yes,Yes,Month-to-month,Yes,Credit card (automatic),82.79,3571.97,Yes
CUST-101951,Female,0,No,Yes,11,Yes,Yes,Fiber optic,No,No,No,No,Yes,No,Month-to-month,No,Electronic check,95.02,1062.62,Yes
CUST-101952,Male,0,No,No,7,No,No phone service,DSL,No,Yes,No,Yes,No,No,Month-to-month,Yes,Electronic check,55.9,372.03,No
CUST-101953,Male,0,No,Yes,22,Yes,No,DSL,No,No,No,No,No,Yes,Two year,Yes,Electronic check,66.74,1514.98,Yes
CUST-101954,Female,1,No,No,60,Yes,Yes,DSL,No,No,No,No,No,No,Two year,Yes,Bank transfer (automatic),74.42,4676.82,No
CUST-101955,Male,0,No,No,10,Yes,No,Fiber optic,No,Yes,No,No,Yes,No,Month-to-month,No,Electronic check,99.82,996.58,No
CUST-101956,Female,0,Yes,No,54,Yes,Yes,No,No internet service,No internet service,No internet service,No internet service,No internet service,No internet service,Month-to-month,Yes,Electronic check,35.15,1827.48,No
CUST-101957,Female,0,Yes,No,7,No,No phone service,No,No internet service,No internet service,No internet service,No internet service,No internet service,No internet service,One year,No,Bank transfer (automatic),18.0,123.13,No
CUST-101958,Female,0,No,No,24,Yes,No,Fiber optic,No,Yes,No,No,No,Yes,Month-to-month,Yes,Mailed check,104.65,2398.89,No
CUST-101959,Male,0,Yes,No,38,Yes,No,Fiber optic,Yes,No,No,No,Yes,No,Two year,Yes,Mailed check,105.14,3808.82,No
CUST-101960,Female,0,No,Yes,9,Yes,No,No,No internet service,No internet service,No internet service,No internet service,No internet service,No internet service,Month-to-month,Yes,Mailed check,34.95,313.63,No
CUST-101961,Female,0,Yes,No,28,No,No phone service,Fiber optic,No,No,No,No,Yes,No,Month-to-month,Yes,Credit card (automatic),78.56,2206.89,Yes
CUST-101962,Male,0,Yes,No,19,Yes,Yes,No,No internet service,No internet service,No internet service,No internet service,No internet service,No internet service,Month-to-month,No,Bank transfer (automatic),37.16,689.49,No
CUST-101963,Female,0,Yes,Yes,3,Yes,No,Fiber optic,Yes,No,Yes,Yes,Yes,No,Month-to-month,No,Mailed check,112.82,345.94,Yes
CUST-101964,Female,0,No,Yes,0,Yes,No,DSL,No,No,No,No,Yes,No,Month-to-month,Yes,Credit card (automatic),74.86,0.0,Yes
CUST-101965,Female,0,No,No,10,Yes,Yes,Fiber optic,No,No,No,No,No,No,One year,Yes,Credit card (automatic),83.32,811.74,No
CUST-101966,Male,0,Yes,Yes,54,Yes,No,No,No internet service,No internet service,No internet service,No internet service,No internet service,No internet service,Month-to-month,No,Mailed check,36.23,1919.27,No
CUST-101967,Male,0,Yes,No,2,Yes,No,DSL,No,No,No,No,No,No,One year,Yes,Electronic check,65.18,124.43,Yes
CUST-101968,Female,0,Yes,No,36,Yes,No,DSL,No,Yes,No,No,No,No,Month-to-month,Yes,Electronic check,72.72,2731.47,No
CUST-101969,Male,0,Yes,No,1,Yes,Yes,DSL,No,Yes,No,No,Yes,Yes,Month-to-month,Yes,Bank transfer (automatic),81.77,80.34,Yes
CUST-101970,Female,0,No,No,15,Yes,Yes,DSL,No,No,Yes,No,No,No,Month-to-month,Yes,Credit card (automatic),63.06,952.69,No
CUST-101971,Female,0,Yes,No,13,Yes,Yes,DSL,No,Yes,Yes,No,No,No,One year,No,Electronic check,83.15,1102.42,No
CUST-101972,Female,1,Yes,No,24,Yes,No,Fiber optic,No,Yes,No,Yes,No,No,Month-to-month,Yes,Mailed check,102.28,2374.44,Yes
CUST-101973,Male,0,Yes,Yes,54,No,No phone service,Fiber optic,No,Yes,No,Yes,Yes,No,Two year,No,Electronic check,96.01,5238.96,No
CUST-101974,Female,0,No,Yes,30,Yes,No,DSL,No,No,Yes,No,No,No,Month-to-month,No,Mailed check,68.76,2020.84,No
CUST-101975,Male,0,No,No,1,Yes,Yes,No,No internet service,No internet service,No internet service,No internet service,No internet service,No internet service,Month-to-month,Yes,Credit card (automatic),41.49,42.49,Yes
CUST-101976,Female,0,No,No,10,Yes,No,No,No internet service,No internet service,No internet service,No internet service,No internet service,No internet service,Month-to-month,Yes,Bank transfer (automatic),42.37,409.38,Yes
CUST-101977,Male,0,No,No,22,Yes,No,Fiber optic,No,Yes,No,No,No,Yes,One year,Yes,Credit card (automatic),96.84,2118.87,Yes
CUST-101978,Male,0,No,Yes,20,Yes,Yes,No,No internet service,No internet service,No internet service,No internet service,No internet service,No internet service,Month-to-month,Yes,Mailed check,44.93,896.45,No
CUST-101979,Female,1,Yes,No,41,Yes,No,Fiber optic,No,No,No,No,Yes,Yes,Month-to-month,Yes,Bank transfer (automatic),102.61,4082.65,No
CUST-101980,Female,0,No,No,25,Yes,No,DSL,No,No,No,No,No,No,Month-to-month,Yes,Credit card (automatic),58.81,1402.71,Yes
CUST-101981,Female,0,No,Yes,54,Yes,No,DSL,Yes,No,No,No,Yes,Yes,Month-to-month,No,Bank transfer (automatic),82.68,4433.19,No
CUST-101982,Male,0,Yes,No,18,Yes,No,Fiber optic,No,Yes,No,Yes,Yes,No,Month-to-month,Yes,Credit card (automatic),115.22,2039.54,No
CUST-101983,Female,0,No,No,49,Yes,No,No,No internet service,No internet service,No internet service,No internet service,No internet service,No internet service,One year,Yes,Electronic check,47.18,2336.76,No
CUST-101984,Female,1,No,No,7,Yes,No,DSL,Yes,No,No,No,Yes,No,One year,Yes,Electronic check,78.7,568.27,Yes
CUST-101985,Female,1,No,No,72,Yes,No,Fiber optic,No,No,Yes,No,No,No,Month-to-month,No,Electronic check,100.09,7031.03,Yes
CUST-101986,Female,1,Yes,No,72,Yes,Yes,No,No internet service,No internet service,No internet service,No internet service,No internet service,No internet service,Month-to-month,Yes,Credit card (automatic),43.08,3059.07,No
CUST-101987,Male,0,Yes,No,20,Yes,No,No,No internet service,No internet service,No internet service,No internet service,No internet service,No internet service,Month-to-month,No,Electronic check,40.72,773.69,No
CUST-101988,Male,0,No,Yes,17,Yes,Yes,No,No internet service,No internet service,No internet service,No internet service,No internet service,No internet service,Two year,No,Credit card (automatic),40.25,697.65,No
CUST-101989,Female,0,Yes,No,0,No,No phone service,DSL,No,Yes,Yes,No,No,Yes,One year,No,Mailed check,61.24,0.0,No
CUST-101990,Female,0,Yes,No,71,Yes,No,DSL,No,No,Yes,No,Yes,Yes,Month-to-month,No,Bank transfer (automatic),84.86,5767.95,Yes
CUST-101991,Male,0,Yes,No,2,Yes,Yes,DSL,No,No,No,No,No,No,Two year,No,Bank transfer (automatic),60.14,122.55,No
CUST-101992,Male,0,No,Yes,0,Yes,Yes,DSL,No,No,No,No,No,No,Month-to-month,Yes,Mailed check,63.88,0.0,No
CUST-101993,Female,0,No,No,7,No,No phone service,No,No internet service,No internet service,No internet service,No internet service,No internet service,No internet service,Month-to-month,No,Electronic check,20.2,140.26,Yes
CUST-101994,Female,1,No,No,21,Yes,Yes,Fiber optic,Yes,No,Yes,Yes,No,No,Two year,Yes,Bank transfer (automatic),99.5,2128.78,No
CUST-101995,Male,0,No,No,71,Yes,Yes,No,No internet service,No internet service,No internet service,No internet service,No internet service,No internet service,One year,Yes,Credit card (automatic),36.67,2686.22,No
CUST-101996,Female,1,Yes,Yes,12,Yes,Yes,Fiber optic,Yes,Yes,No,No,No,Yes,Month-to-month,No,Electronic check,106.87,1290.36,No
CUST-101997,Female,0,Yes,No,41,Yes,No,Fiber optic,No,Yes,No,No,No,No,One year,Yes,Electronic check,98.25,4223.76,Yes
CUST-101998,Male,0,Yes,Yes,47,Yes,Yes,DSL,No,No,Yes,No,Yes,Yes,Two year,Yes,Credit card (automatic),79.19,3637.0,Yes
CUST-101999,Male,0,Yes,No,58,Yes,Yes,Fiber optic,No,No,No,No,No,No,Month-to-month,Yes,Electronic check,94.87,5434.31,Yes
CUST-102000,Female,0,No,No,51,Yes,Yes,No,No internet service,No internet service,No internet service,No internet service,No internet service,No internet service,Month-to-month,Yes,Electronic check,36.78,1782.92,No
CUST-102001,Male,0,Yes,Yes,71,No,No phone service,Fiber optic,Yes,Yes,Yes,No,No,Yes,Month-to-month,No,Credit card (automatic),90.82,6268.71,No
CUST-102002,Male,0,Yes,No,48,Yes,Yes,No,No internet service,No internet service,No internet service,No internet service,No internet service,No internet service,Two year,No,Bank transfer (automatic),44.23,2209.76,No
CUST-102003,Male,0,No,No,61,Yes,No,No,No internet service,No internet service,No internet service,No internet service,No internet service,No internet service,Month-to-month,Yes,Electronic check,42.9,2717.68,Yes
CUST-102004,Female,1,No,No,23,No,No phone service,DSL,Yes,No,Yes,No,No,Yes,Month-to-month,Yes,Credit card (automatic),60.07,1383.26,No
CUST-102005,Male,0,Yes,No,29,Yes,No,DSL,No,No,No,Yes,No,Yes,Month-to-month,Yes,Bank transfer (automatic),69.12,1973.72,Yes
CUST-102006,Male,0,No,No,53,Yes,Yes,Fiber optic,No,No,Yes,Yes,No,No,Month-to-month,No,Electronic check,100.98,5380.9,Yes
CUST-102007,Male,0,No,No,63,Yes,Yes,Fiber optic,No,Yes,Yes,Yes,No,No,One year,Yes,Mailed check,111.71,7160.66,No
CUST-102008,Female,0,No,Yes,0,Yes,Yes,DSL,No,Yes,No,No,Yes,Yes,Month-to-month,No,Credit card (automatic),86.65,0.0,Yes
CUST-102009,Female,0,No,No,31,Yes,No,DSL,Yes,Yes,No,No,No,Yes,Two year,No,Bank transfer (automatic),77.19,2360.22,No
CUST-102010,Male,0,Yes,No,58,Yes,No,No,No internet service,No internet service,No internet service,No internet service,No internet service,No internet service,One year,Yes,Bank transfer (automatic),40.05,2219.58,No
CUST-102011,Male,0,Yes,No,8,Yes,No,No,No internet service,No internet service,No internet service,No internet service,No internet service,No internet service,Month-to-month,Yes,Mailed check,41.23,324.73,Yes
CUST-102012,Male,0,Yes,No,25,Yes,No,DSL,Yes,No,No,Yes,No,Yes,Two year,Yes,Electronic check,75.13,1801.57,No
CUST-102013,Female,0,No,No,40,Yes,No,Fiber optic,Yes,Yes,Yes,No,Yes,Yes,Month-to-month,No,Bank transfer (automatic),119.96,4595.95,No
CUST-102014,Female,0,No,Yes,6,Yes,No,DSL,No,No,No,No,No,Yes,One year,No,Electronic check,74.7,454.36,No
CUST-102015,Male,1,No,Yes,66,No,No phone service,DSL,Yes,No,No,Yes,Yes,Yes,One year,No,Credit card (automatic),67.45,4583.12,No
CUST-102016,Male,0,No,Yes,26,Yes,Yes,DSL,No,No,No,No,Yes,No,Month-to-month,Yes,Electronic check,62.12,1579.99,No
CUST-102017,Female,0,Yes,Yes,57,Yes,No,DSL,Yes,No,No,No,No,Yes,Month-to-month,No,Electronic check,74.43,4429.06,Yes
CUST-102018,Female,0,Yes,No,31,Yes,Yes,No,No internet service,No internet service,No internet service,No internet service,No internet service,No internet service,Month-to-month,Yes,Electronic check,30.19,926.56,No
CUST-102019,Male,0,Yes,No,29,Yes,Yes,DSL,No,Yes,Yes,No,Yes,Yes,Month-to-month,Yes,Credit card (automatic),84.52,2329.89,Yes
CUST-102020,Male,0,Yes,Yes,70,Yes,Yes,Fiber optic,No,Yes,Yes,No,Yes,No,One year,Yes,Mailed check,112.7,8053.4,No
CUST-102021,Female,0,No,No,62,Yes,No,No,No internet service,No internet service,No internet service,No internet service,No internet service,No internet service,Month-to-month,Yes,Mailed check,42.32,2719.83,No
CUST-102022,Female,0,No,Yes,37,Yes,No,DSL,No,Yes,Yes,No,No,Yes,Month-to-month,Yes,Mailed check,83.02,3121.33,Yes
CUST-102023,Female,0,Yes,No,33,Yes,No,Fiber optic,Yes,No,No,No,No,Yes,Two year,Yes,Bank transfer (automatic),98.28,3291.59,No
CUST-102024,Male,0,No,No,56,Yes,No,Fiber optic,No,No,Yes,No,Yes,No,Month-to-month,Yes,Credit card (automatic),107.32,6036.26,No
CUST-102025,Male,1,Yes,No,49,Yes,Yes,DSL,No,No,No,No,Yes,No,Two year,No,Mailed check,73.1,3577.26,No
CUST-102026,Female,0,No,Yes,71,Yes,No,DSL,Yes,No,Yes,No,No,Yes,One year,No,Electronic check,78.12,5299.46,No
CUST-102027,Female,0,Yes,No,24,Yes,No,No,No internet service,No internet service,No internet service,No internet service,No internet service,No internet service,One year,No,Credit card (automatic),42.58,1020.54,No
CUST-102028,Female,1,No,No,8,Yes,Yes,Fiber optic,Yes,No,Yes,No,No,No,Month-to-month,No,Mailed check,105.76,876.27,Yes
CUST-102029,Male,0,Yes,No,14,Yes,No,DSL,Yes,No,No,Yes,Yes,Yes,Two year,No,Bank transfer (automatic),93.64,1266.48,No
CUST-102030,Female,0,Yes,Yes,38,Yes,No,Fiber optic,Yes,Yes,No,No,No,No,Two year,Yes,Electronic check,97.2,3536.21,No
CUST-102031,Male,1,No,No,22,Yes,No,No,No internet service,No internet service,No internet service,No internet service,No internet service,No internet service,One year,No,Credit card (automatic),45.05,970.12,No
CUST-102032,Male,0,Yes,No,59,Yes,No,Fiber optic,No,Yes,Yes,No,No,Yes,One year,Yes,Credit card (automatic),118.61,7154.7,Yes
CUST-102033,Female,0,Yes,No,63,No,No phone service,No,No internet service,No internet service,No internet service,No internet service,No internet service,No internet service,Month-to-month,Yes,Mailed check,18.0,1183.79,No
CUST-102034,Female,0,Yes,No,13,No,No phone service,Fiber optic,Yes,No,Yes,No,No,Yes,Month-to-month,Yes,Electronic check,95.37,1206.64,No
CUST-102035,Female,0,No,No,72,Yes,No,DSL,No,No,No,No,No,No,Two year,Yes,Electronic check,64.62,4479.21,Yes
CUST-102036,Female,0,Yes,No,46,Yes,No,DSL,No,No,No,No,Yes,No,Month-to-month,Yes,Electronic check,71.35,3422.45,Yes
CUST-102037,Male,0,No,Yes,19,Yes,Yes,Fiber optic,No,No,Yes,No,Yes,No,Month-to-month,Yes,Mailed check,101.82,2010.62,No
CUST-102038,Female,0,No,Yes,14,Yes,No,Fiber optic,No,Yes,No,No,No,No,Month-to-month,No,Mailed check,96.97,1364.41,Yes
CUST-102039,Male,0,No,No,12,Yes,No,Fiber optic,No,Yes,No,No,No,Yes,One year,No,Mailed check,100.83,1226.51,No
CUST-102040,Male,1,Yes,Yes,34,Yes,Yes,Fiber optic,No,No,No,Yes,No,No,One year,Yes,Electronic check,97.3,3322.82,No
CUST-102041,Female,0,No,No,5,Yes,Yes,DSL,No,Yes,Yes,No,Yes,No,One year,Yes,Electronic check,88.98,425.84,Yes
CUST-102042,Female,0,Yes,No,9,Yes,No,No,No internet service,No internet service,No internet service,No internet service,No internet service,No internet service,Month-to-month,No,Credit card (automatic),32.03,293.76,No
CUST-102043,Female,0,No,No,55,Yes,Yes,Fiber optic,No,No,No,No,Yes,Yes,Month-to-month,Yes,Electronic check,102.73,5751.83,Yes
CUST-102044,Male,0,Yes,Yes,35,No,No phone service,Fiber optic,Yes,No,No,No,Yes,No,Month-to-month,Yes,Credit card (automatic),81.39,2963.43,No
CUST-102045,Female,0,No,No,38,Yes,Yes,Fiber optic,No,No,Yes,No,No,Yes,Two year,Yes,Bank transfer (automatic),101.24,3865.54,No
CUST-102046,Male,1,No,No,23,Yes,No,Fiber optic,Yes,No,No,Yes,No,Yes,Month-to-month,No,Electronic check,114.45,2710.45,No
CUST-102047,Female,0,Yes,No,40,Yes,No,No,No internet service,No internet service,No internet service,No internet service,No internet service,No internet service,Two year,Yes,Bank transfer (automatic),39.55,1643.02,No
CUST-102048,Female,0,Yes,No,25,Yes,Yes,DSL,No,No,Yes,Yes,No,No,Month-to-month,Yes,Credit card (automatic),73.77,1760.01,Yes
CUST-102049,Female,0,Yes,Yes,3,Yes,Yes,Fiber optic,No,No,Yes,No,No,No,Two year,Yes,Credit card (automatic),105.02,305.62,No
CUST-102050,Male,0,No,No,41,Yes,Yes,Fiber optic,Yes,No,Yes,No,No,No,One year,Yes,Electronic check,105.61,4269.11,Yes
CUST-102051,Male,0,Yes,Yes,5,Yes,No,No,No internet service,No internet service,No internet service,No internet service,No internet service,No internet service,Two year,Yes,Electronic check,35.22,177.09,No
CUST-102052,Male,0,No,No,50,Yes,Yes,Fiber optic,No,No,No,No,No,Yes,One year,Yes,Mailed check,93.48,4673.88,No
CUST-102053,Female,0,No,Yes,66,Yes,No,DSL,No,No,Yes,No,No,Yes,One year,No,Electronic check,74.64,5038.28,Yes
CUST-102054,Female,0,No,Yes,48,Yes,No,Fiber optic,No,No,Yes,Yes,No,Yes,One year,Yes,Electronic check,105.02,4941.9,No
CUST-102055,Male,1,Yes,Yes,42,Yes,Yes,Fiber optic,Yes,No,No,No,No,No,Month-to-month,Yes,Credit card (automatic),103.86,4467.89,No
CUST-102056,Female,0,Yes,Yes,70,Yes,Yes,DSL,Yes,No,No,No,No,Yes,Two year,Yes,Bank transfer (automatic),76.42,5554.15,No
CUST-102057,Female,0,Yes,No,16,Yes,Yes,Fiber optic,No,No,No,No,No,Yes,One year,No,Bank transfer (automatic),94.09,1571.65,No
CUST-102058,Male,0,No,No,56,Yes,No,Fiber optic,No,No,No,No,Yes,No,Month-to-month,Yes,Mailed check,87.16,4745.84,Yes
CUST-102059,Male,0,Yes,Yes,15,Yes,No,DSL,Yes,No,No,Yes,Yes,No,Month-to-month,No,Electronic check,87.62,1345.53,No
CUST-102060,Female,1,Yes,Yes,0,Yes,No,DSL,No,No,Yes,No,No,No,Month-to-month,No,Electronic check,70.44,0.0,Yes
CUST-102061,Female,0,Yes,No,17,Yes,No,Fiber optic,Yes,No,Yes,No,No,Yes,Two year,No,Bank transfer (automatic),116.89,2074.08,No
CUST-102062,Male,0,No,Yes,36,Yes,No,DSL,No,Yes,No,No,No,Yes,Two year,No,Mailed check,75.68,2762.52,No
CUST-102063,Female,0,No,No,4,Yes,No,DSL,No,Yes,No,No,No,Yes,Month-to-month,Yes,Mailed check,74.64,299.22,Yes
CUST-102064,Female,1,Yes,Yes,20,Yes,No,Fiber optic,No,Yes,No,No,No,No,One year,Yes,Electronic check,95.87,1902.56,No
CUST-102065,Female,0,Yes,No,3,Yes,Yes,DSL,No,No,No,Yes,No,Yes,Month-to-month,No,Mailed check,81.65,252.59,Yes
CUST-102066,Female,0,Yes,No,17,Yes,No,DSL,Yes,No,Yes,No,No,No,Month-to-month,No,Electronic check,77.51,1278.86,No
CUST-102067,Female,0,Yes,Yes,52,No,No phone service,No,No internet service,No internet service,No internet service,No internet service,No internet service,No internet service,Two year,No,Electronic check,23.51,1254.85,No
CUST-102068,Male,0,No,No,11,No,No phone service,Fiber optic,Yes,No,No,Yes,No,No,Month-to-month,No,Credit card (automatic),81.85,918.38,Yes
CUST-102069,Male,1,Yes,No,19,Yes,No,DSL,No,No,No,No,Yes,No,Month-to-month,No,Bank transfer (automatic),69.03,1357.58,Yes
CUST-102070,Male,0,No,No,9,Yes,No,DSL,No,No,Yes,No,No,No,Month-to-month,No,Credit card (automatic),73.59,639.92,Yes
CUST-102071,Female,0,No,No,28,Yes,Yes,DSL,Yes,No,No,Yes,No,No,Month-to-month,Yes,Credit card (automatic),81.02,2254.98,No
CUST-102072,Male,0,No,No,55,Yes,Yes,Fiber optic,Yes,Yes,No,Yes,No,No,Month-to-month,Yes,Bank transfer (automatic),102.21,5787.88,No
CUST-102073,Male,1,Yes,No,39,No,No phone service,Fiber optic,Yes,Yes,No,No,No,No,Month-to-month,Yes,Electronic check,86.87,3339.33,Yes
CUST-102074,Female,0,No,No,14,Yes,Yes,DSL,No,No,No,No,No,No,Month-to-month,No,Mailed check,71.81,990.3,No
CUST-102075,Male,0,Yes,Yes,23,Yes,No,No,No internet service,No internet service,No internet service,No internet service,No internet service,No internet service,Two year,No,Electronic check,42.64,978.56,No
CUST-102076,Male,1,Yes,No,48,Yes,No,Fiber optic,No,Yes,No,No,No,Yes,Month-to-month,No,Credit card (automatic),98.71,4860.69,Yes
CUST-102077,Male,0,No,No,34,Yes,No,No,No internet service,No internet service,No internet service,No internet service,No internet service,No internet service,Two year,Yes,Credit card (automatic),36.81,1248.16,No
CUST-102078,Male,1,Yes,Yes,33,Yes,No,Fiber optic,Yes,No,No,No,Yes,No,One year,No,Mailed check,106.78,3377.8,Yes
CUST-102079,Male,0,Yes,Yes,63,Yes,Yes,No,No internet service,No internet service,No internet service,No internet service,No internet service,No internet service,Month-to-month,Yes,Mailed check,33.55,2096.56,No
CUST-102080,Female,0,Yes,Yes,59,Yes,Yes,Fiber optic,Yes,No,Yes,Yes,Yes,No,Month-to-month,Yes,Electronic check,118.0,6969.33,Yes
CUST-102081,Male,0,Yes,No,17,Yes,Yes,DSL,No,No,No,Yes,No,Yes,Month-to-month,No,Electronic check,86.99,1468.7,No
CUST-102082,Male,0,No,Yes,51,Yes,Yes,DSL,No,No,Yes,No,No,No,One year,No,Electronic check,69.37,3611.98,No
CUST-102083,Female,0,No,Yes,57,Yes,Yes,DSL,No,No,No,Yes,No,No,One year,No,Credit card (automatic),73.19,3966.24,No
CUST-102084,Male,0,No,Yes,65,Yes,No,No,No internet service,No internet service,No internet service,No internet service,No internet service,No internet service,Month-to-month,No,Electronic check,39.67,2558.25,Yes
CUST-102085,Female,1,Yes,No,19,Yes,Yes,Fiber optic,Yes,No,No,No,No,Yes,Month-to-month,Yes,Credit card (automatic),101.86,1945.18,No
CUST-102086,Female,0,Yes,Yes,53,Yes,Yes,DSL,No,No,No,No,No,Yes,Month-to-month,No,Mailed check,66.25,3612.55,Yes
CUST-102087,Female,0,Yes,Yes,13,Yes,No,DSL,Yes,No,No,Yes,Yes,Yes,One year,Yes,Mailed check,85.08,1097.53,No
CUST-102088,Male,0,No,No,32,Yes,No,Fiber optic,No,Yes,No,Yes,No,No,Month-to-month,Yes,Electronic check,103.57,3474.25,No
CUST-102089,Male,0,No,No,5,No,No phone service,Fiber optic,Yes,No,No,Yes,No,No,Month-to-month,No,Electronic check,84.31,428.84,Yes
CUST-102090,Female,0,No,Yes,44,Yes,No,Fiber optic,No,Yes,No,No,No,Yes,One year,Yes,Mailed check,98.55,4319.91,No
CUST-102091,Male,0,No,No,49,No,No phone service,No,No internet service,No internet service,No internet service,No internet service,No internet service,No internet service,One year,No,Bank transfer (automatic),22.56,1092.55,No
CUST-102092,Female,0,No,No,32,Yes,Yes,Fiber optic,Yes,No,Yes,No,No,No,Month-to-month,Yes,Mailed check,98.32,3148.3,Yes
CUST-102093,Male,0,Yes,Yes,30,Yes,No,DSL,Yes,No,No,Yes,No,Yes,Month-to-month,Yes,Electronic check,82.83,2558.65,No
CUST-102094,Male,0,No,No,17,Yes,No,Fiber optic,No,Yes,No,No,No,Yes,Month-to-month,Yes,Electronic check,99.31,1769.73,No
CUST-102095,Female,0,No,No,56,Yes,No,Fiber optic,No,Yes,No,No,No,No,Two year,Yes,Electronic check,88.23,4744.06,No
CUST-102096,Female,1,No,No,66,Yes,No,No,No internet service,No internet service,No internet service,No internet service,No internet service,No internet service,Month-to-month,Yes,Bank transfer (automatic),35.44,2305.05,Yes
CUST-102097,Female,0,Yes,Yes,9,Yes,No,DSL,Yes,No,No,Yes,No,No,Month-to-month,No,Bank transfer (automatic),81.91,742.45,No
CUST-102098,Female,0,No,No,20,No,No phone service,Fiber optic,No,No,No,No,No,No,Month-to-month,Yes,Electronic check,67.88,1358.4,Yes
CUST-102099,Male,0,Yes,No,44,Yes,Yes,Fiber optic,Yes,No,Yes,No,No,No,One year,Yes,Credit card (automatic),103.56,4467.38,No
CUST-102100,Female,0,No,No,26,Yes,No,Fiber optic,No,No,Yes,No,No,No,One year,No,Electronic check,93.45,2375.97,No
CUST-102101,Female,0,No,No,0,Yes,No,DSL,No,Yes,Yes,No,No,No,One year,No,Credit card (automatic),74.4,0.0,No
CUST-102102,Male,1,No,No,1,Yes,No,DSL,No,No,No,No,No,No,One year,No,Mailed check,64.57,66.59,No
CUST-102103,Male,1,Yes,No,17,Yes,Yes,No,No internet service,No internet service,No internet service,No internet service,No internet service,No internet service,Two year,No,Bank transfer (automatic),34.23,597.24,No
CUST-102104,Female,0,Yes,Yes,70,Yes,Yes,DSL,No,Yes,No,No,No,No,Two year,No,Electronic check,73.47,5095.21,No
CUST-102105,Male,0,No,No,44,Yes,Yes,Fiber optic,No,Yes,Yes,No,No,Yes,Month-to-month,Yes,Bank transfer (automatic),105.48,4559.41,Yes
CUST-102106,Female,0,No,No,18,Yes,Yes,Fiber optic,No,No,No,No,No,Yes,Month-to-month,Yes,Bank transfer (automatic),98.57,1744.76,Yes
CUST-102107,Male,0,No,No,4,Yes,No,DSL,No,No,Yes,Yes,No,No,Two year,Yes,Electronic check,71.27,287.85,No
CUST-102108,Male,0,Yes,Yes,55,Yes,Yes,Fiber optic,Yes,No,Yes,No,No,No,One year,No,Electronic check,99.89,5358.72,No
CUST-102109,Male,0,No,Yes,27,Yes,No,DSL,Yes,No,No,Yes,No,Yes,Two year,Yes,Bank transfer (automatic),75.08,1969.48,No
CUST-102110,Male,0,No,Yes,28,Yes,No,Fiber optic,No,No,No,No,Yes,Yes,Month-to-month,No,Mailed check,97.75,2634.89,No
CUST-102111,Female,0,Yes,No,41,Yes,No,DSL,No,No,No,Yes,Yes,No,Two year,Yes,Bank transfer (automatic),67.12,2772.8,No
CUST-102112,Female,0,Yes,No,16,Yes,Yes,Fiber optic,No,Yes,No,No,Yes,Yes,Month-to-month,Yes,Electronic check,104.31,1691.89,Yes
CUST-102113,Female,0,No,No,53,No,No phone service,Fiber optic,No,Yes,Yes,No,Yes,No,One year,Yes,Electronic check,80.47,4370.31,No
CUST-102114,Female,0,Yes,No,22,Yes,No,No,No internet service,No internet service,No internet service,No internet service,No internet service,No internet service,Month-to-month,No,Bank transfer (automatic),44.43,940.36,Yes
CUST-102115,Male,0,No,Yes,51,Yes,Yes,DSL,No,No,No,No,No,No,Month-to-month,Yes,Electronic check,58.97,2869.45,No
CUST-102116,Female,0,No,No,37,Yes,No,DSL,No,No,No,No,No,No,Month-to-month,No,Electronic check,60.71,2281.09,Yes
CUST-102117,Female,0,Yes,No,10,Yes,No,DSL,Yes,No,No,No,No,No,Month-to-month,No,Electronic check,67.33,695.78,No
CUST-102118,Female,0,Yes,Yes,45,Yes,Yes,DSL,No,No,No,No,No,No,Month-to-month,Yes,Credit card (automatic),71.48,3217.45,No
CUST-102119,Female,0,No,No,5,Yes,No,Fiber optic,Yes,No,Yes,No,Yes,Yes,Two year,No,Mailed check,111.74,553.89,No
CUST-102120,Female,0,No,No,52,Yes,No,No,No internet service,No internet service,No internet service,No internet service,No internet service,No internet service,Two year,No,Mailed check,38.49,1925.52,No
CUST-102121,Female,0,No,No,27,Yes,No,Fiber optic,No,No,No,No,Yes,No,Two year,No,Bank transfer (automatic),100.01,2616.52,No
CUST-102122,Female,0,No,No,48,Yes,No,DSL,No,No,No,Yes,Yes,No,Two year,Yes,Mailed check,82.96,4095.28,No
CUST-102123,Female,0,No,Yes,17,Yes,No,No,No internet service,No internet service,No internet service,No internet service,No internet service,No internet service,Two year,No,Electronic check,45.57,757.8,No
CUST-102124,Female,0,No,Yes,29,Yes,Yes,Fiber optic,No,Yes,No,Yes,Yes,No,Two year,No,Electronic check,110.91,3308.07,No
CUST-102125,Male,0,No,Yes,22,Yes,No,Fiber optic,Yes,No,No,No,No,No,Month-to-month,No,Electronic check,99.98,2177.41,No
CUST-102126,Male,0,No,No,18,Yes,No,Fiber optic,No,No,Yes,No,No,No,Month-to-month,Yes,Credit card (automatic),93.42,1753.41,No
CUST-102127,Female,0,Yes,No,25,Yes,No,Fiber optic,No,No,Yes,No,No,No,Two year,No,Bank transfer (automatic),90.0,2253.12,No
CUST-102128,Male,0,Yes,No,3,Yes,No,No,No internet service,No internet service,No internet service,No internet service,No internet service,No internet service,Month-to-month,No,Credit card (automatic),42.49,123.87,Yes
CUST-102129,Male,0,No,No,28,Yes,No,DSL,No,No,Yes,No,Yes,Yes,One year,Yes,Credit card (automatic),71.58,1917.82,No
CUST-102130,Female,0,Yes,No,8,Yes,Yes,Fiber optic,Yes,Yes,No,Yes,Yes,No,One year,No,Electronic check,115.55,937.77,Yes
CUST-102131,Female,0,No,No,37,Yes,No,Fiber optic,No,No,No,No,Yes,Yes,Month-to-month,Yes,Bank transfer (automatic),101.76,3737.93,Yes
CUST-102132,Female,0,No,No,6,Yes,No,No,No internet service,No internet service,No internet service,No internet service,No internet service,No internet service,Month-to-month,Yes,Mailed check,40.08,245.07,Yes
CUST-102133,Male,0,Yes,Yes,0,No,No phone service,Fiber optic,No,No,Yes,No,Yes,Yes,One year,No,Bank transfer (automatic),89.99,0.0,Yes
CUST-102134,Male,0,Yes,No,32,Yes,Yes,DSL,Yes,Yes,Yes,No,No,No,Month-to-month,Yes,Credit card (automatic),81.16,2577.52,Yes
CUST-102135,Female,0,No,No,21,Yes,No,No,No internet service,No internet service,No internet service,No internet service,No internet service,No internet service,Month-to-month,Yes,Mailed check,44.98,934.52,No
CUST-102136,Female,0,Yes,No,64,No,No phone service,Fiber optic,Yes,No,Yes,No,No,No,One year,No,Bank transfer (automatic),81.34,4986.02,No
CUST-102137,Male,0,No,No,19,Yes,No,Fiber optic,No,Yes,Yes,No,No,No,Month-to-month,No,Electronic check,106.53,1937.5,No
CUST-102138,Female,0,No,No,29,Yes,No,DSL,Yes,No,No,Yes,No,No,Month-to-month,Yes,Credit card (automatic),73.04,2080.09,No
CUST-102139,Male,0,No,No,17,Yes,No,No,No internet service,No internet service,No internet service,No internet service,No internet service,No internet service,One year,Yes,Electronic check,47.98,855.54,No
CUST-102140,Female,0,No,Yes,64,Yes,Yes,Fiber optic,No,Yes,No,No,No,Yes,Month-to-month,Yes,Mailed check,113.17,7308.5,Yes
CUST-102141,Female,0,No,No,57,Yes,Yes,No,No internet service,No internet service,No internet service,No internet service,No internet service,No internet service,Two year,Yes,Credit card (automatic),33.41,1960.72,No
CUST-102142,Female,0,Yes,Yes,12,Yes,Yes,Fiber optic,No,No,No,Yes,No,Yes,Month-to-month,No,Electronic check,102.44,1234.23,No
CUST-102143,Female,0,Yes,Yes,18,Yes,No,DSL,No,No,Yes,Yes,Yes,No,Two year,Yes,Mailed check,83.63,1473.1,No
CUST-102144,Male,0,Yes,Yes,13,Yes,No,Fiber optic,Yes,No,No,No,No,No,Two year,No,Bank transfer (automatic),92.7,1209.13,No
CUST-102145,Male,0,No,No,11,Yes,No,DSL,No,No,No,No,No,Yes,Two year,Yes,Bank transfer (automatic),73.02,767.54,No
CUST-102146,Male,0,Yes,No,17,Yes,No,DSL,No,No,Yes,Yes,No,No,One year,No,Electronic check,79.96,1295.61,No
CUST-102147,Female,0,Yes,No,62,Yes,No,No,No internet service,No internet service,No internet service,No internet service,No internet service,No internet service,One year,Yes,Electronic check,39.26,2458.15,No
CUST-102148,Female,0,Yes,No,33,Yes,No,No,No internet service,No internet service,No internet service,No internet service,No internet service,No internet service,Month-to-month,No,Mailed check,41.7,1343.16,Yes
CUST-102149,Female,0,Yes,Yes,27,Yes,No,Fiber optic,Yes,Yes,Yes,Yes,No,No,One year,No,Mailed check,113.94,3202.92,No
CUST-102150,Male,1,Yes,No,13,Yes,No,DSL,No,No,Yes,No,Yes,No,Month-to-month,No,Credit card (automatic),77.6,972.5,No
CUST-102151,Male,0,No,Yes,13,Yes,No,Fiber optic,No,Yes,No,No,No,Yes,Month-to-month,Yes,Bank transfer (automatic),113.71,1473.56,No
CUST-102152,Female,0,Yes,No,40,Yes,No,Fiber optic,No,Yes,Yes,No,No,No,Month-to-month,No,Bank transfer (automatic),108.38,4498.98,Yes
CUST-102153,Female,0,No,No,54,Yes,No,Fiber optic,No,No,No,No,Yes,Yes,One year,Yes,Electronic check,103.25,5476.1,No
CUST-102154,Female,0,Yes,No,40,Yes,No,Fiber optic,No,No,No,No,Yes,No,Month-to-month,No,Credit card (automatic),86.3,3334.67,No
CUST-102155,Male,0,Yes,No,47,Yes,No,Fiber optic,Yes,No,No,No,No,No,One year,No,Electronic check,97.37,4744.07,Yes
CUST-102156,Male,1,Yes,No,19,Yes,No,DSL,No,No,Yes,No,No,No,Month-to-month,Yes,Credit card (automatic),68.88,1248.46,Yes
CUST-102157,Female,0,No,Yes,69,Yes,No,Fiber optic,No,No,Yes,No,No,Yes,Month-to-month,Yes,Credit card (automatic),106.66,7684.0,Yes
CUST-102158,Female,0,No,No,60,Yes,Yes,DSL,No,No,Yes,No,No,No,Month-to-month,Yes,Credit card (automatic),66.79,3939.32,Yes
CUST-102159,Male,0,Yes,Yes,64,Yes,No,No,No internet service,No internet service,No internet service,No internet service,No internet service,No internet service,Two year,No,Electronic check,36.88,2259.13,Yes
CUST-102160,Female,0,No,No,48,Yes,Yes,No,No internet service,No internet service,No internet service,No internet service,No internet service,No internet service,Month-to-month,Yes,Electronic check,41.62,1990.99,No
CUST-102161,Male,0,Yes,No,50,Yes,Yes,Fiber optic,No,Yes,No,Yes,No,No,Two year,Yes,Bank transfer (automatic),105.26,5164.66,No
CUST-102162,Male,0,No,No,5,Yes,No,No,No internet service,No internet service,No internet service,No internet service,No internet service,No internet service,Month-to-month,No,Mailed check,44.8,216.01,No
CUST-102163,Female,0,No,No,11,No,No phone service,Fiber optic,No,No,No,No,Yes,No,Month-to-month,No,Mailed check,74.77,796.05,No
CUST-102164,Female,0,Yes,Yes,9,Yes,No,No,No internet service,No internet service,No internet service,No internet service,No internet service,No internet service,Month-to-month,Yes,Mailed check,36.34,329.0,No
CUST-102165,Female,0,Yes,No,35,Yes,Yes,No,No internet service,No internet service,No internet service,No internet service,No internet service,No internet service,Month-to-month,Yes,Bank transfer (automatic),42.07,1499.03,No
CUST-102166,Male,0,Yes,No,42,Yes,No,Fiber optic,No,No,Yes,Yes,Yes,Yes,Month-to-month,Yes,Electronic check,100.78,4437.56,No
CUST-102167,Female,1,No,No,8,Yes,Yes,No,No internet service,No internet service,No internet service,No internet service,No internet service,No internet service,Month-to-month,No,Electronic check,44.57,368.9,No
CUST-102168,Female,0,Yes,No,54,Yes,No,DSL,No,Yes,No,No,Yes,No,One year,Yes,Bank transfer (automatic),80.49,4456.97,No
CUST-102169,Female,0,No,Yes,40,Yes,Yes,No,No internet service,No internet service,No internet service,No internet service,No internet service,No internet service,One year,Yes,Electronic check,45.79,1766.58,No
CUST-102170,Male,0,Yes,Yes,43,Yes,No,Fiber optic,Yes,Yes,No,No,Yes,Yes,Month-to-month,No,Bank transfer (automatic),119.57,4912.81,No
CUST-102171,Female,1,No,No,66,Yes,Yes,Fiber optic,No,Yes,Yes,Yes,No,Yes,Two year,Yes,Credit card (automatic),115.29,7647.76,No
CUST-102172,Female,0,Yes,No,42,No,No phone service,DSL,No,No,No,No,No,No,One year,No,Credit card (automatic),44.31,1868.67,No
CUST-102173,Female,0,No,Yes,0,Yes,No,DSL,Yes,No,No,Yes,Yes,Yes,Month-to-month,No,Bank transfer (automatic),81.48,0.0,Yes
CUST-102174,Male,0,Yes,No,56,Yes,Yes,DSL,No,Yes,No,No,Yes,No,Month-to-month,No,Mailed check,83.46,4800.63,No
CUST-102175,Female,1,Yes,Yes,63,Yes,No,DSL,No,No,No,Yes,Yes,Yes,Month-to-month,Yes,Credit card (automatic),87.96,5650.49,No
CUST-102176,Male,0,Yes,No,6,Yes,Yes,Fiber optic,No,No,No,No,Yes,Yes,Two year,Yes,Mailed check,98.24,569.97,No
CUST-102177,Male,0,No,No,39,Yes,No,DSL,No,Yes,Yes,No,No,Yes,Month-to-month,Yes,Bank transfer (automatic),83.56,3150.68,No
CUST-102178,Female,0,Yes,No,34,Yes,Yes,No,No internet service,No internet service,No internet service,No internet service,No internet service,No internet service,Month-to-month,Yes,Electronic check,35.54,1214.31,Yes
CUST-102179,Male,0,No,Yes,11,Yes,Yes,No,No internet service,No internet service,No internet service,No internet service,No internet service,No internet service,Month-to-month,Yes,Bank transfer (automatic),46.0,487.31,No
CUST-102180,Female,1,No,Yes,20,No,No phone service,Fiber optic,No,No,No,No,No,No,Month-to-month,Yes,Electronic check,71.1,1460.29,No
CUST-102181,Male,0,Yes,No,62,Yes,No,No,No internet service,No internet service,No internet service,No internet service,No internet service,No internet service,Month-to-month,Yes,Electronic check,40.92,2659.79,No
CUST-102182,Female,0,Yes,No,28,No,No phone service,Fiber optic,No,Yes,No,No,No,Yes,One year,Yes,Mailed check,88.05,2361.11,Yes
CUST-102183,Female,0,Yes,Yes,39,Yes,No,No,No internet service,No internet service,No internet service,No internet service,No internet service,No internet service,Two year,Yes,Electronic check,48.41,1808.75,No
CUST-102184,Female,0,Yes,No,56,Yes,Yes,Fiber optic,No,Yes,No,No,No,Yes,Month-to-month,Yes,Electronic check,96.44,5632.01,Yes
CUST-102185,Male,0,Yes,Yes,32,Yes,No,Fiber optic,No,No,Yes,Yes,No,Yes,Month-to-month,No,Bank transfer (automatic),95.76,3177.17,Yes
CUST-102186,Male,0,No,No,65,Yes,No,DSL,No,No,No,Yes,Yes,No,Month-to-month,Yes,Mailed check,74.22,4640.43,No
CUST-102187,Male,0,Yes,No,36,Yes,Yes,No,No internet service,No internet service,No internet service,No internet service,No internet service,No internet service,Month-to-month,No,Bank transfer (automatic),34.03,1178.22,No
CUST-102188,Male,0,Yes,Yes,71,Yes,Yes,Fiber optic,No,Yes,No,No,No,No,One year,No,Bank transfer (automatic),97.21,6656.95,Yes
CUST-102189,Female,1,No,No,10,Yes,No,DSL,No,No,No,No,Yes,No,Two year,No,Mailed check,76.95,742.25,No
CUST-102190,Male,0,Yes,No,64,Yes,No,DSL,Yes,No,No,No,No,No,One year,No,Credit card (automatic),70.23,4419.86,No
CUST-102191,Male,0,No,No,8,Yes,Yes,No,No internet service,No internet service,No internet service,No internet service,No internet service,No internet service,Month-to-month,No,Electronic check,45.85,381.62,No
CUST-102192,Male,0,No,No,59,Yes,Yes,No,No internet service,No internet service,No internet service,No internet service,No internet service,No internet service,Two year,Yes,Electronic check,44.06,2550.49,No
CUST-102193,Male,1,Yes,No,48,No,No phone service,Fiber optic,No,No,No,Yes,No,No,Two year,Yes,Electronic check,79.51,3699.46,Yes
CUST-102194,Female,0,No,No,40,Yes,Yes,DSL,No,No,No,No,No,Yes,Month-to-month,No,Bank transfer (automatic),68.79,2681.47,No
CUST-102195,Female,0,No,Yes,64,Yes,Yes,Fiber optic,Yes,Yes,No,No,No,Yes,Two year,No,Electronic check,113.17,7383.03,No
CUST-102196,Male,0,No,No,46,Yes,Yes,DSL,Yes,No,Yes,Yes,Yes,No,One year,Yes,Mailed check,82.5,3815.24,No
CUST-102197,Female,1,No,Yes,50,Yes,No,No,No internet service,No internet service,No internet service,No internet service,No internet service,No internet service,One year,No,Bank transfer (automatic),35.1,1795.07,No
CUST-102198,Female,1,No,Yes,55,Yes,Yes,DSL,No,No,No,Yes,No,No,Month-to-month,No,Credit card (automatic),77.54,4222.62,No
CUST-102199,Male,0,No,No,61,Yes,No,DSL,No,Yes,No,Yes,No,Yes,Month-to-month,No,Credit card (automatic),84.02,4981.44,No
CUST-102200,Male,0,No,Yes,16,Yes,No,Fiber optic,No,Yes,No,Yes,No,No,Two year,Yes,Electronic check,97.58,1578.31,No
CUST-102201,Male,0,No,No,61,Yes,No,Fiber optic,Yes,No,No,No,No,No,Month-to-month,Yes,Electronic check,90.13,5570.63,No
CUST-102202,Male,0,No,No,42,No,No phone service,No,No internet service,No internet service,No internet service,No internet service,No internet service,No internet service,Two year,Yes,Bank transfer (automatic),19.98,872.57,No
CUST-102203,Male,0,No,Yes,2,Yes,No,Fiber optic,No,No,Yes,No,No,No,Month-to-month,Yes,Credit card (automatic),90.32,174.9,No
CUST-102204,Male,0,Yes,No,67,Yes,No,DSL,No,No,Yes,No,Yes,Yes,Month-to-month,Yes,Electronic check,90.16,6043.98,No
CUST-102205,Female,0,No,No,56,Yes,Yes,DSL,No,Yes,No,No,No,No,One year,Yes,Bank transfer (automatic),76.98,4270.85,No
CUST-102206,Male,1,Yes,No,65,Yes,No,Fiber optic,No,No,Yes,Yes,Yes,No,One year,No,Electronic check,106.46,7069.38,No
CUST-102207,Female,0,Yes,No,56,Yes,No,DSL,No,No,Yes,No,No,Yes,Month-to-month,Yes,Electronic check,71.9,4091.55,Yes
CUST-102208,Male,0,Yes,No,25,Yes,No,Fiber optic,No,Yes,No,Yes,No,No,One year,No,Electronic check,103.0,2588.57,No
CUST-102209,Male,0,Yes,No,25,Yes,No,Fiber optic,No,No,No,Yes,No,No,One year,Yes,Credit card (automatic),96.0,2410.7,No
CUST-102210,Female,0,No,No,20,Yes,Yes,Fiber optic,No,No,Yes,No,Yes,No,One year,No,Bank transfer (automatic),101.82,2073.14,Yes
CUST-102211,Female,0,Yes,Yes,29,Yes,No,DSL,Yes,Yes,No,No,No,No,Month-to-month,No,Mailed check,74.17,2166.91,No
CUST-102212,Female,1,No,No,2,Yes,Yes,No,No internet service,No internet service,No internet service,No internet service,No internet service,No internet service,One year,No,Bank transfer (automatic),38.69,74.33,No
CUST-102213,Male,0,No,Yes,54,Yes,No,Fiber optic,No,Yes,No,No,No,No,Month-to-month,Yes,Mailed check,98.54,5267.27,Yes
CUST-102214,Male,0,Yes,Yes,54,Yes,No,Fiber optic,Yes,No,No,Yes,No,No,Two year,Yes,Electronic check,110.08,5938.06,No
CUST-102215,Male,0,Yes,Yes,72,Yes,No,Fiber optic,No,Yes,No,No,Yes,Yes,One year,No,Credit card (automatic),107.65,7437.62,Yes
CUST-102216,Male,0,No,No,40,Yes,Yes,Fiber optic,No,No,Yes,Yes,No,No,Month-to-month,No,Electronic check,111.19,4461.77,Yes
CUST-102217,Female,1,No,No,72,Yes,No,Fiber optic,No,Yes,Yes,No,No,No,Month-to-month,No,Credit card (automatic),97.45,6749.49,No
CUST-102218,Male,0,Yes,No,15,Yes,No,No,No internet service,No internet service,No internet service,No internet service,No internet service,No internet service,Month-to-month,Yes,Bank transfer (automatic),38.63,560.25,No
CUST-102219,Male,0,Yes,No,34,Yes,Yes,Fiber optic,No,No,Yes,No,No,Yes,Month-to-month,Yes,Bank transfer (automatic),101.55,3624.63,Yes
CUST-102220,Female,0,Yes,No,57,Yes,No,DSL,No,No,No,No,Yes,No,One year,Yes,Mailed check,75.99,4256.83,No
CUST-102221,Male,0,Yes,No,57,Yes,Yes,No,No internet service,No internet service,No internet service,No internet service,No internet service,No internet service,Two year,Yes,Credit card (automatic),43.27,2557.6,No
CUST-102222,Male,0,Yes,No,56,Yes,Yes,Fiber optic,No,No,No,Yes,Yes,Yes,Two year,No,Electronic check,100.34,5801.65,No
CUST-102223,Male,1,No,No,34,Yes,No,DSL,No,Yes,Yes,No,No,No,One year,Yes,Bank transfer (automatic),79.8,2772.32,Yes
CUST-102224,Male,0,Yes,Yes,5,No,No phone service,DSL,No,No,Yes,Yes,No,Yes,One year,No,Electronic check,70.96,352.39,Yes
CUST-102225,Female,1,Yes,No,63,Yes,Yes,Fiber optic,No,No,No,No,Yes,No,One year,Yes,Bank transfer (automatic),98.05,6380.89,No
CUST-102226,Female,0,No,No,27,Yes,No,Fiber optic,No,No,No,No,Yes,No,Month-to-month,Yes,Bank transfer (automatic),91.21,2543.6,No
CUST-102227,Female,0,No,No,47,No,No phone service,No,No internet service,No internet service,No internet service,No internet service,No internet service,No internet service,One year,Yes,Electronic check,19.46,885.94,No
CUST-102228,Male,1,Yes,Yes,9,Yes,No,DSL,No,No,No,No,No,No,Month-to-month,No,Electronic check,72.01,633.3,Yes
CUST-102229,Female,0,No,No,68,Yes,Yes,Fiber optic,No,No,Yes,No,No,Yes,Month-to-month,No,Bank transfer (automatic),105.25,7119.0,Yes
CUST-102230,Female,0,No,No,18,Yes,Yes,DSL,No,Yes,Yes,No,No,No,Two year,No,Credit card (automatic),74.18,1387.3,No
CUST-102231,Male,1,Yes,Yes,72,Yes,No,Fiber optic,No,No,No,No,No,No,One year,Yes,Bank transfer (automatic),92.6,6488.29,No
CUST-102232,Female,0,Yes,No,52,Yes,No,No,No internet service,No internet service,No internet service,No internet service,No internet service,No internet service,Month-to-month,Yes,Mailed check,43.65,2253.82,No
CUST-102233,Male,1,No,No,24,Yes,No,DSL,No,No,Yes,No,Yes,No,Month-to-month,No,Credit card (automatic),79.1,1869.95,Yes
CUST-102234,Female,0,No,No,26,Yes,Yes,No,No internet service,No internet service,No internet service,No internet service,No internet service,No internet service,Two year,No,Credit card (automatic),45.41,1198.64,No
CUST-102235,Female,1,No,No,71,Yes,No,DSL,No,No,No,Yes,No,Yes,Month-to-month,Yes,Bank transfer (automatic),73.53,5267.05,No
CUST-102236,Male,0,Yes,No,43,Yes,No,Fiber optic,No,No,Yes,No,No,Yes,Two year,Yes,Mailed check,106.89,4680.35,No
CUST-102237,Male,0,No,No,50,Yes,Yes,Fiber optic,No,No,No,No,Yes,Yes,Two year,Yes,Mailed check,103.49,5023.89,Yes
CUST-102238,Male,1,Yes,No,44,Yes,No,Fiber optic,No,No,No,No,Yes,No,One year,No,Electronic check,94.61,4190.39,Yes
CUST-102239,Female,0,No,Yes,17,Yes,No,No,No internet service,No internet service,No internet service,No internet service,No internet service,No internet service,Month-to-month,Yes,Credit card (automatic),41.27,680.63,Yes
CUST-102240,Male,0,No,No,9,Yes,Yes,Fiber optic,Yes,No,No,No,No,Yes,Month-to-month,Yes,Electronic check,102.1,915.45,Yes
CUST-102241,Female,0,Yes,No,0,Yes,No,No,No internet service,No internet service,No internet service,No internet service,No internet service,No internet service,Month-to-month,Yes,Bank transfer (automatic),37.26,0.0,No
CUST-102242,Male,0,Yes,Yes,29,Yes,No,Fiber optic,No,No,No,No,No,Yes,Month-to-month,No,Credit card (automatic),97.25,2826.77,Yes
CUST-102243,Male,1,No,Yes,49,Yes,No,Fiber optic,No,Yes,Yes,No,No,Yes,One year,Yes,Mailed check,104.57,5065.28,No
CUST-102244,Female,0,No,Yes,22,Yes,Yes,DSL,Yes,No,No,No,No,No,Two year,Yes,Electronic check,74.58,1670.52,No
CUST-102245,Female,0,Yes,No,16,Yes,Yes,Fiber optic,Yes,No,No,No,No,Yes,Month-to-month,No,Electronic check,109.2,1743.25,Yes
CUST-102246,Female,0,No,No,28,Yes,No,No,No internet service,No internet service,No internet service,No internet service,No internet service,No internet service,Month-to-month,Yes,Bank transfer (automatic),41.27,1183.83,No
CUST-102247,Male,1,Yes,No,16,Yes,No,Fiber optic,No,No,Yes,No,Yes,No,Month-to-month,Yes,Electronic check,100.28,1648.28,Yes
CUST-102248,Male,1,Yes,Yes,31,No,No phone service,No,No internet service,No internet service,No internet service,No internet service,No internet service,No internet service,Month-to-month,Yes,Electronic check,22.44,712.53,Yes
CUST-102249,Male,1,Yes,No,40,Yes,No,No,No internet service,No internet service,No internet service,No internet service,No internet service,No internet service,Month-to-month,Yes,Mailed check,38.95,1556.38,No
CUST-102250,Female,0,No,Yes,19,Yes,Yes,DSL,Yes,Yes,Yes,Yes,No,Yes,Two year,Yes,Bank transfer (automatic),104.82,1947.28,No
CUST-102251,Female,0,Yes,No,2,Yes,Yes,Fiber optic,No,No,Yes,No,Yes,Yes,Month-to-month,Yes,Mailed check,99.77,203.96,Yes
CUST-102252,Male,0,No,Yes,7,Yes,Yes,No,No internet service,No internet service,No internet service,No internet service,No internet service,No internet service,Month-to-month,Yes,Electronic check,33.78,225.33,Yes
CUST-102253,Female,0,Yes,No,30,Yes,No,DSL,No,Yes,No,Yes,No,Yes,One year,No,Bank transfer (automatic),89.22,2770.24,No
CUST-102254,Male,0,No,No,12,Yes,No,DSL,No,Yes,Yes,Yes,No,No,Month-to-month,No,Mailed check,87.18,1084.54,No
CUST-102255,Female,0,No,No,58,Yes,No,DSL,No,No,No,No,No,No,Two year,Yes,Mailed check,66.67,3825.86,No
CUST-102256,Female,0,Yes,Yes,12,Yes,No,No,No internet service,No internet service,No internet service,No internet service,No internet service,No internet service,Two year,No,Credit card (automatic),32.49,383.72,No
CUST-102257,Female,0,Yes,Yes,1,No,No phone service,No,No internet service,No internet service,No internet service,No internet service,No internet service,No internet service,Month-to-month,Yes,Electronic check,22.98,22.23,No
CUST-102258,Male,0,Yes,No,45,Yes,No,No,No internet service,No internet service,No internet service,No internet service,No internet service,No internet service,One year,No,Mailed check,35.67,1661.24,No
CUST-102259,Female,0,Yes,No,45,Yes,Yes,Fiber optic,No,Yes,No,Yes,Yes,Yes,Two year,Yes,Electronic check,109.54,4700.91,No
CUST-102260,Male,0,No,No,49,Yes,Yes,Fiber optic,No,No,Yes,Yes,Yes,Yes,Month-to-month,Yes,Electronic check,112.56,5468.31,No
CUST-102261,Female,1,No,No,11,No,No phone service,DSL,No,No,Yes,Yes,Yes,No,Month-to-month,Yes,Bank transfer (automatic),55.89,616.9,No
CUST-102262,Male,0,Yes,No,49,Yes,Yes,No,No internet service,No internet service,No internet service,No internet service,No internet service,No internet service,Two year,Yes,Bank transfer (automatic),47.59,2312.69,No
CUST-102263,Female,1,No,No,62,Yes,No,No,No internet service,No internet service,No internet service,No internet service,No internet service,No internet service,Month-to-month,Yes,Bank transfer (automatic),46.47,2981.01,Yes
CUST-102264,Male,0,Yes,No,44,Yes,No,Fiber optic,No,No,No,No,No,Yes,Month-to-month,Yes,Credit card (automatic),100.1,4249.69,Yes
CUST-102265,Male,0,Yes,No,28,Yes,No,DSL,No,No,No,No,No,No,Month-to-month,No,Credit card (automatic),62.94,1727.57,No
CUST-102266,Female,0,Yes,No,35,Yes,Yes,No,No internet service,No internet service,No internet service,No internet service,No internet service,No internet service,Month-to-month,Yes,Electronic check,35.11,1260.96,Yes
CUST-102267,Female,0,Yes,No,59,Yes,Yes,No,No internet service,No internet service,No internet service,No internet service,No internet service,No internet service,Two year,Yes,Bank transfer (automatic),42.43,2429.72,No
CUST-102268,Male,0,No,No,10,Yes,No,No,No internet service,No internet service,No internet service,No internet service,No internet service,No internet service,One year,No,Bank transfer (automatic),39.42,385.71,No
CUST-102269,Female,0,Yes,Yes,52,Yes,Yes,Fiber optic,No,Yes,No,No,No,No,One year,Yes,Bank transfer (automatic),87.75,4731.57,No
CUST-102270,Male,0,No,Yes,19,Yes,Yes,Fiber optic,No,No,No,No,No,No,Month-to-month,Yes,Mailed check,86.34,1587.95,Yes
CUST-102271,Male,1,Yes,Yes,64,Yes,No,Fiber optic,No,No,Yes,Yes,No,Yes,Two year,Yes,Credit card (automatic),122.88,7480.41,No
CUST-102272,Male,0,No,No,10,Yes,No,Fiber optic,No,Yes,No,No,Yes,Yes,Month-to-month,Yes,Mailed check,100.37,969.66,Yes
CUST-102273,Male,0,Yes,No,37,Yes,No,No,No internet service,No internet service,No internet service,No internet service,No internet service,No internet service,Month-to-month,No,Bank transfer (automatic),42.15,1573.65,No
CUST-102274,Male,0,Yes,Yes,29,Yes,No,DSL,No,No,No,No,Yes,Yes,Month-to-month,Yes,Mailed check,71.0,1970.96,No
CUST-102275,Male,0,Yes,Yes,35,Yes,No,Fiber optic,No,No,No,No,Yes,No,Month-to-month,Yes,Bank transfer (automatic),94.54,3437.85,No
CUST-102276,Male,0,Yes,No,27,Yes,No,No,No internet service,No internet service,No internet service,No internet service,No internet service,No internet service,One year,No,Mailed check,46.05,1221.4,No
CUST-102277,Male,0,Yes,Yes,2,Yes,No,DSL,No,No,Yes,No,Yes,No,Month-to-month,No,Electronic check,77.71,156.34,Yes
CUST-102278,Male,0,Yes,Yes,62,No,No phone service,Fiber optic,No,No,Yes,Yes,No,Yes,Month-to-month,No,Mailed check,85.98,5378.12,No
CUST-102279,Female,0,No,Yes,38,Yes,Yes,No,No internet service,No internet service,No internet service,No internet service,No internet service,No internet service,Month-to-month,Yes,Mailed check,41.66,1594.61,No
CUST-102280,Female,1,Yes,No,43,Yes,No,Fiber optic,No,No,Yes,Yes,No,Yes,One year,Yes,Electronic check,110.15,4922.94,No
CUST-102281,Male,1,No,No,38,No,No phone service,Fiber optic,Yes,No,No,No,No,No,Month-to-month,No,Bank transfer (automatic),80.87,3182.68,No
CUST-102282,Male,0,No,Yes,38,Yes,No,Fiber optic,No,No,No,No,No,No,Two year,Yes,Credit card (automatic),87.81,3380.1,No
CUST-102283,Female,1,No,Yes,44,Yes,No,DSL,Yes,No,No,No,No,Yes,Month-to-month,No,Credit card (automatic),78.28,3298.6,No
CUST-102284,Female,0,No,Yes,30,Yes,No,Fiber optic,Yes,No,Yes,No,No,Yes,Month-to-month,No,Mailed check,107.4,3088.84,Yes
CUST-102285,Female,0,Yes,No,9,Yes,Yes,No,No internet service,No internet service,No internet service,No internet service,No internet service,No internet service,Month-to-month,No,Mailed check,43.19,398.17,Yes
CUST-102286,Female,1,No,No,2,Yes,No,DSL,No,No,No,Yes,Yes,Yes,Month-to-month,Yes,Credit card (automatic),74.72,150.98,No
CUST-102287,Female,0,No,No,39,Yes,No,DSL,No,Yes,No,No,Yes,No,Month-to-month,No,Credit card (automatic),81.8,3324.44,Yes
CUST-102288,Female,0,No,No,13,Yes,No,DSL,No,No,No,No,No,No,Month-to-month,No,Electronic check,61.59,767.69,Yes
CUST-102289,Male,0,Yes,No,33,Yes,No,Fiber optic,No,No,Yes,Yes,Yes,Yes,Month-to-month,No,Electronic check,110.42,3717.32,No
CUST-102290,Male,0,No,Yes,44,No,No phone service,Fiber optic,No,No,No,No,Yes,No,Month-to-month,No,Electronic check,76.3,3340.39,No
CUST-102291,Male,0,Yes,No,43,Yes,Yes,Fiber optic,No,Yes,No,Yes,No,Yes,Month-to-month,No,Mailed check,101.5,4219.94,No
CUST-102292,Male,0,No,No,12,Yes,No,Fiber optic,Yes,No,No,No,Yes,No,One year,Yes,Bank transfer (automatic),96.54,1150.37,No
CUST-102293,Female,0,Yes,Yes,48,Yes,Yes,Fiber optic,No,No,No,No,Yes,Yes,Month-to-month,No,Electronic check,109.95,5043.85,Yes
CUST-102294,Female,0,Yes,No,68,Yes,Yes,Fiber optic,No,No,Yes,No,Yes,No,Two year,No,Bank transfer (automatic),105.23,6869.9,No
CUST-102295,Female,0,No,Yes,26,Yes,Yes,No,No internet service,No internet service,No internet service,No internet service,No internet service,No internet service,Month-to-month,No,Electronic check,46.96,1239.9,No
CUST-102296,Male,0,No,No,8,Yes,No,Fiber optic,No,No,No,Yes,Yes,Yes,Month-to-month,No,Electronic check,101.34,810.1,No
CUST-102297,Male,1,Yes,Yes,36,Yes,No,No,No internet service,No internet service,No internet service,No internet service,No internet service,No internet service,Month-to-month,No,Bank transfer (automatic),40.97,1496.41,No
CUST-102298,Male,0,No,No,45,Yes,No,Fiber optic,No,No,No,Yes,Yes,Yes,Two year,No,Bank transfer (automatic),109.18,4988.51,Yes
CUST-102299,Female,0,No,Yes,28,Yes,No,Fiber optic,No,Yes,Yes,No,No,Yes,Month-to-month,Yes,Electronic check,104.46,3053.6,Yes
CUST-102300,Male,0,No,No,43,Yes,Yes,DSL,Yes,No,Yes,No,Yes,No,Two year,No,Electronic check,84.94,3480.68,No
CUST-102301,Male,0,No,No,55,Yes,No,Fiber optic,No,No,No,No,No,Yes,One year,Yes,Mailed check,92.49,4985.15,No
CUST-102302,Female,0,Yes,No,42,Yes,Yes,Fiber optic,Yes,No,No,No,Yes,No,One year,No,Credit card (automatic),93.27,3968.85,No
CUST-102303,Female,0,Yes,No,58,Yes,No,No,No internet service,No internet service,No internet service,No internet service,No internet service,No internet service,Month-to-month,Yes,Credit card (automatic),41.43,2458.34,Yes
CUST-102304,Female,0,No,Yes,10,Yes,No,Fiber optic,No,No,No,No,Yes,Yes,Month-to-month,Yes,Mailed check,97.77,936.24,Yes
CUST-102305,Male,0,Yes,No,21,No,No phone service,No,No internet service,No internet service,No internet service,No internet service,No internet service,No internet service,Month-to-month,Yes,Credit card (automatic),18.14,374.88,No
CUST-102306,Male,0,No,Yes,40,Yes,No,DSL,No,Yes,No,Yes,No,No,Two year,No,Bank transfer (automatic),76.09,3058.48,No
CUST-102307,Male,0,No,No,18,Yes,No,Fiber optic,No,No,No,No,No,Yes,Two year,No,Electronic check,92.25,1662.57,Yes
CUST-102308,Male,0,No,Yes,72,Yes,No,Fiber optic,Yes,No,Yes,No,No,No,Month-to-month,No,Mailed check,102.45,7683.45,Yes
CUST-102309,Female,0,Yes,No,49,Yes,No,DSL,No,No,No,No,Yes,Yes,Month-to-month,Yes,Credit card (automatic),81.45,4181.14,Yes
CUST-102310,Male,0,No,No,30,Yes,Yes,Fiber optic,Yes,No,No,No,No,Yes,Month-to-month,Yes,Bank transfer (automatic),105.93,3194.82,No
CUST-102311,Male,0,No,No,56,Yes,No,DSL,No,No,Yes,No,Yes,No,One year,No,Credit card (automatic),80.14,4348.82,No
CUST-102312,Female,0,Yes,No,71,Yes,No,DSL,No,No,No,No,No,Yes,Month-to-month,No,Mailed check,69.85,4954.7,No
CUST-102313,Male,0,Yes,Yes,0,Yes,No,Fiber optic,No,No,No,No,No,Yes,One year,No,Credit card (automatic),96.37,0.0,No
CUST-102314,Male,0,Yes,No,40,Yes,Yes,No,No internet service,No internet service,No internet service,No internet service,No internet service,No internet service,Month-to-month,Yes,Bank transfer (automatic),40.1,1603.92,No
CUST-102315,Male,0,Yes,Yes,31,Yes,No,No,No internet service,No internet service,No internet service,No internet service,No internet service,No internet service,Two year,Yes,Credit card (automatic),33.18,1012.95,No
CUST-102316,Male,0,No,Yes,55,Yes,No,No,No internet service,No internet service,No internet service,No internet service,No internet service,No internet service,Month-to-month,No,Credit card (automatic),39.78,2137.41,Yes
CUST-102317,Male,0,No,No,22,No,No phone service,DSL,Yes,Yes,Yes,No,Yes,No,Month-to-month,Yes,Electronic check,72.06,1520.62,Yes
CUST-102318,Female,0,Yes,No,23,Yes,Yes,DSL,Yes,No,No,Yes,No,No,Two year,No,Bank transfer (automatic),76.94,1766.85,No
CUST-102319,Female,0,No,No,55,Yes,No,DSL,No,No,No,No,No,No,One year,No,Electronic check,72.66,4072.68,No
CUST-102320,Male,0,Yes,No,65,Yes,No,Fiber optic,Yes,No,No,No,Yes,No,Month-to-month,No,Credit card (automatic),104.4,6447.76,Yes
CUST-102321,Male,1,Yes,Yes,10,Yes,Yes,No,No internet service,No internet service,No internet service,No internet service,No internet service,No internet service,Two year,Yes,Bank transfer (automatic),44.64,425.8,No
CUST-102322,Male,0,Yes,Yes,44,No,No phone service,Fiber optic,No,No,No,No,No,Yes,Month-to-month,Yes,Electronic check,70.62,3064.06,No
CUST-102323,Female,0,No,No,56,Yes,No,Fiber optic,No,Yes,No,Yes,No,No,Month-to-month,No,Mailed check,101.07,5524.52,Yes
CUST-102324,Female,0,No,Yes,12,Yes,No,DSL,Yes,Yes,Yes,No,No,No,Month-to-month,No,Electronic check,86.12,1084.58,No
CUST-102325,Female,0,No,No,48,Yes,Yes,Fiber optic,No,No,No,No,Yes,No,Month-to-month,Yes,Mailed check,89.21,4230.54,Yes
CUST-102326,Male,0,No,No,71,Yes,No,No,No internet service,No internet service,No internet service,No internet service,No internet service,No internet service,One year,Yes,Electronic check,39.42,2801.56,No
CUST-102327,Male,0,Yes,Yes,61,Yes,No,Fiber optic,No,Yes,No,No,No,No,Month-to-month,No,Credit card (automatic),100.54,6384.18,Yes
CUST-102328,Male,0,No,No,14,Yes,Yes,Fiber optic,No,Yes,Yes,Yes,No,No,Month-to-month,Yes,Bank transfer (automatic),106.84,1523.23,Yes
CUST-102329,Male,0,Yes,No,72,Yes,Yes,Fiber optic,No,Yes,No,No,No,No,One year,Yes,Credit card (automatic),95.62,7032.33,No
CUST-102330,Male,0,Yes,No,26,Yes,No,Fiber optic,Yes,Yes,No,No,No,No,Month-to-month,No,Electronic check,103.29,2668.86,No
CUST-102331,Female,0,No,No,34,Yes,Yes,Fiber optic,No,No,No,No,No,No,Month-to-month,Yes,Mailed check,91.99,3080.91,No
CUST-102332,Male,0,Yes,No,21,Yes,No,No,No internet service,No internet service,No internet service,No internet service,No internet service,No internet service,Month-to-month,Yes,Credit card (automatic),37.62,821.16,No
CUST-102333,Female,0,Yes,No,51,Yes,No,Fiber optic,No,No,Yes,Yes,No,No,One year,Yes,Bank transfer (automatic),99.78,5035.25,No
CUST-102334,Female,0,Yes,No,9,Yes,No,DSL,No,No,No,No,Yes,No,Month-to-month,Yes,Electronic check,67.17,581.31,No
CUST-102335,Female,0,Yes,No,51,Yes,No,Fiber optic,No,No,No,No,No,No,Two year,Yes,Credit card (automatic),94.33,4629.81,No
CUST-102336,Male,1,No,No,4,Yes,No,DSL,No,No,No,No,No,No,Two year,Yes,Electronic check,63.02,264.58,Yes
CUST-102337,Female,0,Yes,No,61,Yes,No,DSL,No,Yes,Yes,No,No,Yes,Two year,Yes,Electronic check,77.42,4860.59,Yes
CUST-102338,Male,0,No,No,23,No,No phone service,DSL,No,No,No,Yes,No,No,One year,Yes,Bank transfer (automatic),53.23,1231.86,Yes
CUST-102339,Male,0,No,No,37,Yes,No,No,No internet service,No internet service,No internet service,No internet service,No internet service,No internet service,One year,Yes,Bank transfer (automatic),41.89,1569.48,No
CUST-102340,Male,0,No,Yes,16,No,No phone service,DSL,No,Yes,No,No,Yes,Yes,Two year,No,Bank transfer (automatic),61.2,951.75,No
CUST-102341,Male,0,Yes,No,7,Yes,Yes,No,No internet service,No internet service,No internet service,No internet service,No internet service,No internet service,One year,No,Electronic check,41.0,293.25,No
CUST-102342,Female,0,No,No,1,Yes,No,DSL,Yes,Yes,Yes,Yes,No,Yes,Month-to-month,No,Electronic check,109.49,113.49,No
CUST-102343,Female,0,Yes,No,71,Yes,No,Fiber optic,Yes,No,Yes,No,No,No,Month-to-month,Yes,Mailed check,101.23,6833.89,Yes
CUST-102344,Female,0,Yes,No,9,Yes,No,No,No internet service,No internet service,No internet service,No internet service,No internet service,No internet service,Two year,Yes,Mailed check,41.35,358.98,No
CUST-102345,Male,1,No,No,4,Yes,No,DSL,No,No,No,Yes,No,No,Month-to-month,No,Electronic check,71.17,298.32,Yes
CUST-102346,Male,1,Yes,No,37,Yes,No,No,No internet service,No internet service,No internet service,No internet service,No internet service,No internet service,Two year,Yes,Bank transfer (automatic),35.86,1388.33,No
CUST-102347,Female,0,No,No,70,Yes,Yes,Fiber optic,No,No,No,Yes,No,No,Two year,No,Credit card (automatic),97.58,7002.88,No
CUST-102348,Male,0,Yes,No,6,Yes,No,DSL,No,Yes,No,No,Yes,No,Month-to-month,No,Credit card (automatic),80.43,460.79,No
CUST-102349,Female,0,No,No,18,Yes,Yes,No,No internet service,No internet service,No internet service,No internet service,No internet service,No internet service,Month-to-month,Yes,Credit card (automatic),46.89,867.04,Yes
CUST-102350,Female,1,No,No,40,Yes,Yes,DSL,Yes,No,Yes,No,No,No,Month-to-month,Yes,Electronic check,71.21,2743.29,No
CUST-102351,Female,1,No,No,35,Yes,Yes,DSL,Yes,Yes,Yes,No,No,No,Month-to-month,No,Mailed check,83.56,2979.79,No
CUST-102352,Female,0,Yes,No,10,Yes,No,No,No internet service,No internet service,No internet service,No internet service,No internet service,No internet service,One year,Yes,Credit card (automatic),44.37,423.92,No
CUST-102353,Male,0,Yes,No,69,Yes,No,DSL,Yes,No,No,No,No,Yes,Month-to-month,No,Electronic check,78.55,5219.41,Yes
CUST-102354,Male,0,No,Yes,26,Yes,Yes,Fiber optic,No,No,No,Yes,No,No,Month-to-month,No,Electronic check,101.06,2707.41,Yes
CUST-102355,Male,0,No,Yes,49,Yes,Yes,DSL,Yes,Yes,No,No,No,No,Month-to-month,Yes,Electronic check,76.95,3787.0,No
CUST-102356,Male,0,Yes,No,33,Yes,No,No,No internet service,No internet service,No internet service,No internet service,No internet service,No internet service,Month-to-month,Yes,Bank transfer (automatic),39.13,1255.29,No
CUST-102357,Male,0,Yes,No,42,Yes,Yes,Fiber optic,Yes,No,No,No,No,No,Month-to-month,No,Credit card (automatic),93.41,3879.39,Yes
CUST-102358,Female,0,No,No,66,Yes,Yes,DSL,No,No,No,No,No,Yes,Month-to-month,Yes,Mailed check,74.59,4964.03,No
CUST-102359,Male,0,No,Yes,23,Yes,No,No,No internet service,No internet service,No internet service,No internet service,No internet service,No internet service,Two year,No,Mailed check,40.97,906.89,No
CUST-102360,Female,0,No,Yes,59,Yes,Yes,Fiber optic,No,Yes,No,No,No,Yes,Month-to-month,Yes,Bank transfer (automatic),100.11,5727.64,No
CUST-102361,Female,0,No,No,21,Yes,Yes,No,No internet service,No internet service,No internet service,No internet service,No internet service,No internet service,Month-to-month,No,Credit card (automatic),42.4,906.12,No
CUST-102362,Female,0,Yes,No,23,Yes,Yes,Fiber optic,No,Yes,Yes,No,No,No,Month-to-month,No,Electronic check,102.03,2431.62,Yes
CUST-102363,Male,0,Yes,No,2,Yes,No,Fiber optic,Yes,No,No,No,Yes,No,One year,Yes,Bank transfer (automatic),107.45,212.46,No
CUST-102364,Female,0,No,No,25,Yes,No,DSL,No,No,Yes,No,No,Yes,One year,No,Credit card (automatic),73.53,1908.1,Yes
CUST-102365,Male,0,No,No,42,Yes,Yes,Fiber optic,No,No,No,No,No,No,Month-to-month,No,Credit card (automatic),90.34,3730.4,No
CUST-102366,Male,0,Yes,No,46,Yes,No,Fiber optic,No,No,No,No,Yes,No,One year,No,Mailed check,99.77,4766.49,Yes
CUST-102367,Male,0,No,Yes,31,Yes,Yes,Fiber optic,Yes,No,Yes,No,No,No,One year,Yes,Electronic check,114.9,3514.11,Yes
CUST-102368,Male,0,Yes,No,26,Yes,Yes,DSL,No,No,No,Yes,No,Yes,Two year,Yes,Credit card (automatic),75.74,1957.56,No
CUST-102369,Male,0,Yes,No,16,Yes,No,No,No internet service,No internet service,No internet service,No internet service,No internet service,No internet service,One year,Yes,Credit card (automatic),39.26,604.09,No
CUST-102370,Male,0,No,No,66,Yes,No,DSL,No,No,No,Yes,No,No,One year,Yes,Electronic check,76.21,5041.97,No
CUST-102371,Female,0,Yes,No,28,Yes,No,Fiber optic,No,Yes,No,No,No,No,Month-to-month,Yes,Electronic check,97.08,2842.9,Yes
CUST-102372,Male,0,Yes,No,22,Yes,No,Fiber optic,No,No,Yes,Yes,No,Yes,Month-to-month,Yes,Electronic check,111.94,2418.21,Yes
CUST-102373,Male,0,No,Yes,68,Yes,No,DSL,No,Yes,No,No,Yes,No,Two year,No,Bank transfer (automatic),86.0,5958.36,No
CUST-102374,Female,0,Yes,Yes,46,No,No phone service,Fiber optic,No,No,No,No,No,Yes,Month-to-month,No,Electronic check,82.67,3965.71,No
CUST-102375,Female,0,Yes,No,61,Yes,No,DSL,Yes,No,Yes,No,Yes,No,Month-to-month,Yes,Electronic check,91.52,5681.63,Yes
CUST-102376,Female,0,No,No,28,No,No phone service,DSL,No,Yes,No,No,No,No,One year,Yes,Credit card (automatic),49.25,1384.17,No
CUST-102377,Male,0,Yes,No,31,Yes,No,No,No internet service,No internet service,No internet service,No internet service,No internet service,No internet service,Two year,Yes,Electronic check,36.69,1192.44,No
CUST-102378,Female,0,No,Yes,53,Yes,No,Fiber optic,Yes,No,Yes,No,No,No,Month-to-month,No,Credit card (automatic),97.68,5014.84,No
CUST-102379,Female,0,Yes,No,71,Yes,Yes,Fiber optic,No,No,No,No,No,Yes,Two year,Yes,Mailed check,93.04,6294.5,No
CUST-102380,Male,0,Yes,Yes,57,Yes,No,DSL,No,No,No,No,Yes,Yes,Month-to-month,No,Mailed check,79.69,4570.4,No
CUST-102381,Male,0,No,No,33,Yes,No,Fiber optic,No,No,No,Yes,Yes,No,Two year,No,Credit card (automatic),103.58,3342.45,No
CUST-102382,Female,0,Yes,Yes,43,Yes,No,DSL,No,No,No,No,Yes,No,Two year,Yes,Electronic check,65.54,2855.48,No
CUST-102383,Male,1,No,No,25,No,No phone service,DSL,No,No,No,No,No,No,One year,No,Electronic check,40.0,952.32,Yes
CUST-102384,Male,0,No,No,33,Yes,Yes,Fiber optic,No,Yes,No,No,No,No,Two year,Yes,Mailed check,97.85,3150.09,Yes
CUST-102385,Female,0,No,Yes,28,Yes,No,Fiber optic,No,No,No,No,No,No,Two year,Yes,Bank transfer (automatic),94.48,2701.45,No
CUST-102386,Female,0,Yes,No,7,Yes,No,DSL,Yes,No,No,No,Yes,No,Two year,No,Mailed check,80.55,587.97,No
CUST-102387,Female,0,Yes,No,63,Yes,Yes,DSL,No,No,No,Yes,No,Yes,Month-to-month,Yes,Credit card (automatic),78.93,4896.12,No
CUST-102388,Female,1,No,Yes,9,Yes,No,Fiber optic,No,No,No,No,Yes,Yes,Month-to-month,Yes,Credit card (automatic),98.6,858.13,No
CUST-102389,Female,0,Yes,Yes,19,Yes,No,DSL,No,No,No,No,No,No,Month-to-month,No,Electronic check,68.02,1298.24,No
CUST-102390,Male,1,No,No,18,Yes,Yes,DSL,No,Yes,Yes,No,Yes,No,Month-to-month,No,Electronic check,81.14,1425.14,Yes
CUST-102391,Male,0,No,No,16,Yes,No,No,No internet service,No internet service,No internet service,No internet service,No internet service,No internet service,One year,No,Mailed check,35.95,587.7,No
CUST-102392,Female,0,Yes,No,36,Yes,Yes,DSL,No,Yes,Yes,No,No,No,Month-to-month,Yes,Credit card (automatic),79.61,2745.27,No
CUST-102393,Male,1,Yes,No,70,Yes,Yes,Fiber optic,No,No,Yes,Yes,No,Yes,Two year,No,Electronic check,100.22,6817.35,No
CUST-102394,Male,0,No,No,23,Yes,No,No,No internet service,No internet service,No internet service,No internet service,No internet service,No internet service,Month-to-month,Yes,Mailed check,39.13,908.26,Yes
CUST-102395,Female,0,No,No,53,Yes,Yes,DSL,No,No,Yes,No,No,No,Month-to-month,Yes,Electronic check,69.56,3564.86,No
CUST-102396,Female,0,Yes,No,53,Yes,No,Fiber optic,Yes,No,Yes,No,Yes,No,Month-to-month,Yes,Credit card (automatic),102.57,5303.33,No
CUST-102397,Male,1,No,No,55,Yes,No,Fiber optic,No,No,Yes,No,No,No,Month-to-month,No,Electronic check,97.43,5452.73,Yes
CUST-102398,Male,0,No,Yes,45,Yes,Yes,DSL,Yes,No,No,No,Yes,No,Month-to-month,No,Mailed check,82.6,3708.78,Yes
CUST-102399,Female,0,Yes,Yes,54,Yes,Yes,DSL,No,No,No,No,No,No,One year,Yes,Electronic check,66.43,3523.49,Yes
CUST-102400,Male,0,Yes,No,55,Yes,No,No,No internet service,No internet service,No internet service,No internet service,No internet service,No internet service,Month-to-month,Yes,Bank transfer (automatic),46.17,2431.1,Yes
CUST-102401,Female,0,No,No,49,Yes,No,DSL,No,No,No,No,No,No,Two year,No,Mailed check,59.1,2959.01,No
CUST-102402,Female,0,No,No,40,Yes,Yes,No,No internet service,No internet service,No internet service,No internet service,No internet service,No internet service,Month-to-month,Yes,Mailed check,42.13,1728.31,No
CUST-102403,Female,0,No,Yes,6,Yes,No,Fiber optic,No,No,No,No,No,No,One year,Yes,Electronic check,85.13,489.43,No
CUST-102404,Male,0,Yes,No,37,Yes,No,Fiber optic,No,Yes,Yes,Yes,No,Yes,One year,Yes,Electronic check,111.28,3955.58,No
CUST-102405,Female,1,No,No,55,Yes,Yes,Fiber optic,No,No,Yes,No,No,No,Month-to-month,Yes,Electronic check,91.16,4956.05,No
CUST-102406,Male,0,No,No,24,Yes,No,Fiber optic,Yes,No,No,Yes,No,Yes,Month-to-month,Yes,Credit card (automatic),103.1,2419.81,Yes
CUST-102407,Female,0,No,Yes,18,Yes,Yes,Fiber optic,Yes,Yes,No,Yes,No,No,Two year,No,Bank transfer (automatic),108.14,2029.92,No
CUST-102408,Male,0,Yes,No,43,Yes,No,Fiber optic,Yes,No,No,No,No,No,One year,Yes,Electronic check,89.03,3951.37,No
CUST-102409,Male,0,Yes,No,9,Yes,Yes,No,No internet service,No internet service,No internet service,No internet service,No internet service,No internet service,Month-to-month,No,Electronic check,43.67,390.1,No
CUST-102410,Female,1,No,Yes,52,No,No phone service,No,No internet service,No internet service,No internet service,No internet service,No internet service,No internet service,One year,No,Mailed check,23.66,1262.28,No
CUST-102411,Male,0,Yes,No,71,Yes,No,DSL,No,No,Yes,No,No,Yes,Month-to-month,Yes,Electronic check,82.08,5714.53,No
CUST-102412,Female,0,Yes,Yes,35,Yes,Yes,DSL,No,Yes,No,No,Yes,No,Month-to-month,No,Credit card (automatic),79.64,2909.56,Yes
CUST-102413,Female,0,No,No,2,Yes,Yes,No,No internet service,No internet service,No internet service,No internet service,No internet service,No internet service,Month-to-month,No,Mailed check,40.96,79.71,No
CUST-102414,Male,0,Yes,Yes,19,Yes,No,DSL,No,No,No,No,No,Yes,One year,No,Bank transfer (automatic),68.17,1339.33,No
CUST-102415,Male,0,No,No,2,Yes,No,No,No internet service,No internet service,No internet service,No internet service,No internet service,No internet service,Month-to-month,No,Bank transfer (automatic),35.08,69.7,No
CUST-102416,Female,0,No,Yes,33,Yes,No,DSL,No,Yes,No,No,No,No,Month-to-month,Yes,Credit card (automatic),72.59,2351.27,Yes
CUST-102417,Male,0,No,No,22,Yes,Yes,DSL,No,No,Yes,No,No,Yes,Month-to-month,No,Bank transfer (automatic),85.14,1919.15,Yes
CUST-102418,Male,1,Yes,Yes,56,Yes,No,DSL,Yes,No,Yes,Yes,No,No,Month-to-month,No,Electronic check,82.23,4386.42,No
CUST-102419,Male,0,No,No,61,Yes,Yes,DSL,No,Yes,No,Yes,No,No,Month-to-month,No,Electronic check,69.14,4391.09,No
CUST-102420,Male,0,No,Yes,31,Yes,No,Fiber optic,No,Yes,No,No,No,No,Month-to-month,Yes,Mailed check,91.27,2828.97,Yes
CUST-102421,Female,0,No,No,71,Yes,No,Fiber optic,Yes,No,Yes,Yes,Yes,No,Two year,No,Electronic check,118.29,8480.63,No
CUST-102422,Male,0,Yes,No,32,Yes,Yes,No,No internet service,No internet service,No internet service,No internet service,No internet service,No internet service,One year,Yes,Mailed check,45.63,1433.73,No
CUST-102423,Female,0,Yes,No,8,Yes,No,Fiber optic,No,No,No,No,No,No,Month-to-month,No,Credit card (automatic),95.5,790.31,Yes
CUST-102424,Male,0,No,Yes,66,Yes,No,Fiber optic,Yes,No,No,No,No,No,Month-to-month,Yes,Electronic check,95.98,6157.48,No
CUST-102425,Female,0,Yes,No,28,No,No phone service,Fiber optic,No,No,No,Yes,No,Yes,Month-to-month,Yes,Bank transfer (automatic),79.95,2170.83,No
CUST-102426,Male,0,No,No,64,Yes,Yes,DSL,No,Yes,Yes,No,Yes,No,Two year,Yes,Electronic check,89.43,5924.35,No
CUST-102427,Male,0,Yes,No,53,Yes,Yes,No,No internet service,No internet service,No internet service,No internet service,No internet service,No internet service,Month-to-month,No,Electronic check,35.1,1939.68,Yes
CUST-102428,Female,1,Yes,No,68,Yes,No,Fiber optic,Yes,No,No,No,No,Yes,Two year,No,Electronic check,102.44,7123.96,Yes
CUST-102429,Male,0,No,No,47,Yes,No,Fiber optic,No,Yes,No,No,Yes,No,Month-to-month,Yes,Electronic check,98.08,4459.28,Yes
CUST-102430,Male,1,No,No,43,Yes,Yes,Fiber optic,No,No,Yes,No,Yes,No,One year,No,Electronic check,106.5,4391.11,Yes
CUST-102431,Female,0,No,No,17,Yes,Yes,Fiber optic,No,No,No,No,No,No,One year,Yes,Credit card (automatic),83.42,1465.82,No
CUST-102432,Male,0,Yes,Yes,20,Yes,Yes,DSL,Yes,No,Yes,No,No,No,One year,Yes,Bank transfer (automatic),75.7,1493.15,No
CUST-102433,Male,0,No,Yes,24,Yes,No,DSL,Yes,No,No,No,Yes,No,Month-to-month,Yes,Electronic check,75.81,1874.84,Yes
CUST-102434,Male,0,No,No,22,Yes,Yes,No,No internet service,No internet service,No internet service,No internet service,No internet service,No internet service,Month-to-month,Yes,Electronic check,38.64,852.44,No
CUST-102435,Female,0,Yes,No,43,Yes,No,No,No internet service,No internet service,No internet service,No internet service,No internet service,No internet service,Month-to-month,Yes,Credit card (automatic),47.22,2014.39,No
CUST-102436,Female,0,Yes,No,63,Yes,Yes,No,No internet service,No internet service,No internet service,No internet service,No internet service,No internet service,Two year,Yes,Electronic check,43.79,2785.57,No
CUST-102437,Female,0,Yes,Yes,2,Yes,No,Fiber optic,Yes,Yes,No,No,Yes,No,Month-to-month,Yes,Electronic check,104.31,208.45,Yes
CUST-102438,Female,0,No,No,45,Yes,Yes,Fiber optic,No,No,No,No,No,No,One year,Yes,Credit card (automatic),90.86,4227.72,Yes
CUST-102439,Male,0,Yes,No,55,Yes,Yes,No,No internet service,No internet service,No internet service,No internet service,No internet service,No internet service,Two year,Yes,Mailed check,39.83,2135.89,No
CUST-102440,Male,0,No,No,32,Yes,Yes,Fiber optic,Yes,No,No,Yes,No,No,One year,Yes,Electronic check,93.01,2832.53,No
CUST-102441,Male,0,Yes,No,20,Yes,Yes,No,No internet service,No internet service,No internet service,No internet service,No internet service,No internet service,Month-to-month,Yes,Bank transfer (automatic),38.45,730.73,No
CUST-102442,Male,0,No,Yes,31,Yes,No,Fiber optic,No,Yes,No,No,No,No,Month-to-month,Yes,Mailed check,99.83,3199.14,Yes
CUST-102443,Male,0,No,No,60,No,No phone service,Fiber optic,Yes,No,Yes,Yes,No,No,One year,Yes,Bank transfer (automatic),92.24,5641.66,No
CUST-102444,Female,0,No,Yes,66,No,No phone service,Fiber optic,No,Yes,Yes,No,Yes,Yes,Two year,No,Electronic check,94.45,5937.64,Yes
CUST-102445,Female,0,Yes,No,49,Yes,Yes,DSL,Yes,Yes,Yes,Yes,No,No,Two year,No,Credit card (automatic),79.87,4042.15,No
CUST-102446,Female,0,Yes,No,35,Yes,Yes,DSL,No,Yes,No,No,No,No,Month-to-month,Yes,Bank transfer (automatic),71.3,2573.0,No
CUST-102447,Female,0,No,Yes,47,Yes,No,No,No internet service,No internet service,No internet service,No internet service,No internet service,No internet service,Two year,Yes,Electronic check,47.68,2224.62,No
CUST-102448,Female,0,Yes,No,49,Yes,Yes,Fiber optic,Yes,No,No,Yes,No,No,Month-to-month,No,Mailed check,108.05,5238.11,Yes
CUST-102449,Male,0,No,No,56,Yes,No,DSL,Yes,No,Yes,No,Yes,No,One year,No,Mailed check,78.38,4181.44,No
CUST-102450,Female,0,Yes,No,10,Yes,No,No,No internet service,No internet service,No internet service,No internet service,No internet service,No internet service,Month-to-month,Yes,Credit card (automatic),38.81,404.6,Yes
CUST-102451,Female,0,Yes,No,5,Yes,No,No,No internet service,No internet service,No internet service,No internet service,No internet service,No internet service,Month-to-month,No,Electronic check,39.25,193.56,No
CUST-102452,Male,0,Yes,No,25,Yes,Yes,Fiber optic,Yes,Yes,No,No,No,Yes,One year,Yes,Electronic check,103.93,2708.67,No
CUST-102453,Male,0,No,No,18,Yes,Yes,DSL,No,No,Yes,Yes,Yes,No,Month-to-month,Yes,Bank transfer (automatic),90.24,1666.69,No
CUST-102454,Female,0,No,No,44,Yes,Yes,DSL,No,No,Yes,No,Yes,No,Two year,No,Electronic check,70.78,3169.84,No
CUST-102455,Male,0,Yes,No,38,Yes,Yes,No,No internet service,No internet service,No internet service,No internet service,No internet service,No internet service,Month-to-month,Yes,Electronic check,40.5,1493.22,No
CUST-102456,Female,0,Yes,Yes,67,Yes,No,DSL,No,No,No,Yes,Yes,Yes,Two year,No,Bank transfer (automatic),93.8,6393.76,No
CUST-102457,Female,0,Yes,Yes,56,Yes,No,DSL,No,No,Yes,No,Yes,No,Month-to-month,Yes,Bank transfer (automatic),79.35,4304.56,No
CUST-102458,Male,0,No,Yes,10,No,No phone service,DSL,No,No,No,No,No,No,Month-to-month,Yes,Mailed check,43.25,420.02,Yes
CUST-102459,Male,0,No,No,61,Yes,Yes,Fiber optic,No,No,No,No,No,Yes,Month-to-month,Yes,Mailed check,93.33,5872.63,No
CUST-102460,Male,0,Yes,No,56,Yes,Yes,Fiber optic,No,No,No,No,Yes,Yes,One year,No,Mailed check,99.0,5281.71,Yes
CUST-102461,Male,0,No,Yes,27,Yes,Yes,No,No internet service,No internet service,No internet service,No internet service,No internet service,No internet service,Two year,Yes,Credit card (automatic),42.85,1157.24,No
CUST-102462,Male,0,No,No,4,Yes,No,No,No internet service,No internet service,No internet service,No internet service,No internet service,No internet service,Month-to-month,Yes,Bank transfer (automatic),40.54,158.91,Yes
CUST-102463,Female,0,No,No,57,Yes,Yes,No,No internet service,No internet service,No internet service,No internet service,No internet service,No internet service,Month-to-month,No,Bank transfer (automatic),44.05,2456.08,No
CUST-102464,Male,0,No,Yes,14,No,No phone service,DSL,Yes,No,No,No,No,Yes,Month-to-month,Yes,Credit card (automatic),56.58,772.8,No
CUST-102465,Male,0,No,No,16,Yes,No,Fiber optic,No,No,No,No,Yes,No,One year,Yes,Electronic check,99.22,1595.71,No
CUST-102466,Male,0,No,No,34,Yes,No,Fiber optic,Yes,No,No,Yes,No,No,One year,Yes,Mailed check,102.74,3438.0,No
CUST-102467,Female,0,Yes,Yes,6,Yes,Yes,No,No internet service,No internet service,No internet service,No internet service,No internet service,No internet service,Two year,Yes,Bank transfer (automatic),32.95,192.71,No
CUST-102468,Male,0,Yes,No,29,Yes,No,Fiber optic,No,No,No,Yes,No,No,Month-to-month,Yes,Mailed check,94.53,2713.38,No
CUST-102469,Male,0,Yes,Yes,18,Yes,Yes,DSL,Yes,No,Yes,No,No,No,Month-to-month,Yes,Mailed check,79.53,1438.42,No
CUST-102470,Female,0,Yes,No,3,Yes,No,Fiber optic,No,No,No,Yes,No,Yes,Month-to-month,Yes,Electronic check,98.61,300.69,Yes
CUST-102471,Male,0,Yes,No,65,No,No phone service,Fiber optic,No,No,No,No,No,No,Two year,Yes,Bank transfer (automatic),69.77,4370.2,Yes
CUST-102472,Male,0,No,No,19,Yes,Yes,DSL,No,No,No,Yes,No,No,Month-to-month,No,Bank transfer (automatic),76.65,1395.51,No
CUST-102473,Male,1,No,No,39,Yes,No,Fiber optic,No,No,No,Yes,No,Yes,Month-to-month,Yes,Credit card (automatic),94.96,3843.19,No
CUST-102474,Male,1,Yes,Yes,59,Yes,No,Fiber optic,Yes,No,No,No,Yes,Yes,One year,Yes,Electronic check,110.5,6402.37,Yes
CUST-102475,Male,0,Yes,No,35,Yes,No,Fiber optic,No,No,No,Yes,No,Yes,One year,Yes,Credit card (automatic),99.0,3433.32,No
CUST-102476,Female,0,No,No,21,Yes,Yes,DSL,No,No,No,Yes,Yes,Yes,Month-to-month,No,Electronic check,89.07,1945.54,No
CUST-102477,Male,0,No,No,54,Yes,Yes,Fiber optic,No,Yes,No,No,No,No,Month-to-month,No,Bank transfer (automatic),95.16,5186.73,Yes
CUST-102478,Male,0,Yes,No,50,Yes,No,DSL,No,No,No,No,No,No,One year,Yes,Bank transfer (automatic),64.99,3396.71,No
CUST-102479,Male,0,No,No,0,Yes,No,DSL,No,Yes,Yes,No,No,No,One year,No,Mailed check,79.8,0.0,No
CUST-102480,Female,0,Yes,Yes,59,Yes,Yes,Fiber optic,No,Yes,No,No,No,No,Month-to-month,Yes,Credit card (automatic),97.48,5743.21,No
CUST-102481,Female,0,Yes,No,8,Yes,No,DSL,No,No,No,No,No,Yes,Month-to-month,Yes,Mailed check,70.62,580.69,No
CUST-102482,Male,0,No,No,53,Yes,Yes,Fiber optic,No,Yes,No,No,No,No,Month-to-month,Yes,Electronic check,96.26,4914.24,No
CUST-102483,Male,0,No,No,7,Yes,Yes,Fiber optic,No,Yes,No,No,Yes,No,One year,Yes,Mailed check,97.23,675.77,Yes
CUST-102484,Male,0,Yes,No,4,No,No phone service,Fiber optic,No,No,No,Yes,No,No,Month-to-month,Yes,Mailed check,72.63,289.12,No
CUST-102485,Male,0,No,No,8,Yes,Yes,DSL,No,Yes,No,Yes,No,No,Month-to-month,Yes,Bank transfer (automatic),71.11,547.97,No
CUST-102486,Male,0,No,No,54,Yes,Yes,DSL,Yes,No,Yes,No,No,No,Month-to-month,No,Mailed check,75.62,4085.55,Yes
CUST-102487,Male,0,Yes,No,33,Yes,No,Fiber optic,Yes,No,No,No,No,No,Two year,No,Electronic check,95.19,3277.59,No
CUST-102488,Female,1,No,No,43,Yes,No,DSL,No,No,No,No,Yes,No,Month-to-month,No,Mailed check,68.3,2842.5,No
CUST-102489,Male,0,Yes,No,20,Yes,Yes,DSL,Yes,No,No,No,Yes,No,Month-to-month,Yes,Bank transfer (automatic),69.73,1411.4,No
CUST-102490,Male,0,Yes,No,8,Yes,No,Fiber optic,No,No,No,No,Yes,Yes,Month-to-month,No,Mailed check,103.6,839.65,No
CUST-102491,Male,0,Yes,Yes,57,Yes,No,DSL,No,No,No,No,No,Yes,One year,Yes,Credit card (automatic),63.45,3678.09,No
CUST-102492,Female,1,Yes,No,60,Yes,No,Fiber optic,Yes,No,No,No,Yes,No,Two year,Yes,Electronic check,108.79,6325.88,No
CUST-102493,Female,1,Yes,Yes,61,No,No phone service,DSL,Yes,Yes,No,No,No,No,Two year,No,Mailed check,62.83,3671.04,No
CUST-102494,Male,0,No,No,4,Yes,No,DSL,No,No,No,No,No,Yes,Month-to-month,Yes,Credit card (automatic),70.87,283.76,No
CUST-102495,Male,0,Yes,No,67,Yes,Yes,No,No internet service,No internet service,No internet service,No internet service,No internet service,No internet service,Month-to-month,No,Electronic check,33.05,2154.25,No
CUST-102496,Female,0,No,No,39,Yes,No,Fiber optic,No,No,Yes,No,Yes,No,Month-to-month,Yes,Mailed check,107.34,3986.49,No
CUST-102497,Female,0,Yes,No,14,Yes,No,DSL,No,Yes,No,No,No,Yes,One year,Yes,Credit card (automatic),69.69,950.45,Yes
CUST-102498,Male,1,No,No,14,Yes,No,DSL,Yes,Yes,No,Yes,No,No,One year,Yes,Electronic check,86.27,1201.53,No
CUST-102499,Female,0,No,Yes,36,Yes,No,Fiber optic,No,No,Yes,Yes,No,Yes,Month-to-month,No,Bank transfer (automatic),104.35,3753.07,Yes
CUST-102500,Female,0,Yes,No,44,Yes,No,Fiber optic,No,No,Yes,No,Yes,No,Month-to-month,Yes,Mailed check,100.39,4381.11,No
CUST-102501,Male,0,No,No,3,Yes,Yes,Fiber optic,No,No,No,No,No,Yes,Month-to-month,No,Electronic check,103.87,302.78,No
CUST-102502,Female,0,No,Yes,36,No,No phone service,DSL,No,No,No,No,Yes,No,One year,Yes,Bank transfer (automatic),45.01,1633.97,No
CUST-102503,Male,0,No,Yes,17,Yes,No,No,No internet service,No internet service,No internet service,No internet service,No internet service,No internet service,Month-to-month,No,Electronic check,37.15,620.25,No
CUST-102504,Male,0,Yes,No,67,Yes,Yes,No,No internet service,No internet service,No internet service,No internet service,No internet service,No internet service,Month-to-month,No,Credit card (automatic),43.51,2896.1,No
CUST-102505,Male,0,No,No,44,Yes,No,Fiber optic,Yes,Yes,No,No,No,Yes,Month-to-month,No,Mailed check,105.74,4819.44,Yes
CUST-102506,Male,0,No,No,27,Yes,No,No,No internet service,No internet service,No internet service,No internet service,No internet service,No internet service,Month-to-month,Yes,Electronic check,33.03,889.13,Yes
CUST-102507,Female,1,Yes,No,30,Yes,No,DSL,No,Yes,No,No,Yes,No,Month-to-month,Yes,Electronic check,77.03,2236.68,No
CUST-102508,Male,0,No,No,61,Yes,No,DSL,No,Yes,No,Yes,No,No,One year,Yes,Credit card (automatic),78.16,4951.22,No
CUST-102509,Male,1,Yes,Yes,50,Yes,Yes,DSL,No,No,No,No,No,Yes,One year,Yes,Mailed check,65.59,3334.55,Yes
CUST-102510,Male,0,Yes,No,28,Yes,No,DSL,Yes,No,Yes,Yes,No,No,Month-to-month,No,Electronic check,82.7,2203.47,Yes
CUST-102511,Female,0,No,No,61,Yes,No,DSL,Yes,Yes,No,No,No,Yes,Month-to-month,Yes,Electronic check,78.38,4911.92,Yes
CUST-102512,Female,0,No,No,45,Yes,Yes,No,No internet service,No internet service,No internet service,No internet service,No internet service,No internet service,Two year,No,Bank transfer (automatic),39.05,1696.05,No
CUST-102513,Female,0,Yes,No,4,Yes,Yes,No,No internet service,No internet service,No internet service,No internet service,No internet service,No internet service,Two year,Yes,Electronic check,44.3,183.32,Yes
CUST-102514,Male,0,Yes,Yes,46,Yes,No,Fiber optic,No,No,No,No,No,Yes,One year,No,Credit card (automatic),96.35,4646.32,No
CUST-102515,Female,0,Yes,Yes,68,Yes,Yes,Fiber optic,Yes,No,No,No,No,No,One year,No,Electronic check,93.83,6612.83,Yes
CUST-102516,Female,0,No,No,63,Yes,Yes,DSL,Yes,No,No,No,Yes,No,Two year,No,Electronic check,74.99,4955.99,No
CUST-102517,Female,0,Yes,No,3,Yes,Yes,DSL,No,No,Yes,No,No,No,One year,Yes,Mailed check,74.46,227.95,Yes
CUST-102518,Male,0,Yes,No,64,Yes,Yes,Fiber optic,No,No,Yes,No,No,Yes,Month-to-month,No,Electronic check,90.68,5653.29,Yes
CUST-102519,Female,1,Yes,No,71,Yes,Yes,Fiber optic,No,No,No,No,No,Yes,Month-to-month,Yes,Bank transfer (automatic),96.39,6631.86,No
CUST-102520,Male,1,No,No,11,Yes,No,Fiber optic,Yes,Yes,No,No,No,Yes,Month-to-month,Yes,Credit card (automatic),113.89,1279.43,Yes
CUST-102521,Male,1,Yes,No,46,Yes,No,Fiber optic,No,No,No,Yes,Yes,No,Two year,No,Bank transfer (automatic),100.98,4494.55,Yes
CUST-102522,Male,0,No,Yes,55,Yes,No,No,No internet service,No internet service,No internet service,No internet service,No internet service,No internet service,One year,Yes,Credit card (automatic),39.58,2138.76,No
CUST-102523,Male,1,Yes,Yes,3,Yes,No,DSL,Yes,Yes,No,No,Yes,No,Two year,No,Credit card (automatic),90.57,269.38,Yes
CUST-102524,Male,0,Yes,No,60,Yes,Yes,DSL,No,Yes,Yes,No,No,Yes,Month-to-month,Yes,Electronic check,86.61,5209.26,No
CUST-102525,Male,1,Yes,No,28,Yes,No,DSL,Yes,No,No,No,No,Yes,Month-to-month,Yes,Electronic check,76.02,2130.75,Yes
CUST-102526,Male,0,Yes,No,21,Yes,No,No,No internet service,No internet service,No internet service,No internet service,No internet service,No internet service,One year,No,Bank transfer (automatic),39.09,802.31,No
CUST-102527,Female,0,Yes,Yes,18,Yes,No,Fiber optic,No,No,No,Yes,Yes,No,Two year,Yes,Credit card (automatic),106.44,1959.96,No
CUST-102528,Male,1,Yes,No,36,Yes,Yes,Fiber optic,Yes,Yes,No,Yes,Yes,Yes,Two year,No,Credit card (automatic),124.3,4685.99,No
CUST-102529,Female,0,Yes,Yes,58,Yes,No,No,No internet service,No internet service,No internet service,No internet service,No internet service,No internet service,Month-to-month,No,Bank transfer (automatic),41.71,2522.97,No
CUST-102530,Female,0,Yes,Yes,59,Yes,No,Fiber optic,No,Yes,Yes,No,Yes,Yes,Two year,Yes,Electronic check,125.44,7128.48,No
CUST-102531,Female,0,Yes,No,16,No,No phone service,DSL,No,Yes,No,No,No,No,Two year,Yes,Bank transfer (automatic),50.76,844.93,No
CUST-102532,Female,0,Yes,No,60,No,No phone service,DSL,Yes,No,No,Yes,No,Yes,Two year,Yes,Bank transfer (automatic),52.49,3031.7,No
CUST-102533,Male,0,Yes,Yes,60,Yes,Yes,Fiber optic,No,No,No,No,No,Yes,One year,Yes,Credit card (automatic),95.13,5530.64,No
CUST-102534,Female,1,Yes,No,4,Yes,No,Fiber optic,No,No,No,No,No,No,Two year,No,Bank transfer (automatic),92.02,355.21,No
CUST-102535,Female,1,No,No,22,No,No phone service,No,No internet service,No internet service,No internet service,No internet service,No internet service,No internet service,Month-to-month,No,Electronic check,25.28,532.51,Yes
CUST-102536,Male,1,No,No,1,Yes,Yes,DSL,No,No,No,No,Yes,No,Month-to-month,Yes,Bank transfer (automatic),74.01,75.37,Yes
CUST-102537,Male,0,No,No,72,Yes,No,Fiber optic,No,Yes,No,No,Yes,No,Month-to-month,Yes,Mailed check,99.95,6996.22,Yes
CUST-102538,Female,0,Yes,Yes,34,Yes,No,DSL,No,No,Yes,Yes,No,No,Month-to-month,Yes,Mailed check,80.73,2691.6,No
CUST-102539,Male,0,No,No,19,Yes,No,No,No internet service,No internet service,No internet service,No internet service,No internet service,No internet service,Two year,Yes,Bank transfer (automatic),42.76,807.28,Yes
CUST-102540,Male,0,No,No,65,Yes,Yes,DSL,No,No,No,No,Yes,Yes,One year,Yes,Credit card (automatic),79.74,5217.23,No
CUST-102541,Female,0,Yes,Yes,50,Yes,No,DSL,No,No,No,No,No,No,Month-to-month,No,Bank transfer (automatic),69.66,3394.98,No
CUST-102542,Female,0,Yes,No,68,Yes,No,Fiber optic,No,No,No,Yes,No,No,Two year,Yes,Electronic check,100.65,6545.01,No
CUST-102543,Male,1,No,Yes,58,Yes,Yes,No,No internet service,No internet service,No internet service,No internet service,No internet service,No internet service,One year,No,Electronic check,39.55,2226.51,Yes
CUST-102544,Female,0,No,No,69,Yes,Yes,DSL,No,Yes,Yes,No,No,No,Month-to-month,Yes,Mailed check,76.32,5321.18,Yes
CUST-102545,Male,0,No,No,15,Yes,Yes,DSL,No,Yes,No,No,Yes,Yes,One year,No,Bank transfer (automatic),82.45,1183.91,No
CUST-102546,Female,0,No,No,14,Yes,No,DSL,No,Yes,No,No,No,Yes,Month-to-month,No,Bank transfer (automatic),69.44,1011.72,Yes
CUST-102547,Female,0,No,Yes,5,Yes,Yes,No,No internet service,No internet service,No internet service,No internet service,No internet service,No internet service,One year,No,Mailed check,42.4,221.78,No
CUST-102548,Male,0,No,Yes,25,Yes,Yes,Fiber optic,No,No,No,No,No,No,Two year,Yes,Mailed check,90.92,2249.54,No
CUST-102549,Male,0,Yes,No,40,Yes,Yes,No,No internet service,No internet service,No internet service,No internet service,No internet service,No internet service,Month-to-month,Yes,Bank transfer (automatic),43.33,1701.13,No
CUST-102550,Female,0,Yes,Yes,41,Yes,Yes,DSL,Yes,Yes,No,No,Yes,No,Month-to-month,Yes,Electronic check,74.89,2946.77,No
CUST-102551,Male,0,No,No,49,Yes,No,Fiber optic,Yes,Yes,Yes,Yes,No,Yes,One year,Yes,Bank transfer (automatic),119.11,5865.94,No
CUST-102552,Male,1,Yes,No,53,Yes,No,Fiber optic,No,Yes,No,No,Yes,Yes,Two year,No,Credit card (automatic),99.64,5518.5,No
CUST-102553,Male,0,Yes,Yes,59,Yes,No,DSL,No,No,No,No,Yes,No,Month-to-month,No,Electronic check,66.5,3772.63,No
CUST-102554,Female,0,Yes,No,37,Yes,No,Fiber optic,Yes,Yes,Yes,No,Yes,No,Two year,No,Electronic check,106.26,3738.67,Yes
CUST-102555,Male,0,Yes,Yes,19,Yes,No,Fiber optic,Yes,No,Yes,Yes,No,No,One year,Yes,Bank transfer (automatic),105.89,1941.01,No
CUST-102556,Female,0,Yes,No,32,Yes,No,DSL,Yes,Yes,Yes,No,No,Yes,Month-to-month,Yes,Electronic check,86.62,2755.01,No
CUST-102557,Female,0,No,No,63,No,No phone service,Fiber optic,No,No,No,No,No,No,Month-to-month,No,Mailed check,69.43,4304.68,No
CUST-102558,Male,0,Yes,No,59,Yes,Yes,Fiber optic,No,No,Yes,No,No,No,Month-to-month,Yes,Credit card (automatic),93.19,5272.79,No
CUST-102559,Female,1,No,No,66,No,No phone service,Fiber optic,No,No,No,No,No,Yes,Month-to-month,Yes,Electronic check,76.56,5249.77,Yes
CUST-102560,Female,0,Yes,No,39,Yes,No,Fiber optic,No,Yes,No,No,Yes,Yes,Month-to-month,Yes,Credit card (automatic),107.33,4320.15,No
CUST-102561,Male,0,No,Yes,56,Yes,Yes,No,No internet service,No internet service,No internet service,No internet service,No internet service,No internet service,One year,No,Electronic check,42.12,2314.11,No
CUST-102562,Female,0,No,Yes,30,Yes,Yes,Fiber optic,Yes,No,No,No,Yes,No,One year,Yes,Mailed check,100.3,3157.35,No
CUST-102563,Male,0,No,Yes,0,Yes,Yes,Fiber optic,No,Yes,Yes,Yes,Yes,No,Month-to-month,No,Electronic check,111.63,0.0,No
CUST-102564,Male,0,Yes,No,54,Yes,No,DSL,Yes,No,Yes,Yes,Yes,Yes,Month-to-month,Yes,Bank transfer (automatic),98.59,5098.87,No
CUST-102565,Male,1,Yes,No,6,Yes,No,Fiber optic,No,No,No,No,No,No,Month-to-month,No,Credit card (automatic),93.3,564.61,Yes
CUST-102566,Female,0,No,No,46,Yes,Yes,DSL,Yes,No,No,No,No,Yes,Two year,No,Electronic check,77.99,3765.36,Yes
CUST-102567,Female,0,No,No,72,Yes,No,DSL,Yes,No,No,Yes,Yes,Yes,Two year,No,Credit card (automatic),87.94,6296.4,No
CUST-102568,Male,0,Yes,No,1,Yes,Yes,Fiber optic,No,No,No,No,No,No,One year,Yes,Bank transfer (automatic),87.65,91.59,Yes
CUST-102569,Female,0,No,Yes,53,Yes,No,No,No internet service,No internet service,No internet service,No internet service,No internet service,No internet service,Month-to-month,Yes,Credit card (automatic),41.72,2281.73,No
CUST-102570,Female,1,No,Yes,63,Yes,No,DSL,Yes,Yes,Yes,Yes,Yes,No,Two year,Yes,Bank transfer (automatic),85.25,5472.01,No
CUST-102571,Female,0,Yes,No,45,Yes,Yes,Fiber optic,Yes,No,No,Yes,No,No,Two year,Yes,Bank transfer (automatic),104.03,4860.29,No
CUST-102572,Female,0,No,No,50,Yes,Yes,DSL,Yes,No,No,No,No,No,Month-to-month,Yes,Credit card (automatic),70.23,3638.41,No
CUST-102573,Male,0,Yes,No,65,Yes,Yes,DSL,No,No,No,No,Yes,No,Month-to-month,No,Bank transfer (automatic),67.82,4262.3,Yes
CUST-102574,Female,0,Yes,Yes,56,Yes,No,Fiber optic,Yes,No,No,No,No,Yes,Month-to-month,Yes,Credit card (automatic),102.69,5826.97,No
CUST-102575,Male,0,No,No,2,No,No phone service,DSL,Yes,Yes,No,Yes,Yes,Yes,One year,No,Electronic check,79.87,162.19,Yes
CUST-102576,Male,0,No,Yes,56,Yes,No,No,No internet service,No internet service,No internet service,No internet service,No internet service,No internet service,Month-to-month,No,Electronic check,41.0,2290.26,No
CUST-102577,Male,0,No,No,55,Yes,Yes,DSL,No,No,No,No,No,Yes,Month-to-month,No,Bank transfer (automatic),66.28,3564.5,Yes
CUST-102578,Female,0,No,Yes,16,Yes,No,Fiber optic,No,Yes,No,No,No,Yes,Month-to-month,No,Electronic check,108.97,1719.3,Yes
CUST-102579,Female,1,No,Yes,47,Yes,No,DSL,Yes,No,No,Yes,No,Yes,Month-to-month,Yes,Mailed check,70.56,3195.5,No
CUST-102580,Male,0,Yes,No,61,Yes,No,DSL,Yes,No,No,Yes,No,No,One year,Yes,Credit card (automatic),81.64,5150.88,No
CUST-102581,Male,0,Yes,No,61,Yes,Yes,Fiber optic,Yes,No,No,Yes,No,No,Month-to-month,Yes,Bank transfer (automatic),101.78,6374.64,No
CUST-102582,Male,0,Yes,No,63,Yes,Yes,Fiber optic,No,No,Yes,Yes,Yes,Yes,Month-to-month,No,Credit card (automatic),114.74,7304.27,No
CUST-102583,Female,0,No,Yes,56,Yes,Yes,DSL,Yes,Yes,No,No,Yes,Yes,One year,Yes,Mailed check,82.24,4491.81,No
CUST-102584,Male,0,No,No,8,Yes,Yes,DSL,Yes,Yes,Yes,No,No,No,Two year,Yes,Electronic check,93.71,726.26,No
CUST-102585,Female,0,No,No,35,Yes,Yes,DSL,No,No,Yes,No,No,Yes,Month-to-month,No,Electronic check,75.17,2657.69,Yes
CUST-102586,Male,0,Yes,No,17,Yes,No,No,No internet service,No internet service,No internet service,No internet service,No internet service,No internet service,Month-to-month,Yes,Credit card (automatic),33.52,548.73,Yes
CUST-102587,Male,0,Yes,Yes,5,Yes,No,No,No internet service,No internet service,No internet service,No internet service,No internet service,No internet service,Month-to-month,No,Mailed check,36.1,182.0,Yes
CUST-102588,Female,0,No,No,19,Yes,Yes,DSL,No,Yes,No,No,No,No,Month-to-month,No,Credit card (automatic),69.84,1261.53,Yes
CUST-102589,Male,0,No,No,66,Yes,No,DSL,No,No,No,No,No,Yes,Two year,Yes,Mailed check,69.41,4639.41,No
CUST-102590,Male,0,Yes,No,43,Yes,Yes,DSL,No,No,Yes,No,No,No,Two year,No,Electronic check,67.82,2855.01,No
CUST-102591,Male,0,No,No,55,Yes,Yes,Fiber optic,Yes,No,No,No,No,Yes,Month-to-month,Yes,Bank transfer (automatic),100.67,5685.52,No
CUST-102592,Female,0,No,No,36,Yes,Yes,DSL,No,No,Yes,Yes,No,No,Month-to-month,Yes,Bank transfer (automatic),76.18,2725.5,No
CUST-102593,Male,0,No,Yes,26,Yes,Yes,DSL,No,No,No,No,No,Yes,Month-to-month,No,Mailed check,67.68,1708.26,No
CUST-102594,Male,1,Yes,Yes,35,No,No phone service,Fiber optic,No,No,Yes,No,No,No,One year,Yes,Mailed check,75.02,2582.17,No
CUST-102595,Male,0,No,Yes,71,Yes,Yes,Fiber optic,Yes,No,No,No,No,Yes,Month-to-month,No,Mailed check,107.79,8022.83,No
CUST-102596,Female,0,Yes,No,20,Yes,No,Fiber optic,No,No,No,No,Yes,No,Month-to-month,No,Credit card (automatic),96.73,1967.06,No
CUST-102597,Female,0,Yes,Yes,22,Yes,No,Fiber optic,No,No,Yes,No,Yes,No,Month-to-month,No,Electronic check,102.31,2329.34,No
CUST-102598,Female,0,No,Yes,61,Yes,Yes,DSL,No,No,No,No,Yes,No,One year,Yes,Electronic check,65.65,3922.69,No
CUST-102599,Male,0,Yes,No,27,Yes,Yes,DSL,Yes,No,Yes,No,No,No,Two year,Yes,Electronic check,81.84,2274.23,No
CUST-102600,Female,0,Yes,Yes,65,Yes,No,Fiber optic,No,No,Yes,No,No,Yes,Month-to-month,Yes,Mailed check,100.85,6720.79,No
CUST-102601,Male,0,Yes,No,71,Yes,Yes,Fiber optic,No,No,Yes,No,Yes,Yes,One year,Yes,Credit card (automatic),107.59,7313.42,No
CUST-102602,Female,1,Yes,No,4,Yes,No,DSL,No,No,No,No,No,Yes,Two year,Yes,Bank transfer (automatic),74.14,294.2,No
CUST-102603,Female,0,No,No,48,Yes,No,DSL,No,Yes,No,Yes,Yes,No,Month-to-month,Yes,Credit card (automatic),84.02,4068.54,No
CUST-102604,Female,0,Yes,No,6,Yes,No,DSL,No,No,No,No,No,Yes,Two year,No,Bank transfer (automatic),66.81,391.34,Yes
CUST-102605,Female,1,No,No,64,Yes,No,No,No internet service,No internet service,No internet service,No internet service,No internet service,No internet service,One year,Yes,Mailed check,36.61,2375.24,No
CUST-102606,Female,1,No,No,8,No,No phone service,DSL,Yes,No,No,Yes,No,No,Month-to-month,Yes,Bank transfer (automatic),56.38,444.23,Yes
CUST-102607,Male,0,Yes,No,64,Yes,Yes,No,No internet service,No internet service,No internet service,No internet service,No internet service,No internet service,One year,No,Credit card (automatic),29.25,1941.97,No
CUST-102608,Female,0,No,No,56,Yes,No,No,No internet service,No internet service,No internet service,No internet service,No internet service,No internet service,Month-to-month,Yes,Electronic check,34.54,1986.2,No
CUST-102609,Female,0,Yes,Yes,39,Yes,No,Fiber optic,No,No,Yes,No,No,No,Month-to-month,Yes,Mailed check,96.31,3654.77,Yes
CUST-102610,Female,0,Yes,No,15,Yes,No,No,No internet service,No internet service,No internet service,No internet service,No internet service,No internet service,Month-to-month,Yes,Mailed check,42.62,656.54,No
CUST-102611,Female,0,Yes,No,19,Yes,No,DSL,Yes,No,No,No,No,No,One year,Yes,Credit card (automatic),70.21,1326.52,Yes
CUST-102612,Male,0,Yes,No,31,Yes,No,DSL,Yes,No,No,Yes,Yes,Yes,Two year,Yes,Electronic check,95.19,2884.06,Yes
CUST-102613,Female,1,Yes,No,61,Yes,No,Fiber optic,No,No,No,No,Yes,Yes,Month-to-month,Yes,Electronic check,99.79,5944.93,No
CUST-102614,Male,0,Yes,No,65,Yes,Yes,Fiber optic,No,No,Yes,No,No,No,Month-to-month,Yes,Bank transfer (automatic),94.57,5965.21,Yes
CUST-102615,Female,0,No,No,36,Yes,No,No,No internet service,No internet service,No internet service,No internet service,No internet service,No internet service,Month-to-month,Yes,Bank transfer (automatic),42.38,1592.9,No
CUST-102616,Female,0,No,No,16,Yes,No,Fiber optic,No,No,No,No,Yes,No,Two year,Yes,Electronic check,96.53,1595.84,Yes
CUST-102617,Male,0,No,Yes,41,Yes,Yes,DSL,Yes,No,No,No,Yes,No,Month-to-month,No,Mailed check,70.43,2745.35,No
CUST-102618,Female,1,No,No,60,Yes,Yes,DSL,No,No,No,No,Yes,No,Two year,No,Bank transfer (automatic),75.73,4331.2,No
CUST-102619,Female,0,No,Yes,39,Yes,No,Fiber optic,No,No,Yes,No,No,Yes,Month-to-month,Yes,Mailed check,97.79,3660.49,Yes
CUST-102620,Female,0,Yes,No,65,Yes,Yes,Fiber optic,Yes,No,No,No,No,No,Month-to-month,No,Mailed check,93.84,5847.71,No
CUST-102621,Male,0,No,No,0,No,No phone service,Fiber optic,No,No,No,No,No,Yes,Month-to-month,No,Electronic check,66.67,0.0,Yes
CUST-102622,Male,0,Yes,No,36,Yes,No,No,No internet service,No internet service,No internet service,No internet service,No internet service,No internet service,Month-to-month,No,Bank transfer (automatic),44.93,1541.82,No
CUST-102623,Female,0,No,No,3,Yes,No,DSL,No,No,No,Yes,Yes,No,Month-to-month,Yes,Mailed check,70.15,215.88,No
CUST-102624,Female,0,No,No,44,Yes,Yes,Fiber optic,No,Yes,No,No,No,No,Two year,Yes,Bank transfer (automatic),99.48,4266.34,No
CUST-102625,Female,0,Yes,No,44,Yes,No,DSL,No,No,No,No,Yes,Yes,Month-to-month,Yes,Mailed check,73.05,3081.83,Yes
CUST-102626,Female,0,No,Yes,22,Yes,No,Fiber optic,Yes,No,No,No,No,Yes,Month-to-month,Yes,Electronic check,106.24,2338.87,Yes
CUST-102627,Male,0,No,No,57,Yes,No,Fiber optic,No,Yes,No,Yes,Yes,No,One year,No,Bank transfer (automatic),99.3,5923.63,No
CUST-102628,Female,0,No,Yes,69,Yes,Yes,Fiber optic,No,No,Yes,No,No,No,Month-to-month,No,Mailed check,94.16,6266.42,No
CUST-102629,Male,0,Yes,Yes,33,Yes,No,Fiber optic,Yes,No,Yes,Yes,No,Yes,One year,Yes,Electronic check,122.26,4094.75,No
CUST-102630,Female,0,No,No,31,Yes,Yes,DSL,Yes,No,Yes,No,No,No,One year,No,Credit card (automatic),67.86,2084.24,No
CUST-102631,Female,0,No,No,13,Yes,Yes,No,No internet service,No internet service,No internet service,No internet service,No internet service,No internet service,Two year,No,Credit card (automatic),38.85,502.67,Yes
CUST-102632,Female,0,Yes,No,2,Yes,Yes,Fiber optic,Yes,No,No,No,No,No,One year,No,Bank transfer (automatic),90.52,172.63,No
CUST-102633,Female,0,No,Yes,29,No,No phone service,No,No internet service,No internet service,No internet service,No internet service,No internet service,No internet service,Month-to-month,No,Bank transfer (automatic),19.52,556.72,No
CUST-102634,Male,0,Yes,No,32,No,No phone service,DSL,No,Yes,No,Yes,Yes,Yes,Month-to-month,Yes,Bank transfer (automatic),68.52,2148.74,No
CUST-102635,Male,0,No,Yes,56,Yes,No,DSL,No,Yes,Yes,Yes,No,No,Month-to-month,Yes,Mailed check,83.26,4708.19,Yes
CUST-102636,Male,1,Yes,Yes,62,Yes,No,Fiber optic,No,No,Yes,Yes,Yes,No,Month-to-month,No,Electronic check,102.67,6397.96,No
CUST-102637,Female,0,Yes,Yes,7,Yes,No,Fiber optic,Yes,Yes,Yes,Yes,Yes,No,Month-to-month,Yes,Bank transfer (automatic),125.14,903.57,No
CUST-102638,Male,0,Yes,No,11,Yes,Yes,Fiber optic,No,No,No,No,Yes,No,Month-to-month,No,Bank transfer (automatic),87.68,948.41,No
CUST-102639,Female,0,No,No,40,No,No phone service,DSL,Yes,No,No,Yes,No,No,Two year,No,Mailed check,57.51,2369.41,No
CUST-102640,Male,0,No,Yes,27,Yes,No,Fiber optic,Yes,No,No,No,No,No,Two year,No,Credit card (automatic),95.36,2634.99,No
CUST-102641,Male,0,Yes,Yes,51,Yes,Yes,Fiber optic,No,Yes,Yes,Yes,Yes,Yes,Month-to-month,Yes,Mailed check,116.31,5680.81,Yes
CUST-102642,Male,0,Yes,No,23,Yes,No,DSL,Yes,No,Yes,No,No,Yes,Two year,No,Mailed check,80.79,1808.97,No
CUST-102643,Male,0,No,No,30,Yes,No,Fiber optic,No,No,Yes,No,No,No,Two year,Yes,Mailed check,93.44,2778.66,No
CUST-102644,Male,0,Yes,Yes,32,Yes,No,Fiber optic,Yes,No,No,No,Yes,No,Month-to-month,No,Bank transfer (automatic),96.01,3220.57,Yes
CUST-102645,Male,0,Yes,No,43,Yes,Yes,DSL,Yes,No,Yes,No,No,No,Two year,Yes,Electronic check,83.87,3648.66,No
CUST-102646,Female,0,No,No,5,Yes,No,No,No internet service,No internet service,No internet service,No internet service,No internet service,No internet service,Two year,No,Mailed check,43.69,229.29,No
CUST-102647,Female,0,Yes,No,64,Yes,Yes,No,No internet service,No internet service,No internet service,No internet service,No internet service,No internet service,One year,No,Bank transfer (automatic),46.12,3065.52,No
CUST-102648,Female,1,No,Yes,24,Yes,No,Fiber optic,No,Yes,No,No,No,No,One year,Yes,Mailed check,92.36,2191.17,No
CUST-102649,Male,0,Yes,No,15,Yes,No,No,No internet service,No internet service,No internet service,No internet service,No internet service,No internet service,Month-to-month,Yes,Electronic check,41.02,585.7,No
CUST-102650,Female,0,No,No,46,Yes,No,Fiber optic,No,Yes,No,Yes,Yes,Yes,One year,Yes,Bank transfer (automatic),113.03,5312.18,No
CUST-102651,Female,0,No,No,9,Yes,No,DSL,No,No,No,No,No,Yes,One year,No,Credit card (automatic),67.76,607.0,No
CUST-102652,Female,0,Yes,No,43,Yes,No,DSL,No,Yes,No,Yes,No,Yes,One year,No,Mailed check,85.58,3606.88,Yes
CUST-102653,Male,0,No,No,4,Yes,Yes,Fiber optic,Yes,No,Yes,Yes,No,No,Month-to-month,No,Bank transfer (automatic),107.8,428.73,Yes
CUST-102654,Female,0,No,No,19,No,No phone service,DSL,No,Yes,Yes,No,No,No,One year,Yes,Electronic check,61.4,1202.07,Yes
CUST-102655,Female,0,No,No,53,Yes,No,No,No internet service,No internet service,No internet service,No internet service,No internet service,No internet service,Two year,Yes,Mailed check,39.03,2095.86,No
CUST-102656,Male,0,Yes,Yes,27,No,No phone service,No,No internet service,No internet service,No internet service,No internet service,No internet service,No internet service,Two year,Yes,Electronic check,22.55,615.51,No
CUST-102657,Male,0,Yes,No,65,Yes,No,Fiber optic,Yes,Yes,No,No,No,Yes,Month-to-month,Yes,Credit card (automatic),114.65,7733.62,No
CUST-102658,Female,0,No,No,25,Yes,No,Fiber optic,No,No,Yes,No,No,No,Month-to-month,No,Electronic check,96.5,2328.2,No
CUST-102659,Male,1,Yes,No,50,Yes,No,No,No internet service,No internet service,No internet service,No internet service,No internet service,No internet service,Month-to-month,Yes,Credit card (automatic),41.23,2096.09,No
CUST-102660,Male,0,Yes,No,2,No,No phone service,Fiber optic,No,Yes,No,No,No,No,One year,Yes,Mailed check,74.82,144.65,Yes
CUST-102661,Female,0,Yes,Yes,71,Yes,No,DSL,No,No,No,Yes,Yes,No,Month-to-month,No,Mailed check,72.43,5124.21,Yes
CUST-102662,Male,0,No,No,44,No,No phone service,No,No internet service,No internet service,No internet service,No internet service,No internet service,No internet service,Two year,Yes,Mailed check,19.01,826.87,No
CUST-102663,Male,0,Yes,No,51,Yes,No,Fiber optic,No,No,Yes,No,Yes,Yes,One year,No,Electronic check,106.86,5400.03,Yes
CUST-102664,Male,1,Yes,No,23,Yes,No,DSL,No,No,No,No,Yes,Yes,Month-to-month,Yes,Electronic check,75.0,1708.78,No
CUST-102665,Female,0,No,No,21,Yes,No,DSL,No,No,No,No,Yes,Yes,One year,Yes,Mailed check,81.65,1771.12,No
CUST-102666,Male,0,Yes,Yes,31,Yes,No,No,No internet service,No internet service,No internet service,No internet service,No internet service,No internet service,Month-to-month,Yes,Bank transfer (automatic),41.03,1289.17,Yes
CUST-102667,Female,0,Yes,Yes,18,No,No phone service,DSL,No,No,Yes,No,No,No,Month-to-month,Yes,Bank transfer (automatic),48.22,900.84,No
CUST-102668,Male,0,Yes,No,1,Yes,No,No,No internet service,No internet service,No internet service,No internet service,No internet service,No internet service,Month-to-month,No,Credit card (automatic),38.94,40.26,Yes
CUST-102669,Female,0,Yes,No,48,Yes,Yes,No,No internet service,No internet service,No internet service,No internet service,No internet service,No internet service,One year,No,Electronic check,35.69,1760.1,No
CUST-102670,Female,1,No,No,52,Yes,Yes,DSL,No,No,No,Yes,No,Yes,Two year,Yes,Bank transfer (automatic),77.49,3848.03,No
CUST-102671,Female,0,Yes,No,49,Yes,Yes,DSL,No,Yes,No,No,No,Yes,Month-to-month,No,Electronic check,76.47,3740.71,No
CUST-102672,Female,0,No,No,40,Yes,No,Fiber optic,Yes,No,Yes,No,No,No,One year,Yes,Mailed check,106.25,4428.41,No
CUST-102673,Male,0,Yes,No,38,Yes,No,DSL,Yes,No,No,No,No,Yes,Month-to-month,No,Electronic check,77.57,3017.31,No
CUST-102674,Female,0,Yes,No,71,No,No phone service,Fiber optic,No,Yes,No,No,No,No,Month-to-month,Yes,Credit card (automatic),76.59,5321.65,No
CUST-102675,Female,1,Yes,No,38,Yes,No,No,No internet service,No internet service,No internet service,No internet service,No internet service,No internet service,One year,No,Mailed check,46.05,1672.81,No
CUST-102676,Female,0,No,No,51,Yes,No,Fiber optic,No,No,Yes,No,Yes,Yes,Two year,No,Mailed check,109.96,5594.66,No
CUST-102677,Female,0,Yes,No,30,Yes,Yes,Fiber optic,No,No,No,No,Yes,No,Two year,No,Electronic check,90.1,2747.03,No
CUST-102678,Female,0,Yes,No,2,Yes,Yes,No,No internet service,No internet service,No internet service,No internet service,No internet service,No internet service,One year,Yes,Mailed check,47.28,90.89,No
CUST-102679,Male,0,No,No,25,Yes,Yes,No,No internet service,No internet service,No internet service,No internet service,No internet service,No internet service,Month-to-month,Yes,Electronic check,33.49,826.89,Yes
CUST-102680,Male,0,Yes,Yes,52,Yes,No,No,No internet service,No internet service,No internet service,No internet service,No internet service,No internet service,Month-to-month,Yes,Bank transfer (automatic),42.06,2186.59,No
CUST-102681,Male,0,No,No,46,Yes,No,DSL,Yes,No,Yes,No,No,Yes,Month-to-month,No,Bank transfer (automatic),78.56,3647.59,No
CUST-102682,Male,0,Yes,No,50,Yes,Yes,DSL,No,No,No,No,No,Yes,Two year,No,Electronic check,76.48,3940.51,Yes
CUST-102683,Female,0,Yes,No,54,Yes,No,Fiber optic,No,No,Yes,No,Yes,No,One year,Yes,Electronic check,103.0,5827.13,No
CUST-102684,Female,0,No,Yes,15,Yes,Yes,DSL,No,No,No,No,No,Yes,Month-to-month,Yes,Electronic check,69.76,1031.03,No
CUST-102685,Male,0,Yes,No,59,Yes,Yes,Fiber optic,Yes,No,No,No,No,No,Month-to-month,Yes,Mailed check,94.75,5412.08,Yes
CUST-102686,Male,0,Yes,Yes,52,Yes,No,No,No internet service,No internet service,No internet service,No internet service,No internet service,No internet service,Month-to-month,Yes,Electronic check,48.53,2494.75,No
CUST-102687,Female,0,Yes,No,22,Yes,Yes,No,No internet service,No internet service,No internet service,No internet service,No internet service,No internet service,One year,No,Electronic check,44.95,977.86,No
CUST-102688,Female,0,Yes,No,36,Yes,No,DSL,No,No,No,No,Yes,No,Month-to-month,Yes,Electronic check,77.23,2741.83,Yes
CUST-102689,Female,0,No,No,62,Yes,No,No,No internet service,No internet service,No internet service,No internet service,No internet service,No internet service,Two year,No,Electronic check,40.42,2424.62,No
CUST-102690,Female,0,Yes,No,12,Yes,Yes,Fiber optic,No,No,No,No,No,No,Month-to-month,Yes,Bank transfer (automatic),78.89,926.61,No
CUST-102691,Female,0,No,No,22,Yes,Yes,Fiber optic,No,No,Yes,Yes,Yes,Yes,Two year,No,Bank transfer (automatic),109.27,2521.88,Yes
CUST-102692,Female,0,Yes,No,14,Yes,No,DSL,No,No,No,Yes,Yes,Yes,Month-to-month,Yes,Electronic check,87.85,1283.89,No
CUST-102693,Male,0,Yes,No,22,No,No phone service,DSL,No,Yes,No,No,No,No,Month-to-month,No,Mailed check,52.15,1168.94,No
CUST-102694,Female,0,Yes,No,14,Yes,No,No,No internet service,No internet service,No internet service,No internet service,No internet service,No internet service,Month-to-month,No,Bank transfer (automatic),45.36,624.27,No
CUST-102695,Male,0,No,No,58,Yes,No,Fiber optic,Yes,Yes,Yes,No,No,No,Month-to-month,Yes,Mailed check,105.97,6309.49,Yes
CUST-102696,Male,0,No,No,72,No,No phone service,No,No internet service,No internet service,No internet service,No internet service,No internet service,No internet service,Two year,Yes,Credit card (automatic),19.82,1471.15,No
CUST-102697,Male,0,No,Yes,70,Yes,No,DSL,No,Yes,No,Yes,Yes,Yes,Two year,No,Bank transfer (automatic),90.36,6103.44,Yes
CUST-102698,Male,0,Yes,No,26,Yes,No,DSL,No,No,No,No,No,No,Month-to-month,No,Bank transfer (automatic),65.32,1719.44,No
CUST-102699,Male,1,Yes,No,68,Yes,Yes,DSL,Yes,No,Yes,Yes,No,No,Month-to-month,Yes,Mailed check,84.18,6009.28,No
CUST-102700,Female,0,No,Yes,5,Yes,Yes,Fiber optic,No,No,No,No,No,Yes,Month-to-month,No,Mailed check,99.15,487.6,Yes
CUST-102701,Female,0,Yes,Yes,8,Yes,No,Fiber optic,No,Yes,Yes,Yes,No,No,One year,Yes,Electronic check,106.88,815.32,Yes
CUST-102702,Male,0,No,No,23,Yes,Yes,Fiber optic,No,Yes,Yes,No,No,Yes,Month-to-month,Yes,Electronic check,110.48,2627.67,Yes
CUST-102703,Female,0,Yes,No,21,Yes,No,DSL,No,Yes,Yes,No,Yes,No,Month-to-month,No,Credit card (automatic),79.61,1690.52,No
CUST-102704,Male,0,Yes,No,66,Yes,No,DSL,No,No,No,No,No,Yes,Month-to-month,No,Credit card (automatic),65.51,4469.25,No
CUST-102705,Male,0,Yes,No,55,Yes,No,DSL,No,No,No,No,Yes,Yes,Two year,Yes,Credit card (automatic),71.44,3756.3,No
CUST-102706,Female,0,Yes,No,54,Yes,No,DSL,No,Yes,No,No,Yes,Yes,Month-to-month,Yes,Mailed check,78.05,4190.37,No
CUST-102707,Male,0,No,No,58,Yes,Yes,No,No internet service,No internet service,No internet service,No internet service,No internet service,No internet service,One year,Yes,Credit card (automatic),34.62,1928.59,Yes
CUST-102708,Female,0,No,Yes,52,Yes,No,DSL,No,No,Yes,No,No,Yes,Two year,No,Bank transfer (automatic),75.48,3962.83,No
CUST-102709,Female,1,No,No,36,Yes,No,DSL,Yes,Yes,No,No,No,No,Month-to-month,No,Mailed check,78.08,2744.34,No
CUST-102710,Male,0,No,No,4,Yes,Yes,No,No internet service,No internet service,No internet service,No internet service,No internet service,No internet service,Month-to-month,No,Credit card (automatic),40.58,170.25,No
CUST-102711,Male,0,Yes,No,1,Yes,No,No,No internet service,No internet service,No internet service,No internet service,No internet service,No internet service,Month-to-month,Yes,Credit card (automatic),35.34,34.98,No
CUST-102712,Female,0,No,Yes,71,Yes,No,Fiber optic,Yes,Yes,No,Yes,Yes,No,One year,Yes,Mailed check,114.08,8408.75,Yes
CUST-102713,Female,0,Yes,No,36,Yes,No,DSL,No,Yes,No,No,No,No,Month-to-month,Yes,Bank transfer (automatic),72.51,2694.17,No
CUST-102714,Female,0,No,No,69,Yes,No,Fiber optic,No,Yes,Yes,No,Yes,Yes,Month-to-month,Yes,Bank transfer (automatic),104.81,6966.99,Yes
CUST-102715,Male,0,Yes,No,2,Yes,No,DSL,No,Yes,No,No,No,No,Month-to-month,Yes,Bank transfer (automatic),71.91,148.4,Yes
CUST-102716,Male,0,No,No,46,Yes,Yes,DSL,No,No,Yes,No,Yes,No,One year,Yes,Mailed check,79.79,3799.53,Yes
CUST-102717,Female,0,No,No,20,Yes,No,Fiber optic,No,No,No,Yes,No,No,One year,No,Electronic check,99.03,1897.44,No
CUST-102718,Female,0,No,No,26,Yes,No,No,No internet service,No internet service,No internet service,No internet service,No internet service,No internet service,Month-to-month,No,Credit card (automatic),37.49,982.76,No
CUST-102719,Male,0,No,No,47,Yes,No,DSL,Yes,No,No,No,Yes,No,Two year,No,Electronic check,72.55,3497.64,No
CUST-102720,Female,0,No,Yes,36,Yes,No,Fiber optic,Yes,Yes,Yes,No,Yes,No,Month-to-month,Yes,Electronic check,116.72,4171.89,No
CUST-102721,Female,0,No,No,9,Yes,Yes,Fiber optic,Yes,No,No,No,Yes,No,Month-to-month,No,Mailed check,98.3,862.0,No
CUST-102722,Male,0,No,No,72,Yes,Yes,Fiber optic,No,No,Yes,No,Yes,No,Month-to-month,Yes,Mailed check,99.67,6955.39,Yes
CUST-102723,Male,0,Yes,No,52,Yes,No,DSL,No,No,No,Yes,No,No,One year,Yes,Electronic check,67.03,3504.28,No
CUST-102724,Female,0,No,No,26,Yes,No,No,No internet service,No internet service,No internet service,No internet service,No internet service,No internet service,One year,No,Electronic check,34.95,869.92,Yes
CUST-102725,Female,0,Yes,No,45,Yes,Yes,DSL,No,No,Yes,Yes,Yes,No,Month-to-month,No,Credit card (automatic),83.8,3716.36,No
CUST-102726,Male,0,No,No,11,Yes,No,DSL,Yes,No,No,No,Yes,Yes,Month-to-month,Yes,Mailed check,79.94,885.04,Yes
CUST-102727,Male,0,No,No,31,No,No phone service,DSL,No,No,Yes,No,No,No,Month-to-month,No,Credit card (automatic),50.91,1571.38,No
CUST-102728,Female,0,Yes,Yes,31,Yes,No,Fiber optic,Yes,No,Yes,No,No,No,Month-to-month,Yes,Credit card (automatic),109.76,3523.01,Yes
CUST-102729,Male,0,No,No,27,Yes,No,No,No internet service,No internet service,No internet service,No internet service,No internet service,No internet service,Month-to-month,No,Mailed check,36.69,1025.23,No
CUST-102730,Female,1,Yes,Yes,35,No,No phone service,DSL,No,Yes,No,No,Yes,Yes,Month-to-month,No,Mailed check,58.75,2080.57,No
CUST-102731,Female,0,No,No,66,No,No phone service,DSL,No,No,No,Yes,Yes,No,Month-to-month,No,Electronic check,55.56,3610.84,Yes
CUST-102732,Female,0,No,No,0,Yes,No,No,No internet service,No internet service,No internet service,No internet service,No internet service,No internet service,Month-to-month,Yes,Credit card (automatic),39.76,0.0,Yes
CUST-102733,Male,0,No,No,40,Yes,Yes,Fiber optic,Yes,No,No,No,Yes,No,Month-to-month,Yes,Bank transfer (automatic),96.51,3771.28,Yes
CUST-102734,Male,0,No,Yes,68,Yes,Yes,No,No internet service,No internet service,No internet service,No internet service,No internet service,No internet service,Month-to-month,Yes,Credit card (automatic),31.8,2188.78,No
CUST-102735,Male,0,Yes,No,64,Yes,No,Fiber optic,No,Yes,Yes,No,Yes,No,One year,No,Credit card (automatic),106.2,7001.7,Yes
CUST-102736,Female,0,Yes,No,65,Yes,Yes,Fiber optic,Yes,No,Yes,Yes,No,Yes,Month-to-month,No,Electronic check,106.52,6933.5,No
CUST-102737,Male,0,No,No,30,Yes,No,Fiber optic,No,Yes,No,No,No,Yes,One year,No,Credit card (automatic),95.29,2912.89,Yes
CUST-102738,Male,0,Yes,No,41,Yes,No,DSL,No,Yes,No,No,No,No,Month-to-month,No,Credit card (automatic),71.45,2971.4,No
CUST-102739,Male,0,Yes,No,43,Yes,No,Fiber optic,No,No,Yes,No,No,Yes,Month-to-month,No,Mailed check,112.74,4615.32,Yes
CUST-102740,Male,0,Yes,No,61,Yes,No,Fiber optic,Yes,Yes,No,Yes,No,No,Month-to-month,No,Credit card (automatic),105.49,6122.57,No
CUST-102741,Male,0,Yes,Yes,69,Yes,Yes,Fiber optic,No,No,No,No,No,No,Month-to-month,Yes,Bank transfer (automatic),91.32,6379.05,Yes
CUST-102742,Female,0,No,Yes,18,Yes,No,Fiber optic,No,No,Yes,No,No,Yes,One year,Yes,Mailed check,101.61,1850.92,No
CUST-102743,Female,0,Yes,No,9,Yes,No,DSL,Yes,Yes,No,No,Yes,Yes,Month-to-month,Yes,Electronic check,88.67,832.18,Yes
CUST-102744,Male,0,Yes,No,19,Yes,Yes,Fiber optic,No,No,No,No,No,Yes,Month-to-month,Yes,Bank transfer (automatic),99.77,1836.64,Yes
CUST-102745,Male,0,No,Yes,19,Yes,No,Fiber optic,No,No,Yes,Yes,Yes,No,Month-to-month,No,Bank transfer (automatic),103.69,2062.12,No
CUST-102746,Male,1,No,Yes,21,Yes,No,No,No internet service,No internet service,No internet service,No internet service,No internet service,No internet service,Month-to-month,No,Electronic check,36.97,779.88,No
CUST-102747,Female,1,Yes,No,66,Yes,Yes,DSL,Yes,Yes,No,No,No,Yes,Two year,No,Mailed check,83.97,5593.28,No
CUST-102748,Male,0,No,Yes,15,Yes,No,Fiber optic,Yes,Yes,No,Yes,No,Yes,Two year,No,Electronic check,117.58,1792.3,No
CUST-102749,Female,0,Yes,No,30,Yes,No,Fiber optic,Yes,No,No,Yes,No,No,Month-to-month,No,Mailed check,99.98,3093.04,Yes
CUST-102750,Male,0,No,No,26,Yes,No,DSL,Yes,No,No,No,Yes,Yes,Month-to-month,No,Bank transfer (automatic),87.67,2186.29,No
CUST-102751,Male,0,Yes,No,19,Yes,No,Fiber optic,No,No,Yes,No,Yes,No,Month-to-month,No,Credit card (automatic),107.8,2094.15,No
CUST-102752,Female,0,Yes,No,14,Yes,Yes,Fiber optic,No,Yes,No,No,No,Yes,Month-to-month,Yes,Electronic check,108.22,1557.76,Yes
CUST-102753,Female,0,Yes,Yes,72,Yes,No,Fiber optic,No,No,Yes,No,No,No,Month-to-month,No,Electronic check,89.23,6378.53,Yes
CUST-102754,Female,1,No,Yes,45,Yes,No,DSL,No,No,Yes,No,No,No,Month-to-month,Yes,Electronic check,74.67,3433.19,No
CUST-102755,Female,1,Yes,Yes,7,Yes,Yes,No,No internet service,No internet service,No internet service,No internet service,No internet service,No internet service,Month-to-month,No,Credit card (automatic),41.26,279.48,No
CUST-102756,Female,0,Yes,No,47,Yes,No,DSL,Yes,No,Yes,No,Yes,No,Month-to-month,Yes,Mailed check,78.72,3519.84,No
CUST-102757,Female,0,No,No,44,Yes,Yes,Fiber optic,No,No,No,No,No,No,Month-to-month,Yes,Electronic check,94.06,4281.47,No
CUST-102758,Male,0,Yes,Yes,26,Yes,Yes,Fiber optic,No,No,No,No,No,No,One year,Yes,Electronic check,82.09,2236.72,No
CUST-102759,Male,0,No,No,57,No,No phone service,DSL,Yes,No,Yes,No,No,Yes,Two year,No,Electronic check,58.7,3502.49,No
CUST-102760,Male,1,Yes,No,58,Yes,No,DSL,No,Yes,No,No,No,Yes,Month-to-month,No,Bank transfer (automatic),76.59,4378.72,No
CUST-102761,Male,0,Yes,Yes,57,Yes,No,DSL,No,Yes,No,Yes,Yes,No,One year,Yes,Mailed check,77.53,4490.9,No
CUST-102762,Male,0,Yes,Yes,46,Yes,No,Fiber optic,No,Yes,Yes,No,Yes,No,Month-to-month,Yes,Bank transfer (automatic),113.83,5108.93,No
CUST-102763,Male,0,Yes,No,32,Yes,No,Fiber optic,No,No,No,No,Yes,No,Month-to-month,No,Electronic check,92.5,2858.75,No
CUST-102764,Male,0,Yes,No,15,Yes,No,No,No internet service,No internet service,No internet service,No internet service,No internet service,No internet service,One year,Yes,Mailed check,40.21,614.99,No
CUST-102765,Female,0,No,No,3,Yes,Yes,DSL,No,No,No,No,No,Yes,Month-to-month,No,Bank transfer (automatic),71.04,207.41,Yes
CUST-102766,Male,0,No,Yes,67,Yes,No,No,No internet service,No internet service,No internet service,No internet service,No internet service,No internet service,Two year,No,Electronic check,39.78,2599.37,No
CUST-102767,Female,0,Yes,No,61,Yes,Yes,No,No internet service,No internet service,No internet service,No internet service,No internet service,No internet service,Two year,No,Electronic check,37.63,2383.27,No
CUST-102768,Male,0,Yes,Yes,14,Yes,No,DSL,Yes,No,No,No,No,No,Month-to-month,Yes,Electronic check,61.56,894.33,No
CUST-102769,Female,0,No,No,58,Yes,No,Fiber optic,No,No,No,No,Yes,No,Month-to-month,No,Bank transfer (automatic),87.23,5103.46,Yes
CUST-102770,Female,0,Yes,No,3,Yes,Yes,No,No internet service,No internet service,No internet service,No internet service,No internet service,No internet service,Month-to-month,No,Bank transfer (automatic),38.24,119.05,No
CUST-102771,Male,0,No,No,17,Yes,No,DSL,No,No,Yes,Yes,Yes,No,Two year,Yes,Mailed check,88.19,1431.73,No
CUST-102772,Male,0,No,Yes,10,Yes,No,Fiber optic,No,No,No,No,No,No,Month-to-month,No,Mailed check,89.74,873.84,No
CUST-102773,Female,0,Yes,Yes,24,Yes,No,Fiber optic,No,No,No,Yes,Yes,Yes,One year,Yes,Electronic check,105.18,2414.36,No
CUST-102774,Female,0,No,No,23,Yes,Yes,Fiber optic,No,No,No,No,No,Yes,Month-to-month,No,Credit card (automatic),95.36,2154.2,No
CUST-102775,Male,0,No,Yes,37,Yes,No,No,No internet service,No internet service,No internet service,No internet service,No internet service,No internet service,One year,Yes,Bank transfer (automatic),40.29,1563.51,No
CUST-102776,Female,0,No,No,33,Yes,No,Fiber optic,No,No,Yes,No,Yes,No,Month-to-month,Yes,Electronic check,92.23,3147.63,No
CUST-102777,Female,0,No,Yes,8,Yes,Yes,DSL,No,No,Yes,No,No,No,Two year,Yes,Credit card (automatic),74.02,564.72,No
CUST-102778,Male,0,Yes,Yes,10,Yes,No,Fiber optic,No,No,Yes,No,Yes,Yes,One year,No,Mailed check,101.07,961.79,Yes
CUST-102779,Male,0,No,No,59,Yes,Yes,DSL,No,No,No,No,Yes,No,Month-to-month,Yes,Mailed check,67.96,4055.71,No
CUST-102780,Male,0,Yes,Yes,40,Yes,No,Fiber optic,Yes,No,No,No,Yes,Yes,Month-to-month,Yes,Mailed check,102.3,4088.05,No
CUST-102781,Female,0,Yes,No,67,Yes,No,Fiber optic,Yes,No,No,No,Yes,No,Month-to-month,Yes,Credit card (automatic),102.56,6978.77,Yes
CUST-102782,Female,0,No,No,9,No,No phone service,Fiber optic,Yes,No,No,No,Yes,Yes,Month-to-month,No,Electronic check,88.71,779.81,Yes
CUST-102783,Female,0,Yes,Yes,22,Yes,Yes,No,No internet service,No internet service,No internet service,No internet service,No internet service,No internet service,Two year,Yes,Electronic check,38.81,885.26,No
CUST-102784,Female,0,No,No,11,Yes,Yes,Fiber optic,No,Yes,Yes,Yes,No,No,Month-to-month,No,Credit card (automatic),110.76,1216.12,Yes
CUST-102785,Male,0,No,No,67,Yes,No,Fiber optic,Yes,No,No,No,Yes,No,Two year,No,Credit card (automatic),105.32,6904.94,Yes
CUST-102786,Male,0,No,No,11,Yes,No,No,No internet service,No internet service,No internet service,No internet service,No internet service,No internet service,Month-to-month,No,Credit card (automatic),36.92,414.2,No
CUST-102787,Male,1,No,No,58,Yes,Yes,DSL,No,Yes,Yes,Yes,No,Yes,Two year,No,Electronic check,89.84,5401.18,No
CUST-102788,Male,0,No,No,14,Yes,No,Fiber optic,No,Yes,No,Yes,Yes,Yes,Two year,No,Bank transfer (automatic),113.2,1562.38,No
CUST-102789,Female,1,No,No,53,Yes,No,Fiber optic,Yes,No,No,No,Yes,Yes,One year,Yes,Mailed check,98.66,5079.35,No
CUST-102790,Female,0,No,No,33,Yes,Yes,Fiber optic,No,Yes,No,No,No,No,Two year,Yes,Electronic check,96.55,3037.48,No
CUST-102791,Male,1,No,No,70,Yes,No,No,No internet service,No internet service,No internet service,No internet service,No internet service,No internet service,Month-to-month,Yes,Electronic check,43.19,2965.89,No
CUST-102792,Female,1,No,No,5,Yes,Yes,No,No internet service,No internet service,No internet service,No internet service,No internet service,No internet service,One year,Yes,Credit card (automatic),46.43,241.17,Yes
CUST-102793,Female,1,Yes,Yes,23,Yes,No,Fiber optic,Yes,No,Yes,No,Yes,No,Month-to-month,Yes,Electronic check,105.16,2501.43,No
CUST-102794,Male,0,Yes,Yes,52,Yes,No,No,No internet service,No internet service,No internet service,No internet service,No internet service,No internet service,Month-to-month,No,Electronic check,44.24,2333.49,No
CUST-102795,Female,0,Yes,Yes,66,Yes,No,DSL,No,No,Yes,No,Yes,Yes,One year,No,Electronic check,85.65,5624.24,No
CUST-102796,Female,0,Yes,Yes,39,Yes,No,Fiber optic,No,No,No,No,Yes,No,Two year,No,Bank transfer (automatic),102.85,3978.34,No
CUST-102797,Female,0,Yes,No,7,Yes,Yes,No,No internet service,No internet service,No internet service,No internet service,No internet service,No internet service,Two year,Yes,Bank transfer (automatic),39.77,273.83,No
CUST-102798,Female,0,No,No,45,Yes,No,Fiber optic,No,No,No,No,Yes,No,One year,No,Electronic check,96.28,4439.52,No
CUST-102799,Male,1,No,Yes,34,Yes,No,Fiber optic,Yes,Yes,No,Yes,No,No,Two year,No,Bank transfer (automatic),106.37,3518.57,No
CUST-102800,Female,0,No,No,56,Yes,Yes,No,No internet service,No internet service,No internet service,No internet service,No internet service,No internet service,Two year,No,Electronic check,44.29,2537.66,No
CUST-102801,Male,0,No,No,40,No,No phone service,DSL,Yes,No,No,No,No,No,One year,Yes,Mailed check,53.13,2081.71,No
CUST-102802,Female,0,No,No,65,Yes,Yes,Fiber optic,No,No,Yes,No,No,Yes,Month-to-month,No,Electronic check,114.32,7061.11,No
CUST-102803,Male,0,No,No,8,Yes,No,Fiber optic,Yes,No,Yes,No,No,No,Month-to-month,Yes,Mailed check,95.02,731.13,Yes
CUST-102804,Male,0,No,No,45,Yes,No,Fiber optic,No,No,No,Yes,No,No,Month-to-month,Yes,Credit card (automatic),84.21,3746.56,Yes
CUST-102805,Female,0,Yes,No,53,Yes,Yes,No,No internet service,No internet service,No internet service,No internet service,No internet service,No internet service,One year,No,Bank transfer (automatic),42.01,2184.34,No
CUST-102806,Male,0,No,Yes,29,Yes,No,Fiber optic,No,No,No,No,No,No,One year,Yes,Electronic check,93.05,2731.97,No
CUST-102807,Male,1,Yes,Yes,34,Yes,Yes,DSL,Yes,No,Yes,No,Yes,Yes,Two year,Yes,Credit card (automatic),85.44,2808.55,No
CUST-102808,Female,0,Yes,No,50,Yes,Yes,No,No internet service,No internet service,No internet service,No internet service,No internet service,No internet service,Two year,No,Bank transfer (automatic),34.29,1669.84,No
CUST-102809,Male,0,Yes,Yes,33,Yes,Yes,DSL,No,Yes,Yes,Yes,No,No,One year,Yes,Mailed check,92.22,3052.21,No
CUST-102810,Female,0,No,Yes,28,Yes,No,Fiber optic,No,No,Yes,No,No,No,Two year,Yes,Credit card (automatic),94.52,2731.53,Yes
CUST-102811,Male,1,No,Yes,42,Yes,No,No,No internet service,No internet service,No internet service,No internet service,No internet service,No internet service,One year,No,Bank transfer (automatic),39.94,1701.25,No
CUST-102812,Male,1,Yes,No,58,Yes,No,No,No internet service,No internet service,No internet service,No internet service,No internet service,No internet service,One year,No,Bank transfer (automatic),42.98,2558.76,No
CUST-102813,Female,0,No,No,9,Yes,No,Fiber optic,No,No,No,No,No,No,Month-to-month,No,Electronic check,89.43,804.86,Yes
CUST-102814,Male,0,Yes,No,63,No,No phone service,No,No internet service,No internet service,No internet service,No internet service,No internet service,No internet service,Two year,No,Electronic check,18.95,1165.82,No
CUST-102815,Male,0,Yes,No,14,Yes,No,Fiber optic,Yes,No,No,No,No,No,Two year,Yes,Credit card (automatic),94.29,1327.62,No
CUST-102816,Female,0,Yes,No,7,Yes,Yes,DSL,No,No,No,No,No,Yes,One year,Yes,Bank transfer (automatic),74.69,512.2,No
CUST-102817,Female,0,Yes,No,13,Yes,No,Fiber optic,No,No,Yes,No,No,No,Month-to-month,Yes,Credit card (automatic),89.21,1213.96,Yes
CUST-102818,Male,0,No,No,5,Yes,No,Fiber optic,No,Yes,No,No,No,No,Month-to-month,Yes,Bank transfer (automatic),88.48,433.35,Yes
CUST-102819,Female,0,Yes,Yes,69,Yes,Yes,No,No internet service,No internet service,No internet service,No internet service,No internet service,No internet service,Two year,Yes,Credit card (automatic),40.64,2849.06,No
CUST-102820,Female,0,Yes,Yes,21,Yes,Yes,Fiber optic,No,No,No,Yes,No,No,Two year,No,Mailed check,92.48,1918.57,Yes
CUST-102821,Female,0,Yes,No,56,Yes,Yes,DSL,No,No,Yes,Yes,No,No,Two year,Yes,Mailed check,72.63,4099.86,No
CUST-102822,Male,1,No,No,13,Yes,Yes,DSL,Yes,No,No,Yes,No,No,One year,Yes,Electronic check,85.7,1064.42,No
CUST-102823,Female,0,No,No,38,Yes,No,Fiber optic,No,Yes,No,No,No,No,One year,No,Electronic check,100.03,3647.33,Yes
CUST-102824,Female,0,No,No,31,Yes,Yes,No,No internet service,No internet service,No internet service,No internet service,No internet service,No internet service,Month-to-month,No,Mailed check,36.36,1096.46,No
CUST-102825,Female,0,No,No,48,Yes,No,Fiber optic,No,Yes,No,No,No,Yes,One year,No,Mailed check,102.49,4711.47,Yes
CUST-102826,Male,1,No,Yes,72,Yes,No,DSL,Yes,No,Yes,Yes,Yes,No,Month-to-month,Yes,Electronic check,98.56,7146.96,No
CUST-102827,Female,0,Yes,No,47,Yes,Yes,DSL,Yes,No,Yes,No,No,No,Two year,Yes,Bank transfer (automatic),78.83,3757.82,Yes
CUST-102828,Female,0,Yes,No,51,Yes,Yes,Fiber optic,No,No,No,Yes,No,Yes,Month-to-month,Yes,Mailed check,102.2,5095.97,No
CUST-102829,Male,0,No,No,19,Yes,No,Fiber optic,No,No,No,No,No,No,Two year,Yes,Mailed check,95.17,1790.14,No
CUST-102830,Female,0,Yes,Yes,8,Yes,No,No,No internet service,No internet service,No internet service,No internet service,No internet service,No internet service,Month-to-month,Yes,Mailed check,43.08,337.09,No
CUST-102831,Female,1,Yes,Yes,6,Yes,Yes,No,No internet service,No internet service,No internet service,No internet service,No internet service,No internet service,Month-to-month,No,Electronic check,40.23,252.0,Yes
CUST-102832,Male,0,Yes,No,21,Yes,No,Fiber optic,Yes,Yes,Yes,No,No,No,One year,Yes,Bank transfer (automatic),109.79,2374.71,No
CUST-102833,Female,0,Yes,Yes,40,Yes,Yes,Fiber optic,No,No,Yes,No,No,No,One year,Yes,Mailed check,95.92,3646.5,Yes
CUST-102834,Male,0,No,Yes,4,Yes,No,DSL,Yes,Yes,No,Yes,No,No,One year,Yes,Mailed check,85.0,340.94,No
CUST-102835,Female,0,Yes,No,19,No,No phone service,Fiber optic,No,No,Yes,Yes,Yes,Yes,One year,No,Mailed check,87.02,1642.92,Yes
CUST-102836,Female,0,Yes,No,46,No,No phone service,Fiber optic,No,No,Yes,No,No,No,One year,Yes,Electronic check,75.09,3472.43,No
CUST-102837,Female,0,No,Yes,63,Yes,No,DSL,No,No,No,No,No,No,Month-to-month,Yes,Bank transfer (automatic),62.62,4001.02,Yes
CUST-102838,Male,0,No,No,72,Yes,No,DSL,No,No,No,No,Yes,Yes,Two year,No,Credit card (automatic),88.8,6191.02,No
CUST-102839,Female,0,Yes,Yes,17,Yes,Yes,No,No internet service,No internet service,No internet service,No internet service,No internet service,No internet service,Two year,Yes,Electronic check,47.16,761.89,No
CUST-102840,Male,1,Yes,No,7,Yes,No,Fiber optic,No,No,No,No,Yes,Yes,One year,No,Electronic check,95.51,677.41,No
CUST-102841,Female,1,Yes,No,41,Yes,Yes,Fiber optic,No,No,Yes,No,No,No,Month-to-month,Yes,Credit card (automatic),97.84,3956.35,Yes
CUST-102842,Female,1,Yes,No,68,No,No phone service,Fiber optic,No,Yes,No,No,No,No,One year,No,Bank transfer (automatic),75.79,4974.64,No
CUST-102843,Male,0,Yes,Yes,30,Yes,No,Fiber optic,No,Yes,Yes,Yes,No,No,Month-to-month,Yes,Electronic check,104.3,3107.23,No
CUST-102844,Male,0,Yes,No,66,Yes,No,DSL,No,Yes,Yes,No,No,Yes,Two year,Yes,Bank transfer (automatic),83.15,5368.24,No
CUST-102845,Male,0,No,No,54,No,No phone service,No,No internet service,No internet service,No internet service,No internet service,No internet service,No internet service,Month-to-month,Yes,Credit card (automatic),24.39,1276.18,No
CUST-102846,Female,1,No,No,65,No,No phone service,DSL,Yes,Yes,Yes,No,Yes,Yes,Month-to-month,No,Electronic check,78.55,5356.3,Yes
CUST-102847,Male,0,No,No,69,Yes,Yes,DSL,No,No,No,No,No,Yes,Month-to-month,Yes,Bank transfer (automatic),73.65,4905.48,No
CUST-102848,Male,0,No,Yes,7,No,No phone service,Fiber optic,Yes,No,Yes,Yes,Yes,Yes,One year,No,Credit card (automatic),89.02,626.17,No
CUST-102849,Male,0,No,Yes,30,Yes,Yes,Fiber optic,No,No,No,No,No,No,One year,Yes,Electronic check,92.27,2853.99,No
CUST-102850,Male,0,No,No,3,Yes,No,Fiber optic,No,Yes,No,No,No,Yes,One year,No,Credit card (automatic),104.88,316.7,Yes
CUST-102851,Male,1,No,No,3,Yes,No,No,No internet service,No internet service,No internet service,No internet service,No internet service,No internet service,Month-to-month,Yes,Credit card (automatic),33.6,105.6,No
CUST-102852,Male,0,No,No,34,Yes,No,DSL,No,No,No,No,Yes,Yes,Two year,Yes,Bank transfer (automatic),73.75,2399.67,No
CUST-102853,Male,0,No,Yes,48,Yes,No,DSL,No,No,No,No,No,Yes,Month-to-month,No,Mailed check,76.58,3634.03,Yes
CUST-102854,Female,0,No,Yes,64,Yes,No,DSL,No,No,No,Yes,No,Yes,Month-to-month,Yes,Bank transfer (automatic),86.7,5328.61,No
CUST-102855,Male,0,No,Yes,9,Yes,No,DSL,No,Yes,No,Yes,Yes,No,One year,No,Bank transfer (automatic),90.07,788.62,No
CUST-102856,Female,0,Yes,Yes,2,Yes,No,No,No internet service,No internet service,No internet service,No internet service,No internet service,No internet service,Month-to-month,No,Electronic check,39.14,81.44,No
CUST-102857,Female,1,Yes,No,7,Yes,No,Fiber optic,No,No,Yes,No,Yes,No,One year,Yes,Electronic check,110.66,784.83,Yes
CUST-102858,Female,0,Yes,Yes,67,Yes,Yes,DSL,No,No,No,No,No,Yes,Month-to-month,No,Electronic check,78.72,5231.54,Yes
CUST-102859,Male,0,Yes,No,48,Yes,No,Fiber optic,No,Yes,No,Yes,Yes,Yes,One year,Yes,Mailed check,116.15,5564.53,No
CUST-102860,Male,0,Yes,Yes,35,Yes,No,Fiber optic,Yes,No,No,No,No,Yes,Month-to-month,No,Bank transfer (automatic),99.27,3568.71,No
CUST-102861,Female,0,Yes,No,7,Yes,Yes,No,No internet service,No internet service,No internet service,No internet service,No internet service,No internet service,Month-to-month,No,Credit card (automatic),35.85,241.59,No
CUST-102862,Female,0,Yes,No,27,Yes,Yes,Fiber optic,No,Yes,No,No,Yes,No,Month-to-month,Yes,Mailed check,104.9,2770.95,No
CUST-102863,Female,0,No,Yes,9,No,No phone service,Fiber optic,No,No,Yes,Yes,Yes,Yes,One year,Yes,Bank transfer (automatic),100.91,951.37,Yes
CUST-102864,Male,1,Yes,Yes,2,No,No phone service,DSL,No,Yes,No,Yes,No,No,Month-to-month,No,Bank transfer (automatic),59.91,119.72,Yes
CUST-102865,Male,0,Yes,No,32,Yes,No,No,No internet service,No internet service,No internet service,No internet service,No internet service,No internet service,Month-to-month,Yes,Mailed check,40.15,1312.77,Yes
CUST-102866,Male,0,Yes,Yes,36,Yes,No,No,No internet service,No internet service,No internet service,No internet service,No internet service,No internet service,Month-to-month,Yes,Bank transfer (automatic),45.51,1655.7,No
CUST-102867,Male,0,Yes,Yes,33,Yes,No,Fiber optic,No,No,No,No,Yes,Yes,Month-to-month,No,Electronic check,97.19,3110.0,Yes
CUST-102868,Female,0,No,No,63,Yes,Yes,Fiber optic,Yes,No,No,Yes,Yes,Yes,Month-to-month,Yes,Electronic check,116.02,7172.49,Yes
CUST-102869,Male,0,No,No,66,Yes,No,Fiber optic,No,No,Yes,Yes,No,No,One year,Yes,Mailed check,108.42,7461.33,Yes
CUST-102870,Male,1,Yes,No,8,Yes,No,Fiber optic,No,No,No,No,No,No,Month-to-month,No,Credit card (automatic),94.57,766.36,No
CUST-102871,Female,0,No,Yes,20,Yes,No,Fiber optic,No,No,Yes,No,No,No,Month-to-month,No,Credit card (automatic),94.68,1903.63,No
CUST-102872,Female,1,Yes,Yes,36,Yes,No,Fiber optic,Yes,No,No,No,No,Yes,One year,No,Bank transfer (automatic),98.19,3389.95,No
CUST-102873,Male,0,No,No,29,Yes,No,No,No internet service,No internet service,No internet service,No internet service,No internet service,No internet service,Month-to-month,Yes,Bank transfer (automatic),41.45,1165.94,No
CUST-102874,Male,0,No,No,31,Yes,No,Fiber optic,No,Yes,Yes,No,No,No,One year,No,Bank transfer (automatic),101.99,3067.81,Yes
CUST-102875,Female,0,No,Yes,51,Yes,Yes,DSL,No,No,Yes,No,No,No,One year,Yes,Mailed check,78.48,3849.71,No
CUST-102876,Female,0,Yes,No,13,Yes,Yes,Fiber optic,Yes,No,No,No,Yes,No,One year,Yes,Electronic check,95.44,1260.26,No
CUST-102877,Female,1,No,No,60,Yes,Yes,Fiber optic,No,No,No,No,No,No,Month-to-month,Yes,Electronic check,90.87,5633.1,Yes
CUST-102878,Female,0,No,No,19,Yes,No,DSL,Yes,No,No,No,Yes,Yes,Month-to-month,No,Electronic check,90.14,1767.35,No
CUST-102879,Female,0,No,No,25,Yes,Yes,Fiber optic,No,No,No,No,No,Yes,Month-to-month,Yes,Credit card (automatic),92.87,2318.94,No
CUST-102880,Male,0,Yes,No,16,Yes,No,DSL,No,No,No,No,No,Yes,Month-to-month,Yes,Bank transfer (automatic),73.98,1241.32,Yes
CUST-102881,Male,1,Yes,No,46,Yes,No,Fiber optic,Yes,Yes,No,No,Yes,Yes,Two year,Yes,Bank transfer (automatic),114.07,5428.95,No
CUST-102882,Female,0,Yes,Yes,50,Yes,No,DSL,No,No,No,No,Yes,No,Month-to-month,No,Credit card (automatic),59.76,2904.32,No
CUST-102883,Male,0,Yes,No,45,Yes,No,Fiber optic,No,No,Yes,Yes,Yes,No,Month-to-month,Yes,Bank transfer (automatic),107.93,4851.56,Yes
CUST-102884,Male,0,No,No,36,Yes,Yes,No,No internet service,No internet service,No internet service,No internet service,No internet service,No internet service,One year,No,Bank transfer (automatic),34.58,1280.45,No
CUST-102885,Male,1,Yes,No,22,Yes,No,DSL,No,No,No,No,No,No,One year,Yes,Credit card (automatic),66.74,1434.19,No
CUST-102886,Female,0,Yes,No,50,Yes,Yes,DSL,No,No,No,No,No,Yes,Two year,Yes,Electronic check,65.11,3126.07,No
CUST-102887,Male,0,No,Yes,8,Yes,Yes,Fiber optic,No,No,No,Yes,No,No,Month-to-month,Yes,Electronic check,92.05,734.51,No
CUST-102888,Male,1,No,No,22,Yes,Yes,Fiber optic,Yes,No,No,No,No,No,Two year,No,Mailed check,95.7,2154.63,No
CUST-102889,Male,0,No,No,49,Yes,No,No,No internet service,No internet service,No internet service,No internet service,No internet service,No internet service,One year,No,Electronic check,44.92,2145.43,No
CUST-102890,Male,0,No,No,50,Yes,Yes,Fiber optic,No,No,No,No,No,Yes,One year,Yes,Bank transfer (automatic),95.16,4952.15,No
CUST-102891,Female,0,No,No,19,Yes,Yes,No,No internet service,No internet service,No internet service,No internet service,No internet service,No internet service,Month-to-month,Yes,Credit card (automatic),43.62,859.09,Yes
CUST-102892,Male,0,No,Yes,24,Yes,Yes,DSL,No,No,No,No,No,Yes,Month-to-month,Yes,Credit card (automatic),79.67,1828.98,Yes
CUST-102893,Female,0,Yes,No,23,Yes,Yes,DSL,No,No,No,No,No,No,Month-to-month,Yes,Electronic check,72.39,1726.8,No
CUST-102894,Male,0,Yes,No,64,Yes,Yes,No,No internet service,No internet service,No internet service,No internet service,No internet service,No internet service,One year,No,Electronic check,39.4,2632.82,No
CUST-102895,Female,0,No,No,41,Yes,No,DSL,No,Yes,Yes,No,No,No,Month-to-month,Yes,Credit card (automatic),76.01,3201.92,No
CUST-102896,Female,0,Yes,Yes,8,Yes,No,Fiber optic,No,Yes,No,No,No,Yes,Month-to-month,No,Credit card (automatic),100.26,801.87,Yes
CUST-102897,Female,0,Yes,No,11,Yes,No,Fiber optic,Yes,No,No,No,No,No,Month-to-month,Yes,Electronic check,94.44,1034.88,Yes
CUST-102898,Female,0,No,Yes,5,Yes,No,No,No internet service,No internet service,No internet service,No internet service,No internet service,No internet service,Two year,Yes,Credit card (automatic),40.71,208.86,No
CUST-102899,Male,0,Yes,No,17,Yes,Yes,Fiber optic,No,Yes,Yes,Yes,No,No,Month-to-month,Yes,Credit card (automatic),113.31,1914.42,No
CUST-102900,Female,0,Yes,Yes,16,Yes,No,No,No internet service,No internet service,No internet service,No internet service,No internet service,No internet service,Month-to-month,Yes,Electronic check,42.92,713.48,No
CUST-102901,Female,0,Yes,No,32,Yes,No,Fiber optic,Yes,No,No,No,No,Yes,One year,No,Mailed check,106.38,3381.45,No
CUST-102902,Female,0,Yes,Yes,54,Yes,No,DSL,No,No,No,No,No,No,Two year,Yes,Credit card (automatic),66.51,3498.26,No
CUST-102903,Female,0,No,Yes,64,Yes,Yes,DSL,No,No,Yes,No,No,No,Two year,No,Bank transfer (automatic),71.45,4724.72,No
CUST-102904,Female,0,Yes,No,40,Yes,No,Fiber optic,No,No,No,Yes,No,No,Month-to-month,Yes,Bank transfer (automatic),95.72,3964.69,Yes
CUST-102905,Female,0,No,No,56,Yes,Yes,DSL,Yes,No,No,No,No,Yes,Month-to-month,Yes,Credit card (automatic),77.9,4400.6,No
CUST-102906,Female,1,Yes,No,47,Yes,Yes,DSL,No,No,Yes,Yes,No,No,Month-to-month,Yes,Credit card (automatic),75.16,3610.94,No
CUST-102907,Female,0,No,No,23,Yes,No,Fiber optic,No,No,No,Yes,No,No,Month-to-month,Yes,Electronic check,93.88,2262.88,Yes
CUST-102908,Male,0,Yes,No,44,Yes,Yes,Fiber optic,Yes,Yes,No,No,No,No,Month-to-month,Yes,Mailed check,97.01,4331.93,No
CUST-102909,Male,0,Yes,No,22,Yes,No,Fiber optic,No,Yes,No,No,Yes,No,Month-to-month,Yes,Credit card (automatic),99.03,2143.73,No
CUST-102910,Male,0,No,Yes,22,Yes,No,No,No internet service,No internet service,No internet service,No internet service,No internet service,No internet service,Month-to-month,No,Electronic check,39.75,900.63,No
CUST-102911,Male,0,Yes,Yes,72,Yes,No,DSL,Yes,Yes,No,Yes,No,No,Month-to-month,No,Electronic check,74.22,5581.82,No
CUST-102912,Male,0,No,No,66,Yes,No,No,No internet service,No internet service,No internet service,No internet service,No internet service,No internet service,One year,Yes,Credit card (automatic),39.08,2550.32,No
CUST-102913,Male,1,Yes,No,47,Yes,No,Fiber optic,No,Yes,Yes,No,Yes,No,Month-to-month,No,Bank transfer (automatic),106.43,5121.83,No
CUST-102914,Male,0,Yes,Yes,43,Yes,Yes,No,No internet service,No internet service,No internet service,No internet service,No internet service,No internet service,Two year,Yes,Electronic check,36.31,1547.55,No
CUST-102915,Male,0,Yes,No,50,Yes,No,Fiber optic,No,No,No,Yes,Yes,Yes,Two year,No,Electronic check,105.17,5154.53,No
CUST-102916,Female,0,No,No,54,No,No phone service,DSL,No,No,Yes,Yes,No,Yes,Month-to-month,No,Credit card (automatic),63.79,3381.94,No
CUST-102917,Female,0,Yes,No,4,Yes,Yes,Fiber optic,Yes,No,No,No,Yes,No,Month-to-month,Yes,Electronic check,98.55,384.87,Yes
CUST-102918,Female,1,Yes,Yes,26,Yes,Yes,No,No internet service,No internet service,No internet service,No internet service,No internet service,No internet service,Two year,No,Electronic check,36.08,970.61,No
CUST-102919,Male,0,No,No,7,Yes,No,Fiber optic,Yes,Yes,No,No,Yes,No,Two year,Yes,Credit card (automatic),107.8,781.03,Yes
CUST-102920,Male,0,Yes,No,38,Yes,Yes,No,No internet service,No internet service,No internet service,No internet service,No internet service,No internet service,Month-to-month,Yes,Credit card (automatic),33.69,1285.75,Yes
CUST-102921,Female,0,No,No,21,Yes,No,DSL,Yes,No,Yes,No,No,No,Month-to-month,No,Mailed check,86.63,1778.01,Yes
CUST-102922,Male,0,No,No,24,Yes,No,No,No internet service,No internet service,No internet service,No internet service,No internet service,No internet service,Two year,No,Bank transfer (automatic),35.53,857.73,No
CUST-102923,Female,0,No,Yes,61,Yes,No,No,No internet service,No internet service,No internet service,No internet service,No internet service,No internet service,One year,Yes,Mailed check,44.35,2651.33,No
CUST-102924,Male,0,Yes,No,14,Yes,No,No,No internet service,No internet service,No internet service,No internet service,No internet service,No internet service,One year,Yes,Electronic check,40.84,556.0,No
CUST-102925,Male,0,Yes,No,66,Yes,Yes,Fiber optic,Yes,No,No,Yes,No,No,Month-to-month,Yes,Credit card (automatic),96.06,6132.52,Yes
CUST-102926,Female,0,No,No,30,Yes,No,No,No internet service,No internet service,No internet service,No internet service,No internet service,No internet service,Two year,Yes,Mailed check,41.76,1246.1,No
CUST-102927,Male,0,No,No,13,Yes,No,Fiber optic,No,No,Yes,No,Yes,Yes,One year,Yes,Bank transfer (automatic),101.02,1296.29,No
CUST-102928,Male,0,Yes,No,10,Yes,Yes,Fiber optic,No,No,Yes,Yes,Yes,No,Month-to-month,Yes,Mailed check,104.71,1046.43,Yes
CUST-102929,Female,0,No,Yes,52,Yes,No,No,No internet service,No internet service,No internet service,No internet service,No internet service,No internet service,One year,No,Mailed check,37.14,1998.89,No
CUST-102930,Male,0,No,Yes,65,Yes,No,DSL,Yes,Yes,No,No,Yes,Yes,Month-to-month,No,Electronic check,97.99,6330.99,No
CUST-102931,Female,0,Yes,No,63,Yes,No,No,No internet service,No internet service,No internet service,No internet service,No internet service,No internet service,Month-to-month,No,Mailed check,36.91,2340.47,No
CUST-102932,Male,0,Yes,No,12,Yes,Yes,Fiber optic,No,Yes,No,Yes,Yes,Yes,One year,Yes,Bank transfer (automatic),129.95,1605.2,Yes
CUST-102933,Male,1,No,No,64,Yes,Yes,DSL,No,No,Yes,No,Yes,No,One year,Yes,Credit card (automatic),76.72,5074.44,Yes
CUST-102934,Female,0,No,No,16,Yes,No,Fiber optic,No,No,Yes,No,No,No,Two year,Yes,Credit card (automatic),92.99,1419.27,No
CUST-102935,Male,0,No,No,33,Yes,Yes,Fiber optic,Yes,No,Yes,Yes,No,Yes,One year,No,Electronic check,127.88,4370.37,No
CUST-102936,Female,0,Yes,No,0,Yes,No,DSL,No,No,Yes,No,Yes,Yes,Month-to-month,No,Mailed check,75.53,0.0,Yes
CUST-102937,Female,0,Yes,No,18,No,No phone service,Fiber optic,Yes,Yes,No,Yes,Yes,No,Month-to-month,Yes,Mailed check,99.81,1828.45,No
CUST-102938,Female,1,Yes,No,23,Yes,Yes,Fiber optic,No,Yes,No,No,No,Yes,Month-to-month,No,Bank transfer (automatic),106.84,2386.94,Yes
CUST-102939,Male,0,Yes,Yes,69,Yes,No,Fiber optic,No,No,Yes,Yes,No,Yes,Month-to-month,Yes,Credit card (automatic),106.02,7442.09,No
CUST-102940,Female,0,No,No,20,Yes,No,DSL,Yes,No,No,No,No,No,One year,Yes,Bank transfer (automatic),74.86,1490.06,No
CUST-102941,Female,1,Yes,No,20,Yes,No,DSL,No,No,Yes,Yes,No,No,Month-to-month,Yes,Electronic check,72.42,1514.28,Yes
CUST-102942,Female,0,Yes,No,19,Yes,No,DSL,No,No,Yes,Yes,Yes,No,Month-to-month,Yes,Bank transfer (automatic),75.74,1383.8,No
CUST-102943,Male,0,No,No,18,Yes,Yes,DSL,No,No,No,Yes,Yes,No,Month-to-month,Yes,Electronic check,81.26,1521.12,No
CUST-102944,Female,0,Yes,Yes,39,Yes,Yes,Fiber optic,No,No,No,No,Yes,Yes,Month-to-month,No,Electronic check,100.43,4060.81,No
CUST-102945,Male,0,Yes,No,15,Yes,No,Fiber optic,Yes,Yes,No,Yes,No,No,Month-to-month,Yes,Electronic check,118.0,1698.08,Yes
CUST-102946,Female,0,No,Yes,21,Yes,No,Fiber optic,No,No,Yes,No,Yes,Yes,One year,Yes,Mailed check,118.51,2388.56,No
CUST-102947,Male,0,Yes,Yes,38,No,No phone service,Fiber optic,Yes,No,Yes,Yes,Yes,Yes,Month-to-month,Yes,Mailed check,96.92,3577.84,No
CUST-102948,Female,0,No,No,55,Yes,Yes,DSL,No,No,No,No,No,Yes,Two year,Yes,Mailed check,74.37,3886.4,Yes
CUST-102949,Female,0,Yes,No,7,Yes,Yes,No,No internet service,No internet service,No internet service,No internet service,No internet service,No internet service,Month-to-month,No,Bank transfer (automatic),39.2,267.07,No
CUST-102950,Male,0,Yes,No,25,Yes,No,Fiber optic,Yes,No,No,No,No,Yes,One year,No,Electronic check,98.45,2534.97,No
CUST-102951,Female,0,No,No,41,Yes,No,DSL,No,Yes,No,No,No,Yes,Two year,Yes,Mailed check,82.17,3468.97,No
CUST-102952,Female,0,Yes,Yes,66,Yes,No,Fiber optic,No,Yes,No,Yes,No,No,Two year,No,Electronic check,101.15,6419.29,No
CUST-102953,Male,0,No,No,68,Yes,Yes,Fiber optic,No,Yes,No,No,No,No,Two year,Yes,Mailed check,100.75,7136.77,No
CUST-102954,Male,0,Yes,Yes,63,Yes,No,Fiber optic,No,No,No,Yes,Yes,No,Month-to-month,No,Mailed check,99.57,6564.58,No
CUST-102955,Female,0,No,No,36,Yes,No,Fiber optic,No,No,No,Yes,Yes,No,Month-to-month,Yes,Electronic check,110.36,3848.47,Yes
CUST-102956,Male,0,Yes,No,7,Yes,No,Fiber optic,Yes,No,Yes,Yes,No,No,One year,No,Mailed check,109.83,776.76,No
CUST-102957,Male,0,No,No,70,Yes,Yes,Fiber optic,Yes,Yes,No,No,Yes,No,Month-to-month,No,Bank transfer (automatic),111.27,7492.26,No
CUST-102958,Female,0,No,No,45,No,No phone service,Fiber optic,Yes,Yes,No,Yes,Yes,No,One year,Yes,Electronic check,86.63,3901.12,No
CUST-102959,Male,0,No,No,66,Yes,Yes,Fiber optic,No,Yes,Yes,No,No,Yes,One year,Yes,Bank transfer (automatic),107.52,7119.54,No
CUST-102960,Female,0,Yes,No,67,Yes,No,Fiber optic,Yes,No,No,No,No,No,Month-to-month,Yes,Electronic check,97.86,6342.07,No
CUST-102961,Male,0,No,No,57,No,No phone service,DSL,No,No,No,No,Yes,No,Month-to-month,Yes,Bank transfer (automatic),57.75,3405.82,Yes
CUST-102962,Female,0,No,No,30,Yes,Yes,DSL,No,No,No,No,No,No,One year,Yes,Electronic check,67.49,1981.59,Yes
CUST-102963,Male,0,Yes,No,44,No,No phone service,Fiber optic,No,No,Yes,Yes,No,No,One year,Yes,Credit card (automatic),81.66,3448.65,No
CUST-102964,Female,0,No,Yes,50,Yes,No,Fiber optic,No,No,No,No,No,No,Two year,Yes,Electronic check,93.47,4664.45,No
CUST-102965,Female,1,Yes,No,64,Yes,Yes,Fiber optic,Yes,No,No,Yes,Yes,No,One year,Yes,Credit card (automatic),110.63,6828.74,No
CUST-102966,Male,0,Yes,No,16,Yes,Yes,Fiber optic,No,Yes,No,No,No,Yes,Month-to-month,No,Electronic check,102.12,1657.63,Yes
CUST-102967,Male,0,No,Yes,40,Yes,No,DSL,Yes,No,Yes,No,No,No,Month-to-month,Yes,Bank transfer (automatic),75.75,3012.5,No
CUST-102968,Female,1,Yes,No,43,Yes,Yes,Fiber optic,No,No,No,No,No,No,Month-to-month,Yes,Electronic check,92.53,4088.64,Yes
CUST-102969,Female,1,Yes,Yes,15,Yes,Yes,Fiber optic,No,Yes,Yes,Yes,No,No,Month-to-month,Yes,Electronic check,116.64,1775.98,No
CUST-102970,Female,0,No,No,29,Yes,No,Fiber optic,Yes,No,Yes,No,No,Yes,One year,No,Electronic check,104.4,2937.8,No
CUST-102971,Male,0,No,No,67,Yes,Yes,Fiber optic,Yes,Yes,No,No,No,No,One year,Yes,Electronic check,106.62,7260.45,No
CUST-102972,Female,1,Yes,No,1,Yes,No,Fiber optic,No,No,Yes,No,Yes,No,Two year,Yes,Mailed check,103.29,100.57,Yes
CUST-102973,Female,0,Yes,No,36,Yes,No,Fiber optic,No,No,No,No,No,No,Month-to-month,Yes,Bank transfer (automatic),86.61,3090.24,No
CUST-102974,Male,0,Yes,No,44,Yes,Yes,No,No internet service,No internet service,No internet service,No internet service,No internet service,No internet service,Month-to-month,Yes,Mailed check,41.3,1847.72,No
CUST-102975,Male,0,No,No,66,Yes,Yes,Fiber optic,No,Yes,No,No,No,No,Month-to-month,No,Bank transfer (automatic),95.71,6595.63,Yes
CUST-102976,Male,0,Yes,No,20,Yes,Yes,No,No internet service,No internet service,No internet service,No internet service,No internet service,No internet service,Month-to-month,Yes,Electronic check,37.3,756.71,No
CUST-102977,Female,0,No,No,28,Yes,No,No,No internet service,No internet service,No internet service,No internet service,No internet service,No internet service,Month-to-month,Yes,Bank transfer (automatic),31.82,865.8,No
CUST-102978,Male,0,No,No,5,Yes,Yes,DSL,No,No,No,No,No,No,Month-to-month,Yes,Bank transfer (automatic),67.59,331.23,Yes
CUST-102979,Male,0,No,No,24,No,No phone service,No,No internet service,No internet service,No internet service,No internet service,No internet service,No internet service,Month-to-month,Yes,Electronic check,18.63,432.9,No
CUST-102980,Female,0,Yes,No,72,Yes,No,Fiber optic,Yes,No,No,No,Yes,No,Month-to-month,Yes,Credit card (automatic),102.74,7339.68,No
CUST-102981,Male,0,Yes,No,55,Yes,Yes,No,No internet service,No internet service,No internet service,No internet service,No internet service,No internet service,One year,Yes,Electronic check,46.82,2660.31,Yes
CUST-102982,Female,1,Yes,Yes,31,Yes,Yes,No,No internet service,No internet service,No internet service,No internet service,No internet service,No internet service,One year,No,Mailed check,43.26,1331.25,No
CUST-102983,Female,0,Yes,No,46,Yes,No,Fiber optic,No,No,Yes,No,No,No,Month-to-month,Yes,Credit card (automatic),97.7,4596.5,No
CUST-102984,Female,1,Yes,No,70,Yes,No,Fiber optic,Yes,No,Yes,No,No,Yes,One year,Yes,Bank transfer (automatic),108.7,7546.93,No
CUST-102985,Female,1,No,No,32,Yes,Yes,Fiber optic,No,No,No,Yes,Yes,Yes,Month-to-month,Yes,Mailed check,102.35,3118.16,No
CUST-102986,Female,0,Yes,No,21,Yes,Yes,Fiber optic,No,Yes,Yes,No,No,No,Month-to-month,No,Mailed check,111.89,2280.06,No
CUST-102987,Female,0,Yes,Yes,64,Yes,No,Fiber optic,Yes,No,No,No,No,Yes,One year,Yes,Mailed check,106.22,6857.0,No
CUST-102988,Female,0,No,No,62,Yes,Yes,Fiber optic,No,No,No,Yes,No,No,Month-to-month,No,Mailed check,99.52,6199.05,No
CUST-102989,Male,1,No,No,37,Yes,No,Fiber optic,No,No,Yes,No,No,No,One year,No,Credit card (automatic),99.28,3637.27,No
CUST-102990,Male,0,Yes,Yes,0,No,No phone service,Fiber optic,Yes,Yes,No,No,No,No,Month-to-month,No,Credit card (automatic),84.52,0.0,No
CUST-102991,Female,0,No,No,0,Yes,Yes,No,No internet service,No internet service,No internet service,No internet service,No internet service,No internet service,Month-to-month,Yes,Electronic check,38.54,0.0,No
CUST-102992,Male,1,No,No,8,Yes,Yes,Fiber optic,No,Yes,Yes,No,No,Yes,Month-to-month,No,Mailed check,117.2,929.07,Yes
CUST-102993,Female,0,Yes,No,50,Yes,Yes,Fiber optic,No,No,No,No,No,Yes,Month-to-month,No,Bank transfer (automatic),96.38,5003.83,Yes
CUST-102994,Female,1,No,Yes,12,Yes,No,No,No internet service,No internet service,No internet service,No internet service,No internet service,No internet service,Month-to-month,No,Bank transfer (automatic),39.17,474.79,No
CUST-102995,Female,0,Yes,No,4,Yes,No,No,No internet service,No internet service,No internet service,No internet service,No internet service,No internet service,Month-to-month,Yes,Electronic check,49.96,195.7,Yes
CUST-102996,Male,0,Yes,No,49,Yes,Yes,Fiber optic,No,Yes,No,Yes,No,No,Month-to-month,Yes,Credit card (automatic),96.8,4890.01,No
CUST-102997,Male,0,Yes,No,35,Yes,Yes,DSL,No,Yes,No,Yes,No,No,Month-to-month,Yes,Bank transfer (automatic),74.09,2638.16,No
CUST-102998,Male,0,Yes,Yes,38,Yes,No,Fiber optic,Yes,No,No,Yes,No,Yes,One year,No,Electronic check,101.98,3992.63,No
CUST-102999,Female,0,No,Yes,14,Yes,No,Fiber optic,No,No,No,Yes,Yes,No,One year,No,Electronic check,99.12,1376.92,No
CUST-103000,Female,1,No,No,15,Yes,No,DSL,No,No,No,Yes,No,No,Two year,Yes,Bank transfer (automatic),72.92,1101.78,No
CUST-103001,Female,0,Yes,Yes,17,Yes,Yes,No,No internet service,No internet service,No internet service,No internet service,No internet service,No internet service,One year,No,Bank transfer (automatic),41.45,737.6,No
CUST-103002,Female,0,No,Yes,47,Yes,No,DSL,No,No,No,No,Yes,Yes,Two year,Yes,Electronic check,76.43,3697.65,Yes
CUST-103003,Female,1,Yes,No,71,Yes,Yes,DSL,No,No,No,Yes,No,No,One year,No,Electronic check,76.99,5543.51,Yes
CUST-103004,Female,0,Yes,No,66,Yes,Yes,Fiber optic,No,No,No,Yes,No,No,One year,Yes,Electronic check,97.33,6225.13,No
CUST-103005,Male,0,No,No,8,Yes,No,Fiber optic,No,No,No,Yes,No,No,One year,No,Mailed check,94.35,744.43,No
CUST-103006,Female,1,Yes,Yes,49,Yes,Yes,Fiber optic,No,Yes,No,No,Yes,No,Two year,Yes,Bank transfer (automatic),100.62,5000.87,No
CUST-103007,Male,0,No,No,55,Yes,Yes,Fiber optic,No,No,No,No,Yes,Yes,One year,No,Electronic check,98.44,5655.0,Yes
CUST-103008,Female,0,Yes,No,2,Yes,No,No,No internet service,No internet service,No internet service,No internet service,No internet service,No internet service,Two year,Yes,Credit card (automatic),31.9,66.16,No
CUST-103009,Female,0,No,No,46,Yes,Yes,DSL,No,No,No,Yes,No,No,Month-to-month,Yes,Electronic check,66.32,3046.85,Yes
CUST-103010,Male,0,Yes,Yes,32,Yes,No,No,No internet service,No internet service,No internet service,No internet service,No internet service,No internet service,Two year,No,Credit card (automatic),38.39,1204.63,No
CUST-103011,Female,0,Yes,Yes,14,Yes,Yes,Fiber optic,No,No,No,No,No,No,Month-to-month,Yes,Credit card (automatic),88.89,1211.38,No
CUST-103012,Male,0,No,No,57,Yes,Yes,Fiber optic,No,No,No,No,No,No,Month-to-month,Yes,Electronic check,81.86,4828.61,Yes
CUST-103013,Female,0,No,Yes,68,Yes,Yes,No,No internet service,No internet service,No internet service,No internet service,No internet service,No internet service,Month-to-month,Yes,Credit card (automatic),34.5,2368.62,No
CUST-103014,Male,0,Yes,No,43,Yes,No,No,No internet service,No internet service,No internet service,No internet service,No internet service,No internet service,One year,No,Bank transfer (automatic),34.39,1501.11,No
CUST-103015,Male,0,No,Yes,14,Yes,No,Fiber optic,Yes,No,No,No,No,Yes,Month-to-month,No,Credit card (automatic),108.31,1448.8,Yes
CUST-103016,Female,0,Yes,Yes,31,Yes,No,Fiber optic,No,No,No,No,No,No,Month-to-month,Yes,Mailed check,88.87,2889.24,No
CUST-103017,Male,0,Yes,No,37,Yes,No,DSL,No,No,Yes,No,No,Yes,Month-to-month,No,Credit card (automatic),74.5,2668.87,No
CUST-103018,Female,0,Yes,No,65,Yes,No,Fiber optic,No,Yes,No,Yes,No,Yes,One year,Yes,Mailed check,109.16,7406.98,No
CUST-103019,Female,0,No,No,57,Yes,No,Fiber optic,No,No,No,No,No,No,Month-to-month,No,Electronic check,92.37,5406.66,No
CUST-103020,Male,1,No,No,48,Yes,Yes,Fiber optic,No,No,No,No,Yes,No,One year,Yes,Credit card (automatic),88.83,4429.57,Yes
CUST-103021,Male,0,No,Yes,55,Yes,No,No,No internet service,No internet service,No internet service,No internet service,No internet service,No internet service,One year,Yes,Credit card (automatic),36.4,1961.82,No
CUST-103022,Male,0,No,No,50,Yes,Yes,Fiber optic,Yes,No,Yes,No,Yes,Yes,One year,Yes,Electronic check,109.63,5453.87,Yes
CUST-103023,Male,0,Yes,Yes,23,Yes,No,Fiber optic,No,No,No,No,No,Yes,One year,Yes,Mailed check,99.25,2216.92,No
CUST-103024,Male,0,Yes,No,9,Yes,Yes,Fiber optic,No,No,Yes,Yes,No,No,Month-to-month,No,Credit card (automatic),96.06,893.46,Yes
CUST-103025,Female,1,Yes,No,61,Yes,No,Fiber optic,No,Yes,No,No,No,No,Two year,Yes,Mailed check,96.58,6013.35,No
CUST-103026,Male,0,No,No,40,Yes,Yes,No,No internet service,No internet service,No internet service,No internet service,No internet service,No internet service,Two year,No,Mailed check,41.97,1609.24,No
CUST-103027,Female,0,Yes,Yes,70,No,No phone service,No,No internet service,No internet service,No internet service,No internet service,No internet service,No internet service,Month-to-month,No,Electronic check,19.32,1392.56,No
CUST-103028,Male,0,No,No,49,Yes,No,DSL,No,No,No,Yes,Yes,No,Month-to-month,No,Mailed check,81.97,3914.2,Yes
CUST-103029,Female,0,No,No,34,Yes,No,No,No internet service,No internet service,No internet service,No internet service,No internet service,No internet service,Month-to-month,No,Mailed check,38.4,1259.08,No
CUST-103030,Female,0,No,No,47,No,No phone service,No,No internet service,No internet service,No internet service,No internet service,No internet service,No internet service,Two year,No,Bank transfer (automatic),20.63,1008.4,No
CUST-103031,Male,1,Yes,Yes,47,Yes,Yes,DSL,Yes,No,Yes,No,No,Yes,Two year,No,Mailed check,76.57,3424.82,No
CUST-103032,Female,0,Yes,No,71,Yes,No,Fiber optic,No,Yes,Yes,No,Yes,No,Two year,No,Bank transfer (automatic),110.19,8015.55,No
CUST-103033,Male,0,No,No,26,No,No phone service,Fiber optic,No,No,Yes,No,No,No,Two year,Yes,Electronic check,70.69,1748.34,Yes
CUST-103034,Male,0,No,No,27,Yes,No,Fiber optic,No,No,No,No,Yes,No,One year,No,Bank transfer (automatic),101.12,2624.57,No
CUST-103035,Female,0,Yes,No,25,Yes,No,No,No internet service,No internet service,No internet service,No internet service,No internet service,No internet service,Month-to-month,No,Electronic check,35.45,849.69,No
CUST-103036,Female,0,No,No,7,Yes,Yes,No,No internet service,No internet service,No internet service,No internet service,No internet service,No internet service,Month-to-month,Yes,Bank transfer (automatic),35.46,259.85,No
CUST-103037,Male,0,No,No,34,Yes,No,DSL,Yes,No,No,No,No,No,Month-to-month,Yes,Credit card (automatic),69.15,2300.22,Yes
CUST-103038,Male,0,Yes,No,32,Yes,Yes,DSL,No,Yes,No,No,No,No,Month-to-month,Yes,Bank transfer (automatic),67.57,2138.17,No
CUST-103039,Male,0,No,Yes,14,Yes,Yes,DSL,No,No,No,No,Yes,Yes,Month-to-month,No,Electronic check,77.39,1044.74,Yes
CUST-103040,Male,1,Yes,Yes,59,Yes,Yes,No,No internet service,No internet service,No internet service,No internet service,No internet service,No internet service,Month-to-month,No,Credit card (automatic),40.88,2393.46,Yes
CUST-103041,Male,0,No,No,50,No,No phone service,DSL,No,No,No,No,Yes,No,One year,Yes,Electronic check,50.0,2488.04,No
CUST-103042,Male,1,Yes,No,17,Yes,Yes,Fiber optic,No,No,No,No,No,Yes,Month-to-month,Yes,Electronic check,97.12,1579.18,No
CUST-103043,Female,0,Yes,No,12,No,No phone service,Fiber optic,Yes,No,Yes,No,Yes,No,Two year,No,Credit card (automatic),82.41,1024.41,No
CUST-103044,Male,0,Yes,Yes,45,Yes,No,DSL,No,No,No,No,Yes,Yes,Two year,Yes,Electronic check,72.18,3345.06,No
CUST-103045,Female,1,No,No,0,Yes,No,DSL,No,No,No,No,No,Yes,Month-to-month,No,Mailed check,71.45,0.0,Yes
CUST-103046,Female,0,No,No,11,No,No phone service,No,No internet service,No internet service,No internet service,No internet service,No internet service,No internet service,Month-to-month,Yes,Credit card (automatic),19.17,213.44,No
CUST-103047,Female,0,Yes,No,32,No,No phone service,Fiber optic,No,No,Yes,Yes,Yes,Yes,Month-to-month,Yes,Electronic check,94.66,2984.94,No
CUST-103048,Male,0,Yes,No,72,No,No phone service,Fiber optic,No,Yes,Yes,No,No,Yes,Two year,Yes,Bank transfer (automatic),85.33,6159.18,No
CUST-103049,Female,0,Yes,No,5,Yes,No,Fiber optic,No,Yes,No,No,No,Yes,One year,Yes,Bank transfer (automatic),112.66,588.98,Yes
CUST-103050,Female,1,Yes,Yes,38,Yes,Yes,DSL,Yes,Yes,No,No,Yes,No,Month-to-month,Yes,Mailed check,84.39,3241.38,No
CUST-103051,Male,0,No,No,41,Yes,Yes,Fiber optic,No,No,No,Yes,No,No,One year,Yes,Mailed check,97.13,3977.72,Yes
CUST-103052,Female,0,Yes,No,18,Yes,Yes,DSL,Yes,No,Yes,Yes,Yes,No,Two year,No,Mailed check,91.18,1590.83,No
CUST-103053,Male,0,No,No,37,Yes,No,DSL,Yes,Yes,No,No,Yes,No,Month-to-month,No,Credit card (automatic),90.22,3358.59,Yes
CUST-103054,Female,0,No,Yes,46,No,No phone service,DSL,No,No,Yes,No,No,Yes,One year,No,Credit card (automatic),55.58,2615.92,No
CUST-103055,Male,0,Yes,No,10,Yes,Yes,Fiber optic,No,Yes,Yes,No,No,No,Month-to-month,Yes,Mailed check,101.73,974.77,Yes
CUST-103056,Female,1,No,Yes,69,Yes,No,DSL,No,No,Yes,No,No,No,Month-to-month,Yes,Bank transfer (automatic),74.22,5366.98,Yes
CUST-103057,Male,0,No,No,17,Yes,No,DSL,No,No,Yes,No,No,No,Two year,Yes,Mailed check,78.23,1374.37,No
CUST-103058,Male,1,No,No,26,Yes,No,No,No internet service,No internet service,No internet service,No internet service,No internet service,No internet service,Month-to-month,No,Bank transfer (automatic),36.26,982.54,Yes
CUST-103059,Male,0,No,No,1,Yes,No,Fiber optic,Yes,No,Yes,No,Yes,Yes,Two year,Yes,Electronic check,122.63,120.47,No
CUST-103060,Male,0,Yes,No,43,No,No phone service,No,No internet service,No internet service,No internet service,No internet service,No internet service,No internet service,One year,No,Electronic check,20.7,852.25,No
CUST-103061,Male,0,Yes,No,43,Yes,Yes,No,No internet service,No internet service,No internet service,No internet service,No internet service,No internet service,Month-to-month,No,Electronic check,36.58,1511.23,Yes
CUST-103062,Male,0,No,No,8,Yes,No,Fiber optic,Yes,Yes,No,No,Yes,Yes,One year,Yes,Bank transfer (automatic),118.22,984.77,Yes
CUST-103063,Male,1,Yes,No,21,Yes,Yes,Fiber optic,No,Yes,No,Yes,No,Yes,Month-to-month,Yes,Electronic check,106.93,2207.52,Yes
CUST-103064,Female,0,No,No,55,Yes,No,No,No internet service,No internet service,No internet service,No internet service,No internet service,No internet service,Month-to-month,No,Mailed check,36.57,2107.44,No
CUST-103065,Female,0,No,Yes,52,Yes,No,Fiber optic,Yes,No,No,No,No,No,Month-to-month,No,Credit card (automatic),98.75,4990.94,No
CUST-103066,Female,0,Yes,No,22,Yes,Yes,DSL,Yes,Yes,No,Yes,No,No,Two year,Yes,Electronic check,86.02,1857.92,No
CUST-103067,Female,0,Yes,No,45,Yes,Yes,DSL,Yes,No,Yes,No,Yes,No,Two year,No,Mailed check,81.29,3638.43,No
CUST-103068,Male,0,Yes,No,54,Yes,Yes,No,No internet service,No internet service,No internet service,No internet service,No internet service,No internet service,Month-to-month,Yes,Electronic check,36.81,1957.33,No
CUST-103069,Male,1,No,No,27,Yes,Yes,DSL,No,No,Yes,No,No,Yes,Month-to-month,No,Bank transfer (automatic),81.45,2213.43,Yes
CUST-103070,Male,0,Yes,No,12,No,No phone service,No,No internet service,No internet service,No internet service,No internet service,No internet service,No internet service,Two year,Yes,Electronic check,24.41,303.98,No
CUST-103071,Male,0,Yes,Yes,1,Yes,No,Fiber optic,Yes,No,Yes,No,No,Yes,One year,No,Credit card (automatic),98.76,101.93,No
CUST-103072,Male,0,No,No,69,Yes,No,Fiber optic,No,Yes,No,No,Yes,Yes,Month-to-month,Yes,Electronic check,113.86,8106.98,No
CUST-103073,Female,0,No,No,23,Yes,No,Fiber optic,Yes,No,Yes,Yes,No,Yes,Month-to-month,No,Credit card (automatic),124.84,2997.04,No
CUST-103074,Female,0,No,No,58,Yes,No,Fiber optic,No,No,No,No,No,No,Month-to-month,No,Electronic check,84.27,5079.41,Yes
CUST-103075,Female,0,No,Yes,23,Yes,Yes,DSL,Yes,No,Yes,No,Yes,Yes,Month-to-month,Yes,Credit card (automatic),83.22,1970.8,No
CUST-103076,Male,0,Yes,No,51,Yes,No,Fiber optic,No,No,No,Yes,No,No,Month-to-month,Yes,Electronic check,87.6,4650.95,Yes
CUST-103077,Female,0,No,No,24,Yes,No,Fiber optic,No,Yes,No,No,Yes,No,One year,Yes,Electronic check,100.67,2390.63,No
CUST-103078,Male,1,No,Yes,44,No,No phone service,Fiber optic,No,Yes,No,No,No,Yes,One year,No,Credit card (automatic),81.64,3659.05,Yes
CUST-103079,Male,1,Yes,No,69,Yes,Yes,Fiber optic,Yes,No,No,Yes,No,No,Month-to-month,No,Electronic check,91.56,6141.77,Yes
CUST-103080,Male,0,Yes,Yes,55,Yes,Yes,Fiber optic,No,No,Yes,No,Yes,Yes,One year,Yes,Bank transfer (automatic),112.87,5943.6,Yes
CUST-103081,Female,0,Yes,No,12,Yes,Yes,Fiber optic,No,No,No,Yes,No,Yes,Month-to-month,Yes,Bank transfer (automatic),98.0,1207.99,No
CUST-103082,Male,0,No,Yes,38,Yes,No,No,No internet service,No internet service,No internet service,No internet service,No internet service,No internet service,One year,No,Mailed check,44.74,1640.35,No
CUST-103083,Male,0,No,Yes,19,No,No phone service,DSL,No,Yes,Yes,No,No,Yes,Month-to-month,No,Electronic check,62.37,1186.32,Yes
CUST-103084,Male,0,No,No,16,Yes,Yes,No,No internet service,No internet service,No internet service,No internet service,No internet service,No internet service,Month-to-month,Yes,Credit card (automatic),31.64,498.82,No
CUST-103085,Male,0,No,Yes,60,Yes,No,Fiber optic,Yes,Yes,No,No,No,No,Month-to-month,No,Bank transfer (automatic),104.07,6283.23,Yes
CUST-103086,Male,0,Yes,Yes,71,Yes,No,Fiber optic,No,No,No,No,Yes,Yes,Month-to-month,Yes,Credit card (automatic),102.74,7479.85,No
CUST-103087,Male,1,No,No,67,Yes,No,Fiber optic,No,Yes,No,No,No,Yes,One year,Yes,Bank transfer (automatic),100.83,7000.03,No
CUST-103088,Male,1,No,Yes,61,Yes,Yes,Fiber optic,No,No,No,Yes,No,Yes,One year,No,Bank transfer (automatic),102.41,5935.92,No
CUST-103089,Male,0,No,Yes,34,Yes,No,DSL,Yes,Yes,No,Yes,No,No,Month-to-month,No,Bank transfer (automatic),84.04,2980.39,No
CUST-103090,Male,0,Yes,No,38,Yes,Yes,Fiber optic,No,Yes,No,No,No,No,Month-to-month,Yes,Electronic check,94.15,3639.43,Yes
CUST-103091,Male,0,No,No,39,Yes,Yes,Fiber optic,No,Yes,No,No,No,No,One year,Yes,Credit card (automatic),92.51,3454.23,Yes
CUST-103092,Female,0,No,No,53,No,No phone service,DSL,Yes,No,No,No,Yes,No,One year,Yes,Credit card (automatic),56.17,2886.02,No
CUST-103093,Male,0,Yes,No,3,Yes,No,DSL,Yes,Yes,Yes,Yes,No,Yes,One year,Yes,Bank transfer (automatic),102.09,310.32,No
CUST-103094,Female,1,No,No,60,Yes,Yes,No,No internet service,No internet service,No internet service,No internet service,No internet service,No internet service,Two year,No,Credit card (automatic),35.17,2030.57,No
CUST-103095,Female,0,Yes,No,58,Yes,No,No,No internet service,No internet service,No internet service,No internet service,No internet service,No internet service,One year,Yes,Electronic check,36.88,2196.13,No
CUST-103096,Male,0,Yes,No,72,Yes,Yes,Fiber optic,No,No,No,Yes,Yes,No,Month-to-month,Yes,Electronic check,107.87,7461.85,Yes
CUST-103097,Male,0,No,No,43,Yes,Yes,DSL,Yes,No,No,Yes,Yes,No,Two year,No,Electronic check,80.33,3446.81,No
CUST-103098,Male,0,Yes,No,33,Yes,Yes,Fiber optic,Yes,No,Yes,No,Yes,No,Month-to-month,Yes,Bank transfer (automatic),115.43,3790.64,Yes
CUST-103099,Male,0,No,No,34,Yes,Yes,No,No internet service,No internet service,No internet service,No internet service,No internet service,No internet service,One year,Yes,Mailed check,39.19,1323.84,No
CUST-103100,Male,0,No,No,45,Yes,Yes,Fiber optic,Yes,No,No,No,No,No,Two year,No,Electronic check,99.89,4377.55,Yes
CUST-103101,Male,0,Yes,No,22,No,No phone service,No,No internet service,No internet service,No internet service,No internet service,No internet service,No internet service,Month-to-month,Yes,Bank transfer (automatic),22.36,484.53,No
CUST-103102,Male,0,Yes,Yes,56,Yes,Yes,Fiber optic,Yes,No,No,No,No,Yes,Month-to-month,Yes,Electronic check,106.49,6069.97,No
CUST-103103,Male,0,Yes,No,32,Yes,Yes,Fiber optic,No,No,No,No,No,No,Month-to-month,Yes,Mailed check,92.89,2882.91,No
CUST-103104,Female,0,Yes,No,20,No,No phone service,DSL,Yes,No,No,No,No,No,Two year,No,Electronic check,50.54,1053.7,No
CUST-103105,Male,0,No,No,53,Yes,Yes,Fiber optic,No,Yes,No,Yes,Yes,No,Month-to-month,No,Electronic check,106.9,5681.21,No
CUST-103106,Female,1,Yes,No,24,Yes,No,No,No internet service,No internet service,No internet service,No internet service,No internet service,No internet service,One year,Yes,Mailed check,34.89,876.52,No
CUST-103107,Male,0,No,Yes,5,Yes,No,DSL,No,No,No,No,No,No,Month-to-month,Yes,Electronic check,61.3,294.92,Yes
CUST-103108,Female,0,Yes,Yes,38,Yes,Yes,DSL,No,No,No,No,Yes,Yes,Month-to-month,No,Mailed check,73.42,2733.17,No
CUST-103109,Male,0,Yes,No,36,Yes,No,No,No internet service,No internet service,No internet service,No internet service,No internet service,No internet service,Month-to-month,Yes,Mailed check,38.64,1452.84,No
CUST-103110,Female,0,No,No,21,Yes,Yes,No,No internet service,No internet service,No internet service,No internet service,No internet service,No internet service,Two year,Yes,Credit card (automatic),39.65,847.22,No
CUST-103111,Female,0,No,No,2,Yes,No,DSL,No,Yes,Yes,No,Yes,Yes,Month-to-month,No,Electronic check,91.37,185.94,No
CUST-103112,Male,0,No,Yes,34,No,No phone service,Fiber optic,No,Yes,Yes,No,No,No,Two year,Yes,Electronic check,78.88,2574.57,No
CUST-103113,Female,0,No,Yes,56,Yes,Yes,DSL,No,No,No,No,No,No,One year,No,Credit card (automatic),61.05,3417.11,No
CUST-103114,Male,1,No,No,58,Yes,Yes,DSL,Yes,No,Yes,No,No,No,Two year,Yes,Electronic check,74.86,4473.23,No
CUST-103115,Male,0,Yes,Yes,15,Yes,Yes,DSL,No,Yes,No,No,Yes,Yes,Month-to-month,Yes,Mailed check,90.6,1292.46,Yes
CUST-103116,Female,0,Yes,No,31,Yes,No,Fiber optic,No,No,No,Yes,No,No,Month-to-month,No,Bank transfer (automatic),99.34,3017.07,Yes
CUST-103117,Female,1,No,No,65,Yes,Yes,DSL,No,Yes,No,Yes,Yes,Yes,Month-to-month,No,Electronic check,93.18,5861.85,No
CUST-103118,Male,0,Yes,No,25,Yes,No,No,No internet service,No internet service,No internet service,No internet service,No internet service,No internet service,Month-to-month,Yes,Credit card (automatic),45.16,1089.15,Yes
CUST-103119,Female,0,No,No,34,Yes,Yes,DSL,No,No,No,No,Yes,No,One year,No,Mailed check,72.58,2464.3,Yes
CUST-103120,Female,0,No,No,49,Yes,No,DSL,Yes,No,No,Yes,No,No,Month-to-month,No,Bank transfer (automatic),68.65,3299.99,Yes
CUST-103121,Female,0,No,No,33,Yes,Yes,DSL,Yes,Yes,No,No,Yes,No,Two year,Yes,Credit card (automatic),76.92,2415.29,No
CUST-103122,Male,0,No,No,61,Yes,No,Fiber optic,No,No,No,No,No,No,Month-to-month,No,Credit card (automatic),90.59,5481.21,No
CUST-103123,Female,0,No,No,26,Yes,Yes,No,No internet service,No internet service,No internet service,No internet service,No internet service,No internet service,Month-to-month,No,Electronic check,37.78,944.46,No
CUST-103124,Male,0,Yes,No,35,Yes,Yes,DSL,Yes,Yes,No,No,No,Yes,One year,Yes,Mailed check,86.04,3007.24,No
CUST-103125,Female,1,No,Yes,37,No,No phone service,Fiber optic,Yes,No,Yes,Yes,No,Yes,Month-to-month,No,Mailed check,90.7,3435.84,No
CUST-103126,Female,0,No,Yes,54,Yes,Yes,DSL,Yes,Yes,No,Yes,Yes,Yes,Month-to-month,No,Mailed check,105.15,5773.96,No
CUST-103127,Female,0,Yes,No,24,Yes,No,DSL,No,No,No,No,No,Yes,Two year,Yes,Bank transfer (automatic),75.09,1833.68,No
CUST-103128,Female,0,No,No,20,Yes,Yes,DSL,No,Yes,Yes,Yes,Yes,Yes,Month-to-month,Yes,Mailed check,83.23,1741.15,Yes
CUST-103129,Female,0,Yes,No,26,No,No phone service,DSL,No,No,No,Yes,Yes,No,One year,No,Mailed check,60.32,1521.0,No
CUST-103130,Male,0,Yes,No,16,Yes,No,No,No internet service,No internet service,No internet service,No internet service,No internet service,No internet service,Month-to-month,Yes,Bank transfer (automatic),38.79,612.18,No
CUST-103131,Male,0,No,No,14,Yes,Yes,Fiber optic,No,Yes,No,Yes,Yes,No,Month-to-month,Yes,Electronic check,104.09,1453.79,Yes
CUST-103132,Female,1,No,No,59,Yes,No,No,No internet service,No internet service,No internet service,No internet service,No internet service,No internet service,Month-to-month,No,Bank transfer (automatic),44.72,2660.44,No
CUST-103133,Male,0,Yes,No,25,Yes,Yes,No,No internet service,No internet service,No internet service,No internet service,No internet service,No internet service,Two year,No,Electronic check,35.35,920.2,No
CUST-103134,Female,0,No,Yes,19,Yes,No,Fiber optic,No,Yes,No,Yes,Yes,Yes,Month-to-month,Yes,Bank transfer (automatic),121.32,2361.37,No
CUST-103135,Male,0,Yes,No,59,No,No phone service,Fiber optic,No,No,Yes,Yes,No,Yes,Month-to-month,Yes,Electronic check,82.97,4935.62,No
CUST-103136,Female,0,Yes,Yes,57,Yes,Yes,DSL,No,No,No,Yes,Yes,No,Month-to-month,No,Bank transfer (automatic),76.45,4541.36,No
CUST-103137,Male,0,Yes,Yes,17,Yes,No,DSL,No,No,No,No,Yes,Yes,Two year,No,Electronic check,80.49,1386.22,No
CUST-103138,Male,0,No,Yes,22,No,No phone service,DSL,No,No,No,Yes,Yes,Yes,Month-to-month,Yes,Bank transfer (automatic),62.44,1382.7,Yes
CUST-103139,Male,0,Yes,No,59,Yes,No,DSL,No,No,No,No,Yes,Yes,One year,Yes,Bank transfer (automatic),86.89,4944.43,No
CUST-103140,Male,0,Yes,No,20,No,No phone service,DSL,No,No,No,No,No,Yes,Month-to-month,Yes,Mailed check,53.5,1115.09,No
CUST-103141,Male,0,No,No,62,Yes,No,Fiber optic,Yes,No,Yes,No,No,No,Month-to-month,Yes,Bank transfer (automatic),100.03,6354.29,No
CUST-103142,Male,0,Yes,No,45,Yes,Yes,Fiber optic,No,No,No,Yes,No,No,Month-to-month,Yes,Credit card (automatic),95.46,4085.98,No
CUST-103143,Female,0,Yes,No,48,Yes,No,Fiber optic,Yes,Yes,No,No,Yes,No,Month-to-month,No,Electronic check,105.89,5179.24,Yes
CUST-103144,Female,0,Yes,No,38,Yes,No,Fiber optic,No,No,No,No,No,No,Month-to-month,Yes,Bank transfer (automatic),88.28,3268.59,Yes
CUST-103145,Female,0,No,Yes,2,Yes,No,DSL,No,Yes,No,Yes,No,Yes,Month-to-month,No,Mailed check,75.77,145.94,Yes
CUST-103146,Female,0,No,No,60,Yes,Yes,DSL,No,Yes,No,No,No,Yes,Two year,No,Bank transfer (automatic),76.47,4454.82,No
CUST-103147,Female,0,No,No,40,Yes,No,Fiber optic,No,No,No,No,No,No,Month-to-month,No,Credit card (automatic),92.23,3581.53,No
CUST-103148,Female,1,Yes,No,12,Yes,Yes,No,No internet service,No internet service,No internet service,No internet service,No internet service,No internet service,Month-to-month,Yes,Bank transfer (automatic),48.94,605.23,Yes
CUST-103149,Male,0,Yes,Yes,60,Yes,No,Fiber optic,No,No,Yes,No,Yes,No,Month-to-month,No,Electronic check,111.82,6994.26,Yes
CUST-103150,Female,0,No,Yes,21,No,No phone service,No,No internet service,No internet service,No internet service,No internet service,No internet service,No internet service,Month-to-month,Yes,Mailed check,25.27,528.44,Yes
CUST-103151,Male,1,Yes,No,26,Yes,No,Fiber optic,No,Yes,No,No,Yes,Yes,Month-to-month,Yes,Mailed check,110.61,2775.82,Yes
CUST-103152,Male,0,Yes,No,46,Yes,No,No,No internet service,No internet service,No internet service,No internet service,No internet service,No internet service,Month-to-month,No,Electronic check,26.67,1283.01,No
CUST-103153,Female,0,Yes,No,20,Yes,Yes,Fiber optic,No,No,No,No,No,No,Month-to-month,No,Bank transfer (automatic),92.45,1912.35,No
CUST-103154,Male,0,Yes,No,0,No,No phone service,No,No internet service,No internet service,No internet service,No internet service,No internet service,No internet service,Month-to-month,No,Bank transfer (automatic),23.19,0.0,No
CUST-103155,Female,0,Yes,No,23,Yes,No,DSL,No,Yes,No,No,Yes,No,Month-to-month,Yes,Bank transfer (automatic),75.21,1701.2,No
CUST-103156,Female,0,No,No,49,Yes,No,No,No internet service,No internet service,No internet service,No internet service,No internet service,No internet service,Month-to-month,No,Electronic check,47.11,2305.77,No
CUST-103157,Female,1,No,No,30,Yes,Yes,Fiber optic,No,Yes,Yes,No,No,No,Month-to-month,Yes,Bank transfer (automatic),107.63,3389.57,Yes
CUST-103158,Female,0,No,Yes,52,No,No phone service,Fiber optic,No,No,Yes,No,No,No,Month-to-month,No,Mailed check,77.22,3921.39,No
CUST-103159,Female,0,Yes,No,5,Yes,Yes,Fiber optic,No,Yes,No,No,Yes,No,Month-to-month,Yes,Electronic check,110.28,573.82,Yes
CUST-103160,Male,0,No,No,18,Yes,No,Fiber optic,No,No,No,No,No,Yes,Month-to-month,No,Mailed check,94.91,1691.82,Yes
CUST-103161,Female,1,No,No,17,Yes,No,No,No internet service,No internet service,No internet service,No internet service,No internet service,No internet service,Month-to-month,No,Bank transfer (automatic),38.48,655.95,No
CUST-103162,Male,0,No,No,4,Yes,Yes,No,No internet service,No internet service,No internet service,No internet service,No internet service,No internet service,Two year,Yes,Mailed check,34.9,136.56,No
CUST-103163,Male,1,Yes,Yes,47,Yes,Yes,Fiber optic,No,No,No,Yes,No,No,Month-to-month,No,Credit card (automatic),92.67,4295.46,No
CUST-103164,Male,0,No,No,15,Yes,No,DSL,Yes,No,Yes,No,Yes,Yes,Month-to-month,No,Electronic check,88.32,1384.11,Yes
CUST-103165,Male,0,Yes,No,34,No,No phone service,Fiber optic,Yes,Yes,Yes,No,Yes,Yes,Two year,Yes,Mailed check,91.91,3180.79,No
CUST-103166,Female,0,No,No,72,Yes,No,Fiber optic,No,No,No,Yes,No,No,Month-to-month,Yes,Electronic check,92.52,6384.98,Yes
CUST-103167,Male,0,No,No,18,Yes,Yes,Fiber optic,No,No,Yes,Yes,No,Yes,Month-to-month,Yes,Electronic check,113.63,1969.13,Yes
CUST-103168,Female,0,No,No,14,Yes,Yes,DSL,No,Yes,No,No,Yes,No,Two year,Yes,Electronic check,82.81,1195.74,No
CUST-103169,Female,1,No,No,67,Yes,Yes,Fiber optic,No,Yes,Yes,Yes,No,Yes,Month-to-month,Yes,Bank transfer (automatic),115.94,8063.12,Yes
CUST-103170,Female,0,No,No,26,Yes,Yes,Fiber optic,No,No,Yes,No,No,Yes,One year,No,Mailed check,109.94,2977.39,Yes
CUST-103171,Female,0,No,Yes,21,Yes,Yes,DSL,No,No,No,No,No,No,Month-to-month,Yes,Mailed check,71.15,1471.39,Yes
CUST-103172,Male,0,Yes,No,52,Yes,Yes,DSL,Yes,Yes,No,No,No,Yes,Month-to-month,Yes,Mailed check,82.74,4416.19,No
CUST-103173,Male,0,Yes,Yes,9,Yes,Yes,DSL,No,Yes,Yes,No,No,Yes,Month-to-month,No,Electronic check,85.65,737.86,Yes
CUST-103174,Female,0,No,No,27,Yes,No,No,No internet service,No internet service,No internet service,No internet service,No internet service,No internet service,One year,No,Electronic check,38.11,995.01,No
CUST-103175,Female,0,No,No,14,Yes,No,Fiber optic,No,Yes,No,No,No,Yes,Month-to-month,Yes,Bank transfer (automatic),103.62,1382.09,No
CUST-103176,Female,0,No,No,65,Yes,Yes,Fiber optic,No,No,No,No,No,Yes,One year,No,Credit card (automatic),95.51,6205.0,No
CUST-103177,Male,1,Yes,No,21,Yes,Yes,DSL,No,Yes,No,No,Yes,No,Two year,Yes,Bank transfer (automatic),61.87,1249.96,No
CUST-103178,Male,0,No,No,41,Yes,No,Fiber optic,No,Yes,No,Yes,No,Yes,Two year,No,Electronic check,104.11,4273.02,No
CUST-103179,Male,0,Yes,No,38,Yes,No,DSL,No,No,No,Yes,No,No,Month-to-month,Yes,Mailed check,64.72,2361.16,No
CUST-103180,Male,0,Yes,No,35,Yes,No,Fiber optic,No,Yes,Yes,Yes,Yes,Yes,One year,Yes,Mailed check,118.15,4008.52,Yes
CUST-103181,Male,1,Yes,No,4,No,No phone service,Fiber optic,No,Yes,No,No,Yes,Yes,One year,No,Credit card (automatic),82.62,315.77,Yes
CUST-103182,Female,0,Yes,No,19,Yes,No,DSL,No,No,Yes,No,No,Yes,One year,Yes,Electronic check,84.6,1537.46,No
CUST-103183,Male,0,No,No,62,No,No phone service,No,No internet service,No internet service,No internet service,No internet service,No internet service,No internet service,Two year,Yes,Electronic check,18.95,1218.53,No
CUST-103184,Female,0,Yes,Yes,40,Yes,Yes,No,No internet service,No internet service,No internet service,No internet service,No internet service,No internet service,One year,Yes,Credit card (automatic),43.65,1768.91,No
CUST-103185,Female,0,Yes,No,64,Yes,Yes,Fiber optic,Yes,No,No,Yes,No,No,One year,Yes,Electronic check,94.79,5871.78,No
CUST-103186,Female,1,No,No,40,Yes,Yes,Fiber optic,No,No,Yes,No,No,No,Month-to-month,No,Credit card (automatic),97.81,3932.96,No
CUST-103187,Male,1,Yes,No,23,Yes,Yes,DSL,No,No,No,No,Yes,No,Month-to-month,Yes,Bank transfer (automatic),63.48,1491.06,Yes
CUST-103188,Male,0,Yes,No,25,Yes,Yes,Fiber optic,No,No,No,No,No,Yes,One year,Yes,Mailed check,101.65,2465.29,No
CUST-103189,Female,0,Yes,No,56,Yes,Yes,Fiber optic,No,No,No,No,No,No,One year,No,Electronic check,93.36,5191.76,Yes
CUST-103190,Male,0,Yes,No,17,Yes,Yes,No,No internet service,No internet service,No internet service,No internet service,No internet service,No internet service,One year,Yes,Credit card (automatic),34.27,592.56,No
CUST-103191,Female,0,No,Yes,43,Yes,No,Fiber optic,No,No,No,Yes,No,No,Month-to-month,Yes,Electronic check,99.04,4297.41,Yes
CUST-103192,Female,1,Yes,Yes,68,Yes,Yes,Fiber optic,No,No,No,Yes,No,Yes,Month-to-month,Yes,Mailed check,112.01,7669.05,Yes
CUST-103193,Male,0,Yes,No,61,No,No phone service,DSL,No,No,Yes,No,Yes,No,Two year,No,Electronic check,57.57,3668.37,No
CUST-103194,Female,0,Yes,No,28,Yes,No,Fiber optic,Yes,No,No,No,No,No,Month-to-month,Yes,Electronic check,92.84,2695.45,No
CUST-103195,Male,0,Yes,No,20,Yes,No,Fiber optic,No,No,No,No,No,No,One year,No,Bank transfer (automatic),92.53,1929.16,Yes
CUST-103196,Male,0,Yes,No,45,Yes,No,No,No internet service,No internet service,No internet service,No internet service,No internet service,No internet service,One year,No,Electronic check,42.06,1932.44,No
CUST-103197,Female,0,Yes,No,44,Yes,No,Fiber optic,Yes,No,Yes,No,Yes,No,Month-to-month,Yes,Bank transfer (automatic),105.64,4700.94,No
CUST-103198,Female,0,Yes,No,52,Yes,Yes,Fiber optic,No,No,Yes,Yes,Yes,No,Month-to-month,No,Bank transfer (automatic),110.92,5611.44,No
CUST-103199,Male,0,Yes,No,5,Yes,No,DSL,No,No,Yes,No,Yes,No,Month-to-month,No,Mailed check,85.7,445.69,No
CUST-103200,Female,0,No,No,39,No,No phone service,Fiber optic,No,No,Yes,No,No,No,Two year,No,Bank transfer (automatic),77.31,2995.31,No
CUST-103201,Female,0,Yes,No,0,Yes,No,Fiber optic,No,No,No,Yes,No,Yes,Month-to-month,No,Electronic check,99.09,0.0,Yes
CUST-103202,Female,1,Yes,No,72,No,No phone service,No,No internet service,No internet service,No internet service,No internet service,No internet service,No internet service,Two year,Yes,Credit card (automatic),20.26,1459.76,No
CUST-103203,Male,0,No,No,63,Yes,Yes,Fiber optic,No,No,Yes,Yes,No,Yes,One year,Yes,Electronic check,101.87,6471.73,Yes
CUST-103204,Male,0,Yes,No,54,Yes,Yes,DSL,No,No,No,No,Yes,Yes,Month-to-month,No,Bank transfer (automatic),84.53,4543.64,No
CUST-103205,Female,0,No,No,21,Yes,Yes,No,No internet service,No internet service,No internet service,No internet service,No internet service,No internet service,Month-to-month,Yes,Credit card (automatic),45.49,930.08,No
CUST-103206,Female,0,Yes,No,54,Yes,No,DSL,No,No,Yes,No,No,Yes,Month-to-month,Yes,Credit card (automatic),82.83,4297.31,No
CUST-103207,Female,0,Yes,Yes,32,Yes,No,Fiber optic,No,No,Yes,No,No,No,Month-to-month,Yes,Electronic check,90.47,3038.2,Yes
CUST-103208,Male,0,No,No,47,Yes,Yes,No,No internet service,No internet service,No internet service,No internet service,No internet service,No internet service,Month-to-month,Yes,Mailed check,40.0,1801.24,No
CUST-103209,Male,0,Yes,No,16,No,No phone service,Fiber optic,No,Yes,No,No,No,No,Month-to-month,No,Credit card (automatic),77.51,1239.33,Yes
CUST-103210,Female,0,Yes,No,34,Yes,No,No,No internet service,No internet service,No internet service,No internet service,No internet service,No internet service,Two year,Yes,Credit card (automatic),45.21,1498.23,Yes
CUST-103211,Male,1,No,No,64,Yes,No,No,No internet service,No internet service,No internet service,No internet service,No internet service,No internet service,One year,No,Bank transfer (automatic),36.77,2312.26,No
CUST-103212,Male,0,No,No,13,No,No phone service,DSL,No,Yes,Yes,No,No,Yes,Two year,Yes,Electronic check,61.37,761.66,Yes
CUST-103213,Female,0,Yes,No,28,Yes,No,Fiber optic,No,No,Yes,No,Yes,No,One year,No,Mailed check,105.4,2957.78,No
CUST-103214,Female,0,No,No,21,Yes,No,Fiber optic,No,No,Yes,Yes,No,No,One year,Yes,Credit card (automatic),95.93,2060.9,No
CUST-103215,Male,0,Yes,Yes,13,Yes,No,Fiber optic,No,No,No,Yes,Yes,No,Two year,Yes,Electronic check,99.04,1248.86,No
CUST-103216,Male,0,No,No,28,Yes,No,No,No internet service,No internet service,No internet service,No internet service,No internet service,No internet service,Month-to-month,Yes,Credit card (automatic),44.3,1251.31,Yes
CUST-103217,Male,1,Yes,No,44,Yes,Yes,No,No internet service,No internet service,No internet service,No internet service,No internet service,No internet service,One year,Yes,Mailed check,35.09,1554.99,No
CUST-103218,Female,0,No,No,3,Yes,No,Fiber optic,No,No,No,No,Yes,Yes,Two year,Yes,Bank transfer (automatic),99.77,296.98,No
CUST-103219,Male,0,Yes,Yes,14,Yes,No,DSL,No,Yes,No,No,No,No,Two year,No,Electronic check,66.24,961.62,Yes
CUST-103220,Female,0,No,Yes,59,No,No phone service,DSL,No,No,No,No,No,Yes,Month-to-month,No,Electronic check,46.9,2834.01,Yes
CUST-103221,Male,0,Yes,No,19,No,No phone service,DSL,No,No,Yes,No,Yes,Yes,Two year,No,Electronic check,70.89,1410.77,No
CUST-103222,Female,0,No,Yes,24,Yes,Yes,Fiber optic,No,Yes,Yes,Yes,Yes,No,Month-to-month,Yes,Credit card (automatic),122.86,2855.55,Yes
CUST-103223,Female,0,No,Yes,49,Yes,No,Fiber optic,No,No,Yes,No,Yes,No,Month-to-month,Yes,Bank transfer (automatic),106.47,5240.94,No
CUST-103224,Female,0,No,No,54,Yes,No,DSL,No,No,No,No,No,Yes,Month-to-month,Yes,Bank transfer (automatic),68.76,3588.79,Yes
CUST-103225,Female,0,No,No,70,No,No phone service,Fiber optic,Yes,No,No,No,Yes,Yes,Month-to-month,Yes,Credit card (automatic),88.12,6360.37,Yes
CUST-103226,Female,0,Yes,No,11,Yes,No,DSL,No,Yes,Yes,No,Yes,Yes,Month-to-month,Yes,Mailed check,83.15,902.63,Yes
CUST-103227,Male,0,No,No,55,Yes,No,No,No internet service,No internet service,No internet service,No internet service,No internet service,No internet service,Month-to-month,Yes,Credit card (automatic),46.55,2607.97,Yes
CUST-103228,Female,0,Yes,No,52,No,No phone service,No,No internet service,No internet service,No internet service,No internet service,No internet service,No internet service,Month-to-month,No,Electronic check,18.0,891.66,No
CUST-103229,Female,0,No,No,9,Yes,No,DSL,No,Yes,No,No,No,No,Two year,Yes,Electronic check,67.57,587.0,No
CUST-103230,Female,0,No,No,63,Yes,Yes,DSL,No,No,Yes,Yes,No,Yes,Two year,Yes,Mailed check,83.44,5109.39,No
CUST-103231,Male,0,Yes,Yes,22,Yes,Yes,No,No internet service,No internet service,No internet service,No internet service,No internet service,No internet service,Two year,No,Credit card (automatic),38.23,862.9,No
CUST-103232,Female,1,Yes,No,30,Yes,Yes,DSL,No,Yes,Yes,No,No,Yes,One year,No,Bank transfer (automatic),78.22,2257.07,No
CUST-103233,Male,0,No,No,58,Yes,Yes,No,No internet service,No internet service,No internet service,No internet service,No internet service,No internet service,Two year,No,Electronic check,37.87,2281.81,No
CUST-103234,Female,0,No,Yes,38,Yes,Yes,DSL,No,No,Yes,No,No,No,Month-to-month,Yes,Credit card (automatic),68.62,2628.01,No
CUST-103235,Female,1,No,No,20,Yes,No,Fiber optic,No,No,No,No,Yes,Yes,Month-to-month,No,Bank transfer (automatic),110.27,2117.73,Yes
CUST-103236,Male,0,No,No,23,Yes,No,Fiber optic,No,Yes,Yes,No,Yes,Yes,Month-to-month,No,Bank transfer (automatic),103.93,2473.01,No
CUST-103237,Female,0,Yes,No,54,No,No phone service,Fiber optic,Yes,Yes,No,No,Yes,No,Month-to-month,Yes,Mailed check,90.64,4883.69,Yes
CUST-103238,Female,0,No,No,13,Yes,No,No,No internet service,No internet service,No internet service,No internet service,No internet service,No internet service,One year,Yes,Mailed check,42.29,541.17,No
CUST-103239,Male,0,No,No,34,Yes,Yes,No,No internet service,No internet service,No internet service,No internet service,No internet service,No internet service,Month-to-month,Yes,Electronic check,38.86,1332.67,No
CUST-103240,Male,0,No,No,54,Yes,Yes,Fiber optic,Yes,No,No,Yes,No,No,Two year,No,Bank transfer (automatic),97.78,5033.92,Yes
CUST-103241,Male,0,No,No,64,Yes,Yes,Fiber optic,No,No,Yes,Yes,Yes,Yes,Month-to-month,Yes,Electronic check,123.46,8020.72,No
CUST-103242,Female,0,No,Yes,60,No,No phone service,Fiber optic,No,No,No,Yes,Yes,No,Month-to-month,No,Bank transfer (automatic),83.12,5198.03,Yes
CUST-103243,Female,0,No,Yes,26,Yes,No,Fiber optic,Yes,Yes,No,No,No,Yes,Month-to-month,Yes,Mailed check,114.16,3015.16,No
CUST-103244,Female,0,No,Yes,14,Yes,No,DSL,No,Yes,Yes,Yes,No,No,Month-to-month,Yes,Bank transfer (automatic),87.97,1220.48,Yes
CUST-103245,Female,0,No,No,68,Yes,No,Fiber optic,No,No,No,No,No,No,Two year,Yes,Credit card (automatic),81.11,5249.76,No
CUST-103246,Female,0,No,Yes,43,No,No phone service,Fiber optic,No,No,No,Yes,Yes,No,One year,Yes,Mailed check,83.61,3584.3,No
CUST-103247,Male,0,Yes,Yes,29,Yes,Yes,DSL,No,No,No,No,Yes,Yes,Month-to-month,No,Mailed check,80.59,2330.58,No
CUST-103248,Male,0,Yes,No,65,Yes,Yes,Fiber optic,No,Yes,Yes,No,No,Yes,One year,Yes,Electronic check,106.55,6988.15,Yes
CUST-103249,Male,0,No,No,53,No,No phone service,No,No internet service,No internet service,No internet service,No internet service,No internet service,No internet service,Month-to-month,Yes,Electronic check,18.0,977.94,No
CUST-103250,Male,0,No,No,34,Yes,Yes,No,No internet service,No internet service,No internet service,No internet service,No internet service,No internet service,Month-to-month,No,Electronic check,44.53,1468.39,No
CUST-103251,Female,0,No,No,14,Yes,Yes,Fiber optic,No,Yes,No,No,Yes,No,Month-to-month,Yes,Electronic check,101.77,1464.12,Yes
CUST-103252,Male,0,No,Yes,5,Yes,No,No,No internet service,No internet service,No internet service,No internet service,No internet service,No internet service,Month-to-month,Yes,Mailed check,34.21,164.31,Yes
CUST-103253,Male,1,Yes,No,38,Yes,No,DSL,No,No,No,No,No,No,One year,Yes,Mailed check,65.2,2579.87,Yes
CUST-103254,Male,0,Yes,No,8,Yes,No,DSL,No,No,Yes,No,No,Yes,Two year,No,Credit card (automatic),80.64,657.26,No
CUST-103255,Male,0,No,No,22,Yes,Yes,Fiber optic,No,No,No,Yes,No,No,Month-to-month,Yes,Electronic check,98.02,2247.0,Yes
CUST-103256,Male,0,No,No,49,Yes,No,Fiber optic,Yes,Yes,No,No,No,Yes,One year,Yes,Electronic check,106.56,5188.08,No
CUST-103257,Male,1,Yes,No,0,Yes,No,No,No internet service,No internet service,No internet service,No internet service,No internet service,No internet service,One year,No,Bank transfer (automatic),45.62,0.0,No
CUST-103258,Female,0,Yes,Yes,72,Yes,No,No,No internet service,No internet service,No internet service,No internet service,No internet service,No internet service,Month-to-month,Yes,Electronic check,41.12,3063.23,No
CUST-103259,Male,0,Yes,Yes,31,Yes,No,Fiber optic,No,No,No,Yes,No,No,Month-to-month,Yes,Bank transfer (automatic),95.35,2854.51,Yes
CUST-103260,Male,0,Yes,Yes,63,Yes,Yes,DSL,No,Yes,No,No,No,No,Month-to-month,Yes,Bank transfer (automatic),72.69,4711.36,No
CUST-103261,Male,0,No,No,12,Yes,Yes,DSL,Yes,Yes,No,No,No,Yes,Month-to-month,Yes,Bank transfer (automatic),79.27,984.35,Yes
CUST-103262,Female,1,Yes,Yes,33,Yes,Yes,Fiber optic,No,Yes,No,No,No,Yes,Month-to-month,No,Electronic check,102.66,3519.15,No
CUST-103263,Female,0,Yes,No,69,Yes,Yes,Fiber optic,Yes,Yes,No,No,No,No,Month-to-month,Yes,Electronic check,111.96,7554.61,Yes
CUST-103264,Female,0,No,Yes,46,Yes,Yes,No,No internet service,No internet service,No internet service,No internet service,No internet service,No internet service,Month-to-month,No,Credit card (automatic),43.54,1909.09,No
CUST-103265,Female,0,No,No,59,Yes,No,DSL,No,No,Yes,No,No,Yes,One year,Yes,Credit card (automatic),77.72,4476.0,No
CUST-103266,Female,0,No,No,50,Yes,No,No,No internet service,No internet service,No internet service,No internet service,No internet service,No internet service,Month-to-month,No,Bank transfer (automatic),36.57,1863.11,Yes
CUST-103267,Female,0,Yes,Yes,53,Yes,Yes,Fiber optic,No,Yes,No,No,No,Yes,Two year,Yes,Electronic check,99.18,5097.07,No
CUST-103268,Male,0,Yes,Yes,26,Yes,Yes,Fiber optic,No,No,Yes,No,No,Yes,Month-to-month,Yes,Mailed check,95.57,2474.41,Yes
CUST-103269,Female,0,Yes,No,33,Yes,Yes,DSL,No,No,Yes,Yes,Yes,No,Month-to-month,Yes,Bank transfer (automatic),76.55,2506.36,No
CUST-103270,Male,0,No,Yes,3,Yes,Yes,DSL,No,No,No,No,Yes,Yes,One year,No,Electronic check,76.39,230.41,Yes
CUST-103271,Male,0,Yes,Yes,18,Yes,Yes,Fiber optic,No,Yes,No,No,Yes,No,Month-to-month,No,Credit card (automatic),98.95,1692.83,Yes
CUST-103272,Female,0,No,No,4,No,No phone service,No,No internet service,No internet service,No internet service,No internet service,No internet service,No internet service,Two year,Yes,Credit card (automatic),20.15,82.01,No
CUST-103273,Male,1,No,No,23,Yes,Yes,Fiber optic,No,No,No,No,No,No,Month-to-month,No,Electronic check,94.41,2222.6,No
CUST-103274,Male,0,No,No,52,Yes,Yes,Fiber optic,Yes,Yes,No,Yes,Yes,No,Month-to-month,No,Electronic check,106.88,5281.28,Yes
CUST-103275,Female,0,Yes,No,14,Yes,No,Fiber optic,No,No,Yes,No,No,No,One year,No,Mailed check,100.78,1465.05,No
CUST-103276,Male,0,Yes,No,34,Yes,No,DSL,No,No,Yes,No,No,Yes,One year,Yes,Mailed check,85.13,2900.22,No
CUST-103277,Male,0,No,No,40,Yes,Yes,DSL,No,No,No,No,No,No,One year,Yes,Mailed check,64.3,2659.28,No
CUST-103278,Female,0,Yes,No,11,Yes,Yes,No,No internet service,No internet service,No internet service,No internet service,No internet service,No internet service,Two year,No,Bank transfer (automatic),37.89,422.51,No
CUST-103279,Female,0,No,No,59,Yes,No,Fiber optic,Yes,No,Yes,Yes,No,No,Month-to-month,Yes,Mailed check,115.14,6966.38,No
CUST-103280,Male,0,Yes,No,56,Yes,No,No,No internet service,No internet service,No internet service,No internet service,No internet service,No internet service,One year,No,Electronic check,39.89,2245.53,No
CUST-103281,Female,0,No,No,13,Yes,No,Fiber optic,Yes,Yes,Yes,No,No,Yes,One year,Yes,Electronic check,110.09,1464.88,No
CUST-103282,Female,0,No,No,2,Yes,Yes,DSL,Yes,Yes,No,Yes,No,No,One year,No,Mailed check,78.85,152.35,Yes
CUST-103283,Male,0,Yes,No,0,Yes,No,Fiber optic,No,No,No,No,No,Yes,Month-to-month,Yes,Mailed check,96.81,0.0,No
CUST-103284,Male,0,No,No,21,Yes,No,Fiber optic,No,Yes,No,Yes,No,Yes,Two year,No,Credit card (automatic),110.23,2397.27,No
CUST-103285,Male,0,No,No,9,Yes,Yes,Fiber optic,No,No,Yes,No,Yes,Yes,One year,No,Electronic check,109.15,999.5,Yes
CUST-103286,Male,0,No,Yes,1,Yes,Yes,DSL,No,No,No,Yes,Yes,Yes,Month-to-month,Yes,Credit card (automatic),95.52,91.55,Yes
CUST-103287,Male,0,Yes,No,33,Yes,Yes,DSL,Yes,No,No,No,No,No,Month-to-month,Yes,Electronic check,75.24,2476.13,No
CUST-103288,Male,0,Yes,No,38,Yes,Yes,Fiber optic,No,Yes,No,No,Yes,No,One year,Yes,Bank transfer (automatic),106.32,3944.46,No
CUST-103289,Male,1,No,No,1,Yes,No,Fiber optic,Yes,Yes,Yes,No,No,No,Two year,No,Electronic check,106.17,106.12,No
CUST-103290,Male,0,Yes,No,43,Yes,No,DSL,No,No,No,No,No,Yes,Month-to-month,Yes,Mailed check,72.42,3034.7,No
CUST-103291,Male,0,No,No,29,Yes,No,Fiber optic,Yes,No,No,No,Yes,No,Two year,Yes,Mailed check,98.92,2952.97,No
CUST-103292,Male,0,Yes,No,14,Yes,No,Fiber optic,Yes,No,Yes,No,Yes,Yes,Month-to-month,Yes,Bank transfer (automatic),113.74,1659.54,No
CUST-103293,Male,0,No,No,8,Yes,No,Fiber optic,No,No,No,Yes,No,No,Month-to-month,No,Electronic check,93.7,769.03,Yes
CUST-103294,Male,0,Yes,Yes,55,No,No phone service,DSL,No,No,No,No,No,Yes,One year,Yes,Mailed check,63.71,3366.45,Yes
CUST-103295,Female,0,No,No,7,Yes,No,No,No internet service,No internet service,No internet service,No internet service,No internet service,No internet service,Month-to-month,No,Mailed check,37.96,264.83,No
CUST-103296,Male,0,Yes,No,14,Yes,Yes,DSL,No,No,No,No,No,No,Month-to-month,No,Bank transfer (automatic),65.67,931.92,No
CUST-103297,Female,0,Yes,Yes,52,Yes,No,DSL,No,No,No,No,Yes,Yes,One year,No,Electronic check,77.86,4150.5,No
CUST-103298,Female,0,Yes,No,45,Yes,Yes,DSL,Yes,No,No,No,No,No,Month-to-month,No,Electronic check,75.21,3437.68,Yes
CUST-103299,Female,0,No,No,72,Yes,No,DSL,No,No,No,No,Yes,Yes,Month-to-month,Yes,Bank transfer (automatic),80.89,5692.46,No
CUST-103300,Female,0,Yes,Yes,2,Yes,Yes,Fiber optic,Yes,No,No,No,No,Yes,Month-to-month,Yes,Mailed check,90.51,178.85,No
CUST-103301,Male,0,No,No,14,Yes,No,DSL,No,No,No,No,Yes,No,Month-to-month,Yes,Electronic check,65.22,875.26,Yes
CUST-103302,Female,0,Yes,No,48,Yes,No,DSL,Yes,No,Yes,No,Yes,Yes,Month-to-month,Yes,Electronic check,89.24,4225.58,No
CUST-103303,Male,0,No,No,16,Yes,Yes,DSL,No,No,Yes,No,No,Yes,Month-to-month,Yes,Bank transfer (automatic),82.78,1365.46,No
CUST-103304,Male,1,No,Yes,27,Yes,No,DSL,No,No,No,No,No,Yes,Two year,No,Credit card (automatic),72.74,1917.49,No
CUST-103305,Male,0,Yes,No,21,Yes,Yes,Fiber optic,Yes,No,Yes,No,No,No,One year,Yes,Bank transfer (automatic),97.49,2049.43,No
CUST-103306,Male,0,Yes,No,59,Yes,Yes,DSL,No,No,No,No,Yes,No,One year,No,Credit card (automatic),76.12,4398.82,No
CUST-103307,Male,1,Yes,No,57,Yes,No,DSL,No,Yes,No,Yes,No,No,Month-to-month,Yes,Bank transfer (automatic),76.81,4353.78,No
CUST-103308,Male,0,No,Yes,58,Yes,Yes,No,No internet service,No internet service,No internet service,No internet service,No internet service,No internet service,Month-to-month,Yes,Mailed check,33.18,1946.29,No
CUST-103309,Female,0,No,Yes,36,Yes,No,Fiber optic,No,Yes,Yes,No,Yes,No,Two year,Yes,Credit card (automatic),99.68,3411.87,No
CUST-103310,Female,0,Yes,No,35,Yes,No,DSL,No,No,Yes,Yes,No,No,One year,Yes,Electronic check,79.3,2786.45,Yes
CUST-103311,Male,0,No,No,41,Yes,Yes,Fiber optic,No,No,No,Yes,No,No,Two year,No,Credit card (automatic),93.26,3905.11,No
CUST-103312,Female,0,No,Yes,4,Yes,No,DSL,Yes,No,No,No,No,Yes,Month-to-month,No,Electronic check,74.57,293.86,Yes
CUST-103313,Male,0,No,No,39,Yes,No,DSL,Yes,No,No,Yes,Yes,Yes,One year,Yes,Bank transfer (automatic),100.0,3785.57,No
CUST-103314,Male,0,No,No,20,Yes,Yes,DSL,No,No,Yes,No,Yes,No,Month-to-month,No,Credit card (automatic),78.43,1646.92,No
CUST-103315,Female,0,No,No,68,Yes,Yes,DSL,No,Yes,Yes,Yes,Yes,Yes,Month-to-month,Yes,Credit card (automatic),103.35,6987.9,Yes
CUST-103316,Female,0,No,No,13,Yes,No,DSL,Yes,No,No,No,No,Yes,Two year,Yes,Credit card (automatic),79.67,1036.91,No
CUST-103317,Male,0,No,No,2,Yes,No,DSL,No,No,No,Yes,No,No,Month-to-month,Yes,Credit card (automatic),81.05,157.8,No
CUST-103318,Male,0,Yes,No,70,No,No phone service,Fiber optic,No,No,No,No,No,No,Month-to-month,Yes,Mailed check,68.45,4941.7,No
CUST-103319,Male,1,No,No,11,Yes,Yes,DSL,No,Yes,No,No,Yes,Yes,Month-to-month,No,Mailed check,80.65,913.06,No
CUST-103320,Male,0,No,No,37,Yes,No,DSL,No,Yes,Yes,No,No,Yes,One year,No,Mailed check,79.65,2844.88,No
CUST-103321,Male,1,No,Yes,27,Yes,Yes,No,No internet service,No internet service,No internet service,No internet service,No internet service,No internet service,Two year,No,Electronic check,41.22,1116.71,No
CUST-103322,Female,0,Yes,No,19,Yes,No,Fiber optic,No,Yes,No,No,Yes,No,Month-to-month,Yes,Mailed check,92.87,1811.45,No
CUST-103323,Female,0,No,No,35,Yes,Yes,Fiber optic,No,No,No,No,No,No,Two year,Yes,Electronic check,83.77,2891.04,Yes
CUST-103324,Male,0,Yes,No,53,Yes,Yes,Fiber optic,No,No,Yes,No,Yes,Yes,Month-to-month,Yes,Credit card (automatic),111.91,5726.94,Yes
CUST-103325,Female,0,No,Yes,8,Yes,No,Fiber optic,No,No,Yes,No,No,No,Two year,Yes,Bank transfer (automatic),102.72,829.43,No
CUST-103326,Male,0,Yes,No,48,No,No phone service,Fiber optic,No,No,No,Yes,No,No,One year,Yes,Electronic check,77.3,3794.95,No
CUST-103327,Male,1,No,No,65,Yes,Yes,Fiber optic,Yes,No,Yes,No,No,No,Two year,Yes,Bank transfer (automatic),97.78,6306.59,No
CUST-103328,Male,0,Yes,No,21,Yes,No,No,No internet service,No internet service,No internet service,No internet service,No internet service,No internet service,One year,Yes,Bank transfer (automatic),40.61,872.4,No
CUST-103329,Female,0,Yes,No,49,Yes,No,Fiber optic,No,Yes,Yes,No,No,No,Month-to-month,Yes,Credit card (automatic),100.95,5028.27,No
CUST-103330,Female,0,Yes,No,67,Yes,No,DSL,No,No,No,No,Yes,No,Month-to-month,Yes,Electronic check,68.83,4485.06,Yes
CUST-103331,Female,0,Yes,Yes,68,Yes,No,DSL,No,No,No,No,Yes,Yes,Two year,No,Bank transfer (automatic),66.32,4694.35,No
CUST-103332,Male,0,Yes,Yes,47,Yes,No,DSL,No,No,No,No,No,Yes,Two year,No,Electronic check,72.97,3479.08,No
CUST-103333,Female,1,No,No,68,Yes,No,Fiber optic,No,No,No,Yes,Yes,Yes,One year,No,Credit card (automatic),102.82,7302.92,No
CUST-103334,Male,0,No,Yes,56,Yes,No,No,No internet service,No internet service,No internet service,No internet service,No internet service,No internet service,One year,No,Credit card (automatic),41.98,2406.04,No
CUST-103335,Male,0,No,No,37,Yes,No,Fiber optic,No,No,Yes,No,No,No,Month-to-month,No,Electronic check,96.49,3698.67,Yes
CUST-103336,Female,0,No,No,9,Yes,Yes,Fiber optic,No,No,Yes,Yes,No,Yes,Month-to-month,No,Electronic check,98.69,897.4,Yes
CUST-103337,Male,0,Yes,No,62,No,No phone service,Fiber optic,No,Yes,No,No,Yes,No,Month-to-month,No,Electronic check,77.83,5044.89,Yes
CUST-103338,Female,1,No,No,20,Yes,Yes,Fiber optic,Yes,No,No,No,Yes,No,One year,No,Mailed check,110.71,2173.48,No
CUST-103339,Female,1,No,No,53,Yes,No,Fiber optic,No,Yes,Yes,No,No,No,One year,Yes,Electronic check,104.57,5681.1,Yes
CUST-103340,Female,0,Yes,No,47,Yes,Yes,Fiber optic,No,Yes,No,Yes,No,No,One year,Yes,Bank transfer (automatic),101.95,4997.31,Yes
CUST-103341,Male,1,No,Yes,26,Yes,Yes,Fiber optic,No,Yes,No,No,No,No,One year,Yes,Mailed check,92.48,2375.06,No
CUST-103342,Male,0,No,Yes,56,Yes,Yes,Fiber optic,No,No,No,No,Yes,No,Month-to-month,Yes,Mailed check,94.56,5450.52,Yes
CUST-103343,Female,0,No,No,47,Yes,No,Fiber optic,Yes,No,No,No,No,No,Month-to-month,Yes,Bank transfer (automatic),88.57,4091.35,Yes
CUST-103344,Female,0,No,No,54,Yes,Yes,Fiber optic,No,No,Yes,No,No,No,Month-to-month,No,Bank transfer (automatic),94.93,5342.95,Yes
CUST-103345,Female,0,Yes,No,69,Yes,No,Fiber optic,Yes,No,No,Yes,Yes,No,Month-to-month,No,Electronic check,111.86,8065.4,No
CUST-103346,Female,0,No,No,20,Yes,Yes,No,No internet service,No internet service,No internet service,No internet service,No internet service,No internet service,One year,Yes,Bank transfer (automatic),37.23,750.73,No
CUST-103347,Male,0,Yes,No,55,Yes,No,Fiber optic,Yes,No,Yes,No,No,No,One year,Yes,Bank transfer (automatic),106.65,6091.33,No
CUST-103348,Male,0,No,Yes,2,Yes,No,Fiber optic,No,No,Yes,Yes,No,Yes,Two year,No,Electronic check,108.73,217.0,No
CUST-103349,Female,1,Yes,Yes,51,No,No phone service,No,No internet service,No internet service,No internet service,No internet service,No internet service,No internet service,Month-to-month,No,Electronic check,18.0,962.35,No
CUST-103350,Male,1,No,No,11,Yes,No,No,No internet service,No internet service,No internet service,No internet service,No internet service,No internet service,Two year,No,Bank transfer (automatic),39.77,442.77,No
CUST-103351,Female,0,No,No,16,Yes,No,Fiber optic,No,No,No,No,No,Yes,One year,Yes,Electronic check,96.81,1546.46,Yes
CUST-103352,Male,0,Yes,No,14,Yes,No,No,No internet service,No internet service,No internet service,No internet service,No internet service,No internet service,Month-to-month,No,Electronic check,36.43,500.69,No
CUST-103353,Female,0,Yes,No,60,Yes,Yes,No,No internet service,No internet service,No internet service,No internet service,No internet service,No internet service,One year,No,Mailed check,38.75,2313.37,No
CUST-103354,Female,0,Yes,No,27,Yes,No,DSL,No,No,No,No,No,No,Two year,No,Credit card (automatic),67.61,1771.94,No
CUST-103355,Male,0,No,No,28,Yes,Yes,Fiber optic,No,Yes,No,No,No,No,Month-to-month,No,Bank transfer (automatic),94.76,2539.08,No
CUST-103356,Male,0,No,Yes,26,Yes,Yes,Fiber optic,No,No,Yes,No,Yes,No,One year,Yes,Credit card (automatic),101.33,2666.63,Yes
CUST-103357,Female,0,Yes,Yes,45,No,No phone service,Fiber optic,No,No,Yes,No,No,Yes,Month-to-month,No,Electronic check,77.7,3387.72,Yes
CUST-103358,Male,0,No,Yes,66,Yes,No,No,No internet service,No internet service,No internet service,No internet service,No internet service,No internet service,Month-to-month,Yes,Credit card (automatic),44.12,2786.24,No
CUST-103359,Female,0,No,Yes,49,Yes,No,DSL,No,No,No,No,Yes,No,Month-to-month,Yes,Mailed check,69.2,3494.69,No
CUST-103360,Female,0,Yes,No,7,Yes,Yes,Fiber optic,No,Yes,Yes,No,No,Yes,Month-to-month,No,Credit card (automatic),99.18,669.07,Yes
CUST-103361,Female,1,No,No,37,Yes,No,Fiber optic,No,No,No,No,Yes,Yes,One year,Yes,Mailed check,111.8,4019.45,No
CUST-103362,Male,0,Yes,Yes,7,Yes,No,Fiber optic,Yes,No,No,No,Yes,Yes,Month-to-month,No,Bank transfer (automatic),111.9,760.02,No
CUST-103363,Female,0,Yes,Yes,12,Yes,No,Fiber optic,No,Yes,No,No,Yes,Yes,One year,No,Credit card (automatic),103.06,1274.2,No
CUST-103364,Male,0,Yes,Yes,14,Yes,No,Fiber optic,No,No,No,No,No,Yes,Two year,Yes,Credit card (automatic),94.57,1263.89,No
CUST-103365,Female,0,Yes,Yes,50,Yes,Yes,DSL,No,No,No,No,No,No,Two year,No,Electronic check,58.44,3040.02,No
CUST-103366,Female,0,No,Yes,63,Yes,Yes,DSL,Yes,No,No,No,No,Yes,Month-to-month,No,Electronic check,82.79,5448.07,No
CUST-103367,Male,0,No,Yes,18,No,No phone service,DSL,No,No,Yes,No,No,No,Month-to-month,No,Bank transfer (automatic),47.24,845.22,Yes
CUST-103368,Male,0,Yes,Yes,68,Yes,No,DSL,No,No,No,No,No,No,Month-to-month,Yes,Electronic check,66.95,4463.6,Yes
CUST-103369,Male,0,No,No,19,Yes,No,Fiber optic,Yes,Yes,No,Yes,Yes,No,Month-to-month,Yes,Electronic check,108.98,2107.6,No
CUST-103370,Female,0,Yes,No,22,Yes,Yes,No,No internet service,No internet service,No internet service,No internet service,No internet service,No internet service,Month-to-month,Yes,Electronic check,33.06,755.98,No
CUST-103371,Male,0,Yes,Yes,9,Yes,Yes,DSL,No,No,Yes,Yes,No,No,One year,No,Mailed check,73.09,636.57,No
CUST-103372,Male,0,No,No,3,Yes,Yes,Fiber optic,Yes,No,Yes,No,No,No,One year,No,Bank transfer (automatic),105.46,309.82,No
CUST-103373,Female,0,No,Yes,45,No,No phone service,DSL,No,No,No,No,No,No,Month-to-month,Yes,Electronic check,46.94,2044.23,No
CUST-103374,Female,0,No,No,29,Yes,Yes,Fiber optic,Yes,Yes,Yes,No,No,No,Month-to-month,Yes,Mailed check,114.51,3208.81,Yes
CUST-103375,Female,0,Yes,No,8,Yes,Yes,DSL,No,No,Yes,Yes,No,No,Two year,No,Mailed check,72.39,570.8,Yes
CUST-103376,Female,0,Yes,No,41,Yes,Yes,DSL,No,No,No,No,No,No,Two year,No,Credit card (automatic),61.42,2430.62,No
CUST-103377,Female,0,Yes,No,25,Yes,No,No,No internet service,No internet service,No internet service,No internet service,No internet service,No internet service,One year,Yes,Electronic check,47.38,1230.21,No
CUST-103378,Female,0,No,No,28,Yes,Yes,Fiber optic,Yes,Yes,No,No,Yes,No,One year,Yes,Credit card (automatic),106.48,3112.9,No
CUST-103379,Male,0,Yes,Yes,64,Yes,No,DSL,No,No,No,No,No,No,One year,Yes,Credit card (automatic),74.31,4714.2,No
CUST-103380,Female,0,No,No,29,Yes,No,DSL,Yes,No,No,No,No,Yes,Month-to-month,No,Mailed check,81.18,2385.63,Yes
CUST-103381,Female,0,Yes,No,33,Yes,No,No,No internet service,No internet service,No internet service,No internet service,No internet service,No internet service,Two year,Yes,Bank transfer (automatic),37.66,1269.45,No
CUST-103382,Female,0,Yes,No,50,Yes,No,Fiber optic,No,No,No,Yes,No,No,Month-to-month,No,Electronic check,100.57,5131.6,No
CUST-103383,Female,0,Yes,Yes,65,Yes,Yes,No,No internet service,No internet service,No internet service,No internet service,No internet service,No internet service,One year,Yes,Mailed check,36.25,2398.41,No
CUST-103384,Female,1,No,No,53,Yes,Yes,Fiber optic,No,Yes,Yes,Yes,Yes,No,Month-to-month,Yes,Electronic check,112.38,5861.34,No
CUST-103385,Male,1,No,No,35,Yes,Yes,Fiber optic,Yes,No,No,No,Yes,No,One year,Yes,Bank transfer (automatic),102.0,3546.58,Yes
CUST-103386,Female,0,No,No,22,Yes,No,Fiber optic,No,No,No,No,No,Yes,One year,Yes,Credit card (automatic),95.74,2015.09,No
CUST-103387,Female,0,No,No,13,Yes,Yes,Fiber optic,No,Yes,No,No,No,Yes,One year,Yes,Electronic check,108.41,1394.07,Yes
CUST-103388,Male,0,No,No,9,Yes,No,No,No internet service,No internet service,No internet service,No internet service,No internet service,No internet service,Month-to-month,Yes,Mailed check,46.46,410.23,No
CUST-103389,Female,0,Yes,No,55,Yes,No,DSL,No,No,No,Yes,No,Yes,One year,Yes,Bank transfer (automatic),83.88,4661.45,No
CUST-103390,Male,0,No,No,53,Yes,No,Fiber optic,Yes,No,No,No,Yes,No,One year,No,Mailed check,98.39,5415.19,No
CUST-103391,Female,0,No,Yes,25,Yes,No,DSL,No,Yes,No,Yes,Yes,Yes,One year,Yes,Mailed check,93.38,2284.23,No
CUST-103392,Female,0,No,Yes,68,Yes,No,No,No internet service,No internet service,No internet service,No internet service,No internet service,No internet service,Month-to-month,Yes,Mailed check,42.34,2904.43,Yes
CUST-103393,Male,0,Yes,No,70,No,No phone service,Fiber optic,No,No,Yes,No,No,Yes,Month-to-month,Yes,Bank transfer (automatic),83.23,6096.88,Yes
CUST-103394,Male,0,Yes,No,45,Yes,No,DSL,No,No,No,Yes,No,No,One year,Yes,Electronic check,63.36,2844.31,No
CUST-103395,Female,0,No,No,19,No,No phone service,Fiber optic,No,Yes,No,No,Yes,Yes,Month-to-month,No,Mailed check,93.27,1754.48,Yes
CUST-103396,Male,1,Yes,No,36,Yes,Yes,Fiber optic,No,No,No,No,Yes,No,One year,No,Mailed check,90.92,3290.59,Yes
CUST-103397,Female,0,Yes,No,60,Yes,No,No,No internet service,No internet service,No internet service,No internet service,No internet service,No internet service,Month-to-month,No,Electronic check,40.67,2539.41,Yes
CUST-103398,Male,0,Yes,No,37,Yes,No,Fiber optic,No,No,Yes,No,No,No,One year,No,Mailed check,100.12,3543.39,Yes
CUST-103399,Female,1,No,Yes,36,Yes,Yes,DSL,No,Yes,Yes,No,No,Yes,Month-to-month,Yes,Mailed check,82.23,2976.95,No
CUST-103400,Female,0,Yes,No,38,Yes,No,Fiber optic,Yes,No,Yes,No,No,No,Two year,Yes,Bank transfer (automatic),105.48,3917.49,No
CUST-103401,Female,0,No,No,61,Yes,Yes,DSL,No,No,No,No,No,No,Month-to-month,Yes,Mailed check,62.97,3995.43,Yes
CUST-103402,Male,0,No,Yes,29,Yes,No,Fiber optic,No,Yes,No,Yes,No,No,Month-to-month,Yes,Mailed check,117.39,3296.72,Yes
CUST-103403,Female,0,No,No,13,Yes,No,Fiber optic,No,No,No,Yes,No,No,Month-to-month,Yes,Bank transfer (automatic),90.5,1159.93,No
CUST-103404,Male,0,Yes,Yes,37,Yes,No,Fiber optic,No,No,No,Yes,Yes,Yes,Two year,No,Mailed check,109.93,3940.68,No
CUST-103405,Male,0,No,Yes,46,Yes,No,Fiber optic,No,No,Yes,No,Yes,Yes,Month-to-month,No,Mailed check,114.41,5140.42,Yes
CUST-103406,Male,0,Yes,No,68,Yes,Yes,DSL,No,No,No,Yes,No,Yes,Month-to-month,Yes,Mailed check,71.78,5104.67,No
CUST-103407,Female,0,Yes,No,8,Yes,No,No,No internet service,No internet service,No internet service,No internet service,No internet service,No internet service,Month-to-month,Yes,Mailed check,35.98,275.89,No
CUST-103408,Female,1,Yes,Yes,68,Yes,No,No,No internet service,No internet service,No internet service,No internet service,No internet service,No internet service,Two year,No,Credit card (automatic),34.21,2341.38,No
CUST-103409,Male,0,Yes,No,58,Yes,No,Fiber optic,No,No,Yes,No,No,No,Month-to-month,No,Bank transfer (automatic),98.1,5408.98,No
CUST-103410,Male,0,No,Yes,51,Yes,No,Fiber optic,No,No,Yes,Yes,No,No,One year,No,Electronic check,102.56,5198.93,No
CUST-103411,Female,0,Yes,No,17,Yes,Yes,Fiber optic,Yes,No,No,No,Yes,Yes,Month-to-month,Yes,Mailed check,99.08,1636.44,No
CUST-103412,Male,0,No,No,15,Yes,Yes,Fiber optic,Yes,Yes,No,No,Yes,Yes,Month-to-month,Yes,Electronic check,124.24,1932.63,No
CUST-103413,Male,0,Yes,No,31,Yes,No,DSL,Yes,Yes,No,No,Yes,Yes,Month-to-month,No,Bank transfer (automatic),83.31,2498.41,No
CUST-103414,Female,0,No,No,13,Yes,Yes,Fiber optic,No,No,Yes,Yes,No,Yes,One year,Yes,Credit card (automatic),98.46,1269.83,No
CUST-103415,Male,1,No,No,47,Yes,Yes,DSL,No,No,Yes,No,No,No,Month-to-month,Yes,Bank transfer (automatic),73.5,3593.36,No
CUST-103416,Female,0,Yes,No,54,Yes,No,No,No internet service,No internet service,No internet service,No internet service,No internet service,No internet service,Two year,Yes,Mailed check,42.2,2268.04,No
CUST-103417,Female,0,No,Yes,34,Yes,Yes,No,No internet service,No internet service,No internet service,No internet service,No internet service,No internet service,Month-to-month,No,Electronic check,38.5,1341.39,No
CUST-103418,Male,0,Yes,Yes,50,Yes,No,DSL,No,No,No,Yes,Yes,No,One year,Yes,Electronic check,81.23,3962.06,No
CUST-103419,Male,0,No,No,56,Yes,Yes,Fiber optic,No,No,No,No,No,Yes,Month-to-month,Yes,Mailed check,91.4,5254.94,No
CUST-103420,Female,0,No,No,66,Yes,Yes,DSL,No,No,No,No,Yes,Yes,Month-to-month,Yes,Credit card (automatic),79.48,5311.83,Yes
CUST-103421,Female,0,No,Yes,50,Yes,No,DSL,Yes,No,No,No,No,Yes,Two year,Yes,Mailed check,77.52,3883.2,No
CUST-103422,Female,0,Yes,No,17,Yes,Yes,DSL,Yes,No,Yes,No,No,No,One year,No,Credit card (automatic),86.26,1459.28,No
CUST-103423,Male,0,No,No,9,Yes,No,Fiber optic,Yes,No,No,No,No,Yes,One year,No,Mailed check,92.58,851.01,Yes
CUST-103424,Female,0,No,No,68,Yes,Yes,No,No internet service,No internet service,No internet service,No internet service,No internet service,No internet service,One year,Yes,Electronic check,43.6,2843.37,No
CUST-103425,Female,0,No,No,56,No,No phone service,DSL,No,Yes,No,No,No,No,Month-to-month,Yes,Bank transfer (automatic),49.12,2690.33,No
CUST-103426,Male,0,Yes,No,62,Yes,Yes,No,No internet service,No internet service,No internet service,No internet service,No internet service,No internet service,Two year,No,Electronic check,34.27,2078.46,No
CUST-103427,Female,1,Yes,No,30,Yes,No,Fiber optic,No,No,No,No,No,Yes,Month-to-month,No,Electronic check,93.67,2766.15,Yes
CUST-103428,Female,0,No,No,11,Yes,Yes,DSL,No,No,No,No,No,Yes,Two year,No,Electronic check,67.83,772.36,Yes
CUST-103429,Male,1,No,Yes,43,Yes,No,Fiber optic,Yes,No,No,Yes,No,No,One year,Yes,Mailed check,98.58,4306.29,No
CUST-103430,Male,0,No,No,46,Yes,Yes,Fiber optic,No,No,No,No,No,No,Month-to-month,Yes,Electronic check,90.15,4341.46,Yes
CUST-103431,Female,0,No,No,15,Yes,Yes,Fiber optic,Yes,No,Yes,No,No,Yes,One year,No,Credit card (automatic),100.55,1472.74,No
CUST-103432,Male,0,No,No,34,Yes,Yes,Fiber optic,No,No,No,No,No,Yes,Two year,Yes,Credit card (automatic),92.01,3267.93,No
CUST-103433,Male,0,Yes,No,30,No,No phone service,DSL,No,No,No,No,No,Yes,Month-to-month,Yes,Bank transfer (automatic),51.76,1522.67,No
CUST-103434,Male,0,No,No,18,Yes,Yes,Fiber optic,No,No,No,No,Yes,No,Month-to-month,No,Mailed check,96.24,1691.08,No
CUST-103435,Female,0,Yes,No,59,Yes,Yes,Fiber optic,No,No,No,No,Yes,No,One year,No,Electronic check,102.78,6015.47,No
CUST-103436,Male,1,No,Yes,35,Yes,No,No,No internet service,No internet service,No internet service,No internet service,No internet service,No internet service,Month-to-month,Yes,Bank transfer (automatic),41.35,1412.85,Yes
CUST-103437,Female,0,Yes,No,67,Yes,No,Fiber optic,Yes,No,Yes,No,No,No,Month-to-month,No,Electronic check,98.61,6709.17,Yes
CUST-103438,Female,0,No,No,0,Yes,Yes,DSL,No,Yes,Yes,Yes,No,No,One year,Yes,Mailed check,77.07,0.0,No
CUST-103439,Female,0,No,Yes,68,Yes,Yes,No,No internet service,No internet service,No internet service,No internet service,No internet service,No internet service,Two year,Yes,Electronic check,33.19,2311.12,No
CUST-103440,Female,0,No,No,48,Yes,Yes,DSL,No,Yes,No,No,No,Yes,Month-to-month,Yes,Mailed check,62.86,2998.0,No
CUST-103441,Male,0,Yes,No,51,Yes,No,DSL,No,No,No,Yes,Yes,No,Two year,Yes,Mailed check,73.05,3855.31,No
CUST-103442,Male,0,No,No,21,Yes,Yes,Fiber optic,Yes,No,Yes,Yes,No,No,Month-to-month,No,Mailed check,118.15,2514.1,No
CUST-103443,Male,0,Yes,No,5,Yes,Yes,DSL,No,No,Yes,No,Yes,No,Month-to-month,Yes,Bank transfer (automatic),74.02,354.85,Yes
CUST-103444,Female,0,Yes,No,16,Yes,No,Fiber optic,Yes,No,No,No,No,No,Month-to-month,Yes,Electronic check,99.99,1525.61,No
CUST-103445,Female,0,No,No,32,Yes,No,Fiber optic,No,No,No,No,Yes,No,Month-to-month,Yes,Electronic check,94.71,2980.27,Yes
CUST-103446,Male,0,No,No,24,Yes,Yes,No,No internet service,No internet service,No internet service,No internet service,No internet service,No internet service,One year,Yes,Mailed check,32.27,743.94,No
CUST-103447,Female,0,Yes,No,14,Yes,No,Fiber optic,No,Yes,Yes,No,No,Yes,Month-to-month,No,Bank transfer (automatic),109.39,1586.09,Yes
CUST-103448,Female,0,No,Yes,0,Yes,No,Fiber optic,Yes,No,No,No,No,No,Month-to-month,Yes,Electronic check,89.85,0.0,Yes
CUST-103449,Male,1,Yes,Yes,50,Yes,No,No,No internet service,No internet service,No internet service,No internet service,No internet service,No internet service,One year,No,Credit card (automatic),47.7,2344.23,No
CUST-103450,Male,0,No,No,48,Yes,Yes,Fiber optic,No,Yes,No,No,No,No,One year,Yes,Electronic check,90.91,4437.61,No
CUST-103451,Male,1,No,No,11,Yes,Yes,DSL,No,No,No,Yes,No,Yes,One year,Yes,Electronic check,76.88,877.52,No
CUST-103452,Male,0,No,No,57,Yes,No,Fiber optic,Yes,Yes,No,No,Yes,Yes,One year,Yes,Bank transfer (automatic),97.48,5474.04,Yes
CUST-103453,Male,0,No,Yes,71,Yes,No,No,No internet service,No internet service,No internet service,No internet service,No internet service,No internet service,Two year,No,Electronic check,46.55,3388.88,No
CUST-103454,Female,0,No,Yes,72,Yes,Yes,Fiber optic,No,No,No,Yes,No,No,One year,Yes,Mailed check,95.07,6661.32,No
CUST-103455,Female,0,No,No,14,Yes,No,Fiber optic,No,Yes,No,No,Yes,No,Two year,Yes,Electronic check,109.02,1532.51,Yes
CUST-103456,Female,0,Yes,Yes,31,Yes,No,Fiber optic,No,Yes,No,Yes,No,No,Two year,Yes,Mailed check,94.3,2885.99,No
CUST-103457,Male,0,Yes,No,3,Yes,No,DSL,No,Yes,Yes,No,No,Yes,Two year,No,Electronic check,75.07,225.65,No
CUST-103458,Female,0,No,No,0,No,No phone service,Fiber optic,No,Yes,Yes,Yes,No,No,Month-to-month,Yes,Electronic check,94.66,0.0,Yes
CUST-103459,Male,1,Yes,No,61,Yes,No,Fiber optic,Yes,No,No,No,No,Yes,Month-to-month,Yes,Mailed check,102.23,6485.27,No
CUST-103460,Male,0,No,No,70,Yes,Yes,Fiber optic,No,No,No,Yes,Yes,No,Month-to-month,Yes,Bank transfer (automatic),97.95,7099.9,Yes
CUST-103461,Female,0,Yes,Yes,14,Yes,No,Fiber optic,No,No,No,Yes,Yes,Yes,Month-to-month,No,Bank transfer (automatic),117.51,1644.75,Yes
CUST-103462,Female,0,No,No,33,Yes,Yes,Fiber optic,Yes,No,Yes,Yes,No,Yes,One year,No,Mailed check,115.88,3706.96,No
CUST-103463,Male,0,No,Yes,1,Yes,No,Fiber optic,Yes,Yes,Yes,No,No,Yes,Month-to-month,No,Credit card (automatic),110.25,105.3,Yes
CUST-103464,Male,0,No,No,59,Yes,No,No,No internet service,No internet service,No internet service,No internet service,No internet service,No internet service,One year,Yes,Electronic check,39.52,2361.0,Yes
CUST-103465,Female,0,No,No,40,Yes,No,Fiber optic,No,Yes,Yes,Yes,No,No,Two year,Yes,Credit card (automatic),106.75,4278.69,Yes
CUST-103466,Female,0,Yes,No,21,Yes,No,No,No internet service,No internet service,No internet service,No internet service,No internet service,No internet service,Month-to-month,Yes,Credit card (automatic),33.01,668.34,No
CUST-103467,Male,0,No,No,70,Yes,Yes,DSL,No,No,No,Yes,No,No,Two year,No,Bank transfer (automatic),74.7,5110.69,No
CUST-103468,Female,0,Yes,Yes,9,Yes,Yes,DSL,Yes,Yes,Yes,No,No,No,One year,No,Electronic check,91.12,814.05,Yes
CUST-103469,Female,0,No,Yes,19,Yes,No,No,No internet service,No internet service,No internet service,No internet service,No internet service,No internet service,Two year,No,Credit card (automatic),45.01,877.3,No
CUST-103470,Male,0,No,No,54,Yes,No,Fiber optic,No,No,No,No,No,No,Month-to-month,Yes,Mailed check,91.28,4706.37,No
CUST-103471,Female,0,Yes,No,29,Yes,No,No,No internet service,No internet service,No internet service,No internet service,No internet service,No internet service,Two year,Yes,Electronic check,37.52,1093.86,No
CUST-103472,Female,0,Yes,No,51,Yes,No,Fiber optic,No,No,No,No,Yes,No,Month-to-month,Yes,Credit card (automatic),96.04,4855.93,No
CUST-103473,Female,1,Yes,No,17,Yes,Yes,DSL,No,Yes,No,No,Yes,No,Two year,Yes,Mailed check,71.03,1262.71,No
CUST-103474,Male,0,Yes,No,48,Yes,No,Fiber optic,No,Yes,No,No,No,Yes,Month-to-month,Yes,Mailed check,103.38,4836.36,Yes
CUST-103475,Male,0,No,No,40,Yes,No,DSL,No,Yes,No,No,No,No,Month-to-month,Yes,Bank transfer (automatic),71.6,2902.51,No
CUST-103476,Female,0,Yes,Yes,3,Yes,No,Fiber optic,Yes,Yes,Yes,Yes,Yes,Yes,Month-to-month,Yes,Credit card (automatic),113.96,328.98,Yes
CUST-103477,Female,0,No,No,23,Yes,No,Fiber optic,Yes,No,No,No,Yes,Yes,One year,Yes,Mailed check,93.21,2214.43,No
CUST-103478,Male,0,No,No,21,Yes,No,Fiber optic,No,Yes,No,No,Yes,No,Two year,No,Credit card (automatic),105.11,2119.63,Yes
CUST-103479,Female,0,No,No,43,Yes,No,Fiber optic,No,Yes,No,Yes,No,Yes,One year,No,Electronic check,110.83,4944.13,Yes
CUST-103480,Female,1,No,No,31,Yes,Yes,Fiber optic,No,No,No,No,No,Yes,One year,No,Bank transfer (automatic),93.95,2846.88,No
CUST-103481,Male,1,Yes,No,34,Yes,No,No,No internet service,No internet service,No internet service,No internet service,No internet service,No internet service,Month-to-month,No,Mailed check,34.07,1152.04,No
CUST-103482,Female,0,No,No,12,Yes,Yes,DSL,No,No,No,Yes,Yes,Yes,Two year,Yes,Electronic check,82.96,962.85,No
CUST-103483,Male,0,No,No,67,Yes,No,DSL,No,Yes,No,Yes,Yes,Yes,Month-to-month,Yes,Electronic check,77.54,5114.97,No
CUST-103484,Male,0,No,No,54,Yes,Yes,DSL,No,Yes,No,Yes,Yes,Yes,Two year,Yes,Electronic check,97.51,5177.1,No
CUST-103485,Male,0,Yes,No,48,Yes,No,Fiber optic,No,Yes,No,No,Yes,No,One year,Yes,Electronic check,110.11,5271.76,No
CUST-103486,Male,0,Yes,No,20,Yes,No,DSL,No,No,Yes,Yes,Yes,No,Month-to-month,No,Bank transfer (automatic),84.85,1662.22,Yes
CUST-103487,Female,0,No,Yes,49,Yes,Yes,Fiber optic,No,No,No,No,Yes,No,Month-to-month,Yes,Electronic check,91.06,4300.58,Yes
CUST-103488,Male,0,No,No,17,Yes,Yes,DSL,No,Yes,No,Yes,No,No,One year,No,Bank transfer (automatic),81.23,1374.8,No
CUST-103489,Female,0,Yes,Yes,35,Yes,No,DSL,No,No,No,No,No,Yes,Two year,No,Credit card (automatic),73.83,2462.47,No
CUST-103490,Male,0,No,Yes,19,Yes,Yes,Fiber optic,Yes,No,No,No,No,Yes,One year,Yes,Bank transfer (automatic),100.71,1820.16,No
CUST-103491,Female,0,Yes,No,22,Yes,Yes,No,No internet service,No internet service,No internet service,No internet service,No internet service,No internet service,Two year,No,Credit card (automatic),44.32,994.18,No
CUST-103492,Male,1,No,Yes,47,Yes,No,DSL,No,No,No,No,Yes,Yes,Two year,No,Bank transfer (automatic),70.44,3346.13,No
CUST-103493,Female,0,Yes,No,22,Yes,No,DSL,No,No,No,No,No,No,Month-to-month,Yes,Credit card (automatic),56.64,1227.87,Yes
CUST-103494,Female,0,Yes,No,53,Yes,Yes,DSL,No,No,Yes,No,Yes,No,Month-to-month,Yes,Bank transfer (automatic),73.87,3901.28,No
CUST-103495,Female,0,Yes,No,36,Yes,No,No,No internet service,No internet service,No internet service,No internet service,No internet service,No internet service,One year,Yes,Electronic check,34.42,1245.61,No
CUST-103496,Male,0,Yes,No,71,Yes,No,Fiber optic,No,Yes,No,No,No,No,Month-to-month,Yes,Bank transfer (automatic),94.24,6498.0,No
CUST-103497,Male,0,Yes,No,14,Yes,Yes,No,No internet service,No internet service,No internet service,No internet service,No internet service,No internet service,Two year,No,Bank transfer (automatic),35.04,507.42,No
CUST-103498,Male,1,Yes,No,68,Yes,Yes,DSL,No,No,No,Yes,Yes,No,Month-to-month,Yes,Bank transfer (automatic),71.52,4915.85,Yes
CUST-103499,Male,0,Yes,Yes,9,Yes,No,DSL,Yes,No,No,No,Yes,No,One year,No,Electronic check,77.4,698.91,No
CUST-103500,Male,0,No,No,40,No,No phone service,Fiber optic,No,No,Yes,Yes,Yes,Yes,Month-to-month,Yes,Mailed check,94.81,3771.71,No
CUST-103501,Female,1,No,No,27,No,No phone service,Fiber optic,Yes,No,Yes,No,Yes,No,Two year,No,Credit card (automatic),92.26,2380.29,No
CUST-103502,Male,0,No,No,54,Yes,Yes,No,No internet service,No internet service,No internet service,No internet service,No internet service,No internet service,Month-to-month,Yes,Credit card (automatic),44.35,2481.47,No
CUST-103503,Male,0,Yes,No,9,Yes,No,DSL,Yes,No,No,No,No,No,One year,No,Mailed check,72.63,645.09,No
CUST-103504,Male,1,Yes,No,18,No,No phone service,No,No internet service,No internet service,No internet service,No internet service,No internet service,No internet service,Month-to-month,Yes,Mailed check,23.48,432.36,No
CUST-103505,Female,0,No,Yes,16,Yes,No,Fiber optic,Yes,No,No,No,Yes,No,Two year,No,Electronic check,103.26,1697.42,No
CUST-103506,Female,0,No,Yes,67,Yes,No,Fiber optic,No,No,No,No,No,Yes,Month-to-month,No,Bank transfer (automatic),96.04,6256.83,No
CUST-103507,Female,0,No,No,39,Yes,No,No,No internet service,No internet service,No internet service,No internet service,No internet service,No internet service,One year,Yes,Electronic check,36.26,1432.8,No
CUST-103508,Male,0,No,No,11,Yes,No,Fiber optic,Yes,Yes,No,No,No,No,Two year,Yes,Credit card (automatic),107.53,1137.71,No
CUST-103509,Male,0,No,No,57,Yes,No,Fiber optic,No,No,Yes,No,Yes,Yes,Month-to-month,No,Mailed check,107.11,5940.93,Yes
CUST-103510,Female,0,No,No,20,Yes,No,Fiber optic,No,Yes,No,No,Yes,No,Month-to-month,No,Electronic check,100.83,2035.71,No
CUST-103511,Female,1,Yes,No,16,Yes,Yes,DSL,Yes,Yes,Yes,No,No,Yes,Month-to-month,No,Electronic check,89.02,1457.57,Yes
CUST-103512,Male,0,No,No,36,Yes,No,DSL,No,No,No,No,No,No,One year,Yes,Mailed check,69.43,2428.69,No
CUST-103513,Male,0,No,Yes,57,No,No phone service,No,No internet service,No internet service,No internet service,No internet service,No internet service,No internet service,Month-to-month,Yes,Bank transfer (automatic),18.71,1034.28,Yes
CUST-103514,Male,0,No,No,61,No,No phone service,No,No internet service,No internet service,No internet service,No internet service,No internet service,No internet service,Month-to-month,Yes,Bank transfer (automatic),22.0,1390.67,No
CUST-103515,Female,1,Yes,No,1,Yes,Yes,No,No internet service,No internet service,No internet service,No internet service,No internet service,No internet service,Month-to-month,No,Mailed check,43.0,43.82,No
CUST-103516,Male,0,Yes,No,65,No,No phone service,Fiber optic,No,No,No,Yes,No,Yes,Month-to-month,Yes,Mailed check,85.82,5526.26,Yes
CUST-103517,Female,0,Yes,No,72,Yes,No,Fiber optic,No,No,Yes,Yes,No,Yes,Month-to-month,Yes,Electronic check,111.13,8105.03,Yes
CUST-103518,Female,0,Yes,No,23,Yes,No,DSL,No,Yes,Yes,No,No,No,Month-to-month,No,Electronic check,83.55,2005.33,No
CUST-103519,Female,0,No,Yes,37,Yes,No,Fiber optic,No,No,No,No,Yes,No,One year,No,Electronic check,97.52,3772.9,No
CUST-103520,Female,1,No,No,27,Yes,No,Fiber optic,Yes,No,Yes,No,No,No,One year,No,Mailed check,106.77,2788.23,No
CUST-103521,Male,1,Yes,No,34,Yes,No,Fiber optic,Yes,No,Yes,No,No,Yes,Month-to-month,No,Bank transfer (automatic),118.03,3949.62,Yes
CUST-103522,Female,0,No,Yes,47,No,No phone service,Fiber optic,Yes,No,No,No,No,No,Two year,Yes,Electronic check,73.96,3469.53,No
CUST-103523,Male,0,Yes,No,47,Yes,No,DSL,No,No,No,No,No,Yes,Month-to-month,Yes,Bank transfer (automatic),70.42,3432.49,No
CUST-103524,Male,0,No,No,34,No,No phone service,Fiber optic,Yes,No,Yes,No,Yes,No,Two year,No,Electronic check,91.37,3019.67,No
CUST-103525,Male,0,Yes,No,34,Yes,No,Fiber optic,No,Yes,No,Yes,No,Yes,One year,No,Electronic check,99.02,3350.03,Yes
CUST-103526,Male,0,No,No,35,Yes,No,No,No internet service,No internet service,No internet service,No internet service,No internet service,No internet service,Month-to-month,Yes,Electronic check,36.73,1229.87,No
CUST-103527,Male,0,No,No,29,Yes,No,Fiber optic,No,No,No,Yes,No,Yes,One year,Yes,Mailed check,105.76,3015.45,No
CUST-103528,Male,0,No,No,8,Yes,No,Fiber optic,No,Yes,No,No,Yes,Yes,Month-to-month,Yes,Electronic check,113.66,933.74,Yes
CUST-103529,Male,1,No,No,27,No,No phone service,Fiber optic,No,No,No,No,No,Yes,Two year,Yes,Credit card (automatic),80.44,2254.89,No
CUST-103530,Male,0,Yes,No,52,Yes,Yes,DSL,No,Yes,Yes,Yes,Yes,No,One year,Yes,Electronic check,84.82,4291.27,Yes
CUST-103531,Male,0,No,No,71,Yes,Yes,DSL,No,Yes,No,Yes,No,No,Month-to-month,Yes,Mailed check,74.69,5274.0,No
CUST-103532,Male,0,Yes,Yes,59,Yes,Yes,No,No internet service,No internet service,No internet service,No internet service,No internet service,No internet service,Month-to-month,No,Credit card (automatic),42.68,2521.07,No
CUST-103533,Female,0,Yes,No,62,Yes,Yes,DSL,No,Yes,Yes,Yes,No,No,One year,Yes,Electronic check,81.31,4799.22,No
CUST-103534,Male,0,No,No,57,Yes,No,Fiber optic,No,Yes,Yes,No,No,No,Month-to-month,No,Bank transfer (automatic),104.97,6064.9,No
CUST-103535,Male,0,No,Yes,36,Yes,Yes,Fiber optic,Yes,No,No,No,No,Yes,Month-to-month,Yes,Bank transfer (automatic),114.4,4010.85,Yes
CUST-103536,Male,0,No,No,49,Yes,No,No,No internet service,No internet service,No internet service,No internet service,No internet service,No internet service,Two year,Yes,Electronic check,43.93,2168.96,No
CUST-103537,Male,0,Yes,No,61,Yes,No,Fiber optic,Yes,Yes,No,No,No,Yes,Month-to-month,No,Electronic check,111.23,6929.59,No
CUST-103538,Female,1,No,Yes,16,Yes,No,Fiber optic,Yes,No,No,No,No,No,Month-to-month,No,Credit card (automatic),96.95,1556.88,Yes
CUST-103539,Female,1,Yes,No,10,Yes,No,Fiber optic,No,No,Yes,No,Yes,Yes,Month-to-month,No,Electronic check,112.43,1085.95,Yes
CUST-103540,Female,0,No,No,19,Yes,Yes,DSL,No,Yes,Yes,No,Yes,Yes,One year,No,Electronic check,91.49,1658.72,No
CUST-103541,Female,0,No,No,38,Yes,No,Fiber optic,Yes,Yes,Yes,Yes,Yes,Yes,One year,No,Mailed check,125.48,4702.16,No
CUST-103542,Male,0,No,No,57,No,No phone service,DSL,Yes,No,No,No,No,No,One year,No,Electronic check,46.19,2556.78,No
CUST-103543,Female,0,No,Yes,32,Yes,No,Fiber optic,No,Yes,Yes,No,No,No,Two year,No,Credit card (automatic),104.47,3244.71,No
CUST-103544,Male,1,No,No,71,Yes,Yes,DSL,Yes,No,Yes,No,Yes,Yes,Month-to-month,Yes,Credit card (automatic),99.83,7345.57,Yes
CUST-103545,Female,1,Yes,No,23,Yes,No,No,No internet service,No internet service,No internet service,No internet service,No internet service,No internet service,Month-to-month,No,Credit card (automatic),43.47,1009.22,No
CUST-103546,Male,0,No,No,33,Yes,Yes,DSL,No,Yes,No,No,Yes,No,Month-to-month,Yes,Electronic check,78.89,2588.67,No
CUST-103547,Female,0,No,No,67,Yes,No,DSL,No,Yes,Yes,No,Yes,Yes,Month-to-month,No,Credit card (automatic),95.24,6449.77,No
CUST-103548,Male,0,Yes,Yes,12,No,No phone service,Fiber optic,No,Yes,Yes,No,No,No,Month-to-month,Yes,Bank transfer (automatic),82.12,973.47,No
CUST-103549,Female,0,Yes,Yes,60,Yes,Yes,DSL,No,Yes,No,No,No,Yes,Month-to-month,Yes,Bank transfer (automatic),76.54,4547.25,No
CUST-103550,Male,1,Yes,No,11,Yes,Yes,DSL,No,No,Yes,Yes,No,Yes,Two year,Yes,Bank transfer (automatic),79.94,850.59,No
CUST-103551,Female,0,No,Yes,66,Yes,No,No,No internet service,No internet service,No internet service,No internet service,No internet service,No internet service,Month-to-month,Yes,Bank transfer (automatic),34.26,2288.79,Yes
CUST-103552,Female,0,No,No,23,Yes,Yes,DSL,No,No,Yes,No,No,Yes,Two year,Yes,Mailed check,80.3,1814.84,No
CUST-103553,Female,0,No,No,46,Yes,No,Fiber optic,No,No,No,No,Yes,No,Two year,Yes,Bank transfer (automatic),99.54,4407.53,No
CUST-103554,Male,0,Yes,Yes,51,Yes,Yes,Fiber optic,Yes,Yes,No,Yes,No,No,Month-to-month,No,Bank transfer (automatic),107.36,5306.67,No
CUST-103555,Male,0,Yes,No,27,No,No phone service,DSL,No,No,No,No,No,No,Two year,Yes,Electronic check,41.21,1119.34,Yes
CUST-103556,Female,1,No,No,40,Yes,Yes,DSL,No,Yes,No,No,No,No,One year,No,Electronic check,72.06,2883.67,Yes
CUST-103557,Male,0,Yes,Yes,55,Yes,No,Fiber optic,No,No,No,No,Yes,No,Month-to-month,No,Mailed check,95.19,5022.83,Yes
CUST-103558,Male,0,Yes,No,63,Yes,No,No,No internet service,No internet service,No internet service,No internet service,No internet service,No internet service,One year,Yes,Mailed check,43.21,2712.66,No
CUST-103559,Male,0,Yes,Yes,7,Yes,Yes,Fiber optic,Yes,No,Yes,No,Yes,No,Month-to-month,Yes,Bank transfer (automatic),112.5,780.43,No
CUST-103560,Male,0,Yes,No,36,Yes,Yes,DSL,No,No,Yes,Yes,Yes,No,Month-to-month,No,Bank transfer (automatic),78.61,2939.19,No
CUST-103561,Male,0,Yes,No,62,Yes,Yes,DSL,No,No,No,No,No,No,Two year,No,Bank transfer (automatic),66.86,4252.14,No
CUST-103562,Male,0,No,No,40,Yes,No,Fiber optic,No,Yes,Yes,Yes,No,Yes,One year,Yes,Electronic check,111.22,4372.04,No
CUST-103563,Female,0,Yes,No,2,Yes,No,Fiber optic,No,No,Yes,No,No,Yes,Month-to-month,Yes,Bank transfer (automatic),100.78,192.34,No
CUST-103564,Female,0,Yes,No,9,Yes,No,Fiber optic,Yes,No,Yes,Yes,No,No,One year,Yes,Electronic check,103.1,938.42,Yes
CUST-103565,Male,0,No,No,59,Yes,No,Fiber optic,No,No,Yes,No,Yes,No,Two year,No,Credit card (automatic),99.92,6050.57,No
CUST-103566,Male,0,No,Yes,30,Yes,No,No,No internet service,No internet service,No internet service,No internet service,No internet service,No internet service,Month-to-month,Yes,Mailed check,38.09,1185.36,No
CUST-103567,Male,1,No,Yes,51,Yes,No,No,No internet service,No internet service,No internet service,No internet service,No internet service,No internet service,Month-to-month,Yes,Credit card (automatic),37.0,1929.35,No
CUST-103568,Female,0,No,Yes,65,Yes,No,Fiber optic,Yes,Yes,Yes,No,Yes,No,Month-to-month,Yes,Electronic check,110.22,7495.86,No
CUST-103569,Male,0,No,No,6,Yes,No,No,No internet service,No internet service,No internet service,No internet service,No internet service,No internet service,Two year,Yes,Bank transfer (automatic),37.3,230.29,No
CUST-103570,Female,0,No,No,33,Yes,Yes,Fiber optic,No,No,Yes,No,Yes,Yes,Month-to-month,Yes,Mailed check,106.55,3485.3,No
CUST-103571,Female,0,No,Yes,10,Yes,Yes,DSL,No,No,No,Yes,No,Yes,Month-to-month,No,Electronic check,80.4,797.41,Yes
CUST-103572,Female,0,No,No,61,Yes,Yes,Fiber optic,Yes,No,No,No,No,No,One year,No,Mailed check,90.65,5470.55,No
CUST-103573,Male,0,No,No,33,Yes,No,Fiber optic,Yes,Yes,No,No,Yes,Yes,Month-to-month,No,Electronic check,122.42,4144.54,Yes
CUST-103574,Female,0,Yes,Yes,63,Yes,No,No,No internet service,No internet service,No internet service,No internet service,No internet service,No internet service,Month-to-month,No,Electronic check,37.54,2370.03,No
CUST-103575,Female,0,Yes,Yes,21,Yes,No,No,No internet service,No internet service,No internet service,No internet service,No internet service,No internet service,Two year,No,Mailed check,41.43,850.43,No
CUST-103576,Female,0,Yes,No,10,No,No phone service,Fiber optic,No,Yes,Yes,No,Yes,No,One year,Yes,Mailed check,79.96,825.31,Yes
CUST-103577,Female,1,Yes,Yes,63,Yes,Yes,Fiber optic,No,Yes,Yes,No,Yes,No,Month-to-month,Yes,Mailed check,114.95,7075.81,Yes
CUST-103578,Female,0,Yes,No,44,Yes,Yes,DSL,Yes,Yes,No,Yes,Yes,No,Two year,No,Mailed check,80.98,3480.02,No
CUST-103579,Male,1,No,No,14,Yes,No,Fiber optic,No,Yes,No,No,No,No,Month-to-month,No,Electronic check,96.09,1303.93,Yes
CUST-103580,Female,0,No,No,50,Yes,No,Fiber optic,No,No,Yes,No,No,Yes,Month-to-month,No,Mailed check,98.29,5134.81,Yes
CUST-103581,Female,0,Yes,No,30,Yes,Yes,Fiber optic,No,Yes,No,No,Yes,No,Month-to-month,Yes,Mailed check,105.28,3196.31,No
CUST-103582,Male,0,Yes,Yes,3,Yes,No,DSL,Yes,Yes,No,No,Yes,No,Month-to-month,Yes,Bank transfer (automatic),85.75,246.13,No
CUST-103583,Male,0,Yes,No,19,Yes,Yes,Fiber optic,Yes,No,No,No,No,No,One year,No,Mailed check,98.54,1927.67,No
CUST-103584,Female,0,No,No,54,Yes,Yes,DSL,No,No,Yes,No,No,No,Month-to-month,No,Electronic check,63.46,3443.15,Yes
CUST-103585,Male,0,Yes,No,9,Yes,Yes,Fiber optic,No,No,No,Yes,No,Yes,Month-to-month,Yes,Bank transfer (automatic),114.8,1009.12,Yes
CUST-103586,Male,0,Yes,No,24,Yes,Yes,DSL,No,No,No,No,Yes,Yes,Two year,Yes,Electronic check,73.76,1753.27,No
CUST-103587,Female,0,Yes,Yes,18,Yes,No,No,No internet service,No internet service,No internet service,No internet service,No internet service,No internet service,Month-to-month,No,Electronic check,35.74,670.33,No
CUST-103588,Female,0,No,No,53,Yes,No,No,No internet service,No internet service,No internet service,No internet service,No internet service,No internet service,Month-to-month,Yes,Bank transfer (automatic),45.04,2378.05,No
CUST-103589,Female,0,Yes,No,62,No,No phone service,Fiber optic,No,No,Yes,No,Yes,No,Month-to-month,No,Bank transfer (automatic),81.78,5206.83,Yes
CUST-103590,Male,0,No,No,57,No,No phone service,DSL,No,Yes,Yes,No,No,Yes,Two year,No,Electronic check,55.98,3234.4,No
CUST-103591,Male,0,No,No,52,Yes,No,Fiber optic,Yes,No,Yes,No,Yes,Yes,Month-to-month,Yes,Electronic check,108.69,5678.03,No
CUST-103592,Female,0,No,No,6,Yes,No,DSL,No,No,Yes,No,Yes,No,Month-to-month,Yes,Mailed check,67.39,405.94,No
CUST-103593,Female,0,No,No,66,Yes,Yes,DSL,No,Yes,No,No,No,Yes,Two year,No,Mailed check,68.89,4619.6,No
CUST-103594,Male,0,Yes,No,11,No,No phone service,Fiber optic,No,Yes,Yes,Yes,No,Yes,Month-to-month,Yes,Bank transfer (automatic),97.29,1114.51,Yes
CUST-103595,Male,0,Yes,Yes,29,Yes,Yes,DSL,No,No,No,No,No,Yes,Two year,Yes,Bank transfer (automatic),67.06,1882.38,No
CUST-103596,Male,0,No,No,60,Yes,Yes,No,No internet service,No internet service,No internet service,No internet service,No internet service,No internet service,One year,Yes,Electronic check,34.0,1981.77,No
CUST-103597,Female,0,Yes,No,17,Yes,No,No,No internet service,No internet service,No internet service,No internet service,No internet service,No internet service,Two year,No,Bank transfer (automatic),34.06,563.52,No
CUST-103598,Male,0,No,No,15,Yes,No,No,No internet service,No internet service,No internet service,No internet service,No internet service,No internet service,Month-to-month,Yes,Credit card (automatic),36.56,552.47,Yes
CUST-103599,Female,0,No,No,1,Yes,No,DSL,Yes,No,No,No,Yes,No,Two year,No,Credit card (automatic),67.72,70.15,No
CUST-103600,Male,0,Yes,Yes,26,Yes,No,Fiber optic,No,No,Yes,Yes,Yes,No,Month-to-month,Yes,Electronic check,100.8,2662.69,Yes
CUST-103601,Female,0,Yes,No,36,Yes,No,DSL,No,No,No,No,Yes,No,Month-to-month,Yes,Credit card (automatic),72.86,2596.52,Yes
CUST-103602,Male,0,No,Yes,34,Yes,Yes,Fiber optic,No,No,Yes,Yes,Yes,No,One year,Yes,Electronic check,107.05,3469.69,Yes
CUST-103603,Female,0,No,Yes,2,Yes,Yes,Fiber optic,Yes,Yes,Yes,No,No,No,Month-to-month,Yes,Electronic check,109.69,220.05,Yes
CUST-103604,Female,0,No,No,14,No,No phone service,Fiber optic,No,No,No,Yes,Yes,Yes,Month-to-month,No,Mailed check,87.06,1220.65,No
CUST-103605,Male,0,Yes,Yes,0,Yes,No,DSL,No,No,Yes,Yes,No,No,One year,Yes,Electronic check,74.72,0.0,No
CUST-103606,Male,0,No,No,16,Yes,No,DSL,No,Yes,Yes,Yes,No,No,Month-to-month,No,Electronic check,80.83,1313.14,No
CUST-103607,Female,0,Yes,No,44,Yes,No,DSL,No,No,No,No,No,No,Month-to-month,Yes,Electronic check,69.26,2929.86,Yes
CUST-103608,Female,0,Yes,No,0,Yes,No,DSL,No,No,No,No,No,Yes,Month-to-month,Yes,Bank transfer (automatic),69.34,0.0,Yes
CUST-103609,Female,0,No,Yes,12,Yes,Yes,DSL,No,No,No,No,No,No,Month-to-month,Yes,Bank transfer (automatic),63.97,750.96,No
CUST-103610,Female,1,No,Yes,39,Yes,No,No,No internet service,No internet service,No internet service,No internet service,No internet service,No internet service,One year,No,Bank transfer (automatic),40.16,1582.85,No
CUST-103611,Female,0,Yes,No,40,Yes,Yes,DSL,No,No,No,No,Yes,Yes,One year,No,Mailed check,74.37,3071.18,Yes
CUST-103612,Female,0,No,No,65,Yes,Yes,DSL,No,No,No,Yes,No,No,Month-to-month,No,Electronic check,69.62,4382.81,No
CUST-103613,Male,0,Yes,No,41,Yes,No,No,No internet service,No internet service,No internet service,No internet service,No internet service,No internet service,Month-to-month,Yes,Bank transfer (automatic),36.97,1501.96,Yes
CUST-103614,Female,0,Yes,No,67,Yes,Yes,No,No internet service,No internet service,No internet service,No internet service,No internet service,No internet service,Month-to-month,No,Bank transfer (automatic),39.39,2675.89,No
CUST-103615,Male,1,Yes,Yes,52,Yes,No,Fiber optic,No,Yes,No,No,Yes,Yes,Month-to-month,No,Electronic check,105.87,5582.22,No
CUST-103616,Male,0,No,No,40,Yes,No,No,No internet service,No internet service,No internet service,No internet service,No internet service,No internet service,Month-to-month,No,Credit card (automatic),39.75,1644.29,No
CUST-103617,Male,0,Yes,No,27,Yes,Yes,DSL,No,No,No,Yes,No,Yes,One year,Yes,Bank transfer (automatic),74.95,2028.71,No
CUST-103618,Male,0,No,Yes,8,Yes,No,Fiber optic,Yes,No,No,No,No,Yes,Month-to-month,Yes,Bank transfer (automatic),107.86,880.27,Yes
CUST-103619,Male,0,Yes,No,51,Yes,Yes,No,No internet service,No internet service,No internet service,No internet service,No internet service,No internet service,One year,No,Mailed check,34.05,1655.27,No
CUST-103620,Female,0,Yes,Yes,68,Yes,Yes,Fiber optic,No,Yes,Yes,No,No,No,Month-to-month,Yes,Bank transfer (automatic),97.55,6412.74,No
CUST-103621,Male,0,Yes,Yes,26,Yes,Yes,DSL,No,No,Yes,Yes,No,Yes,Month-to-month,No,Bank transfer (automatic),81.1,2211.47,No
CUST-103622,Male,1,Yes,No,25,Yes,No,Fiber optic,No,No,No,No,No,Yes,Month-to-month,Yes,Credit card (automatic),101.96,2546.14,No
CUST-103623,Male,1,No,No,7,Yes,No,Fiber optic,No,No,Yes,No,No,Yes,Month-to-month,No,Electronic check,109.16,728.32,Yes
CUST-103624,Female,0,No,No,43,Yes,Yes,No,No internet service,No internet service,No internet service,No internet service,No internet service,No internet service,One year,Yes,Electronic check,40.72,1670.51,No
CUST-103625,Female,1,No,No,22,No,No phone service,Fiber optic,Yes,No,Yes,No,No,Yes,One year,Yes,Electronic check,86.75,1958.06,No
CUST-103626,Female,0,Yes,No,0,Yes,No,DSL,No,No,No,No,No,Yes,Two year,Yes,Credit card (automatic),71.49,0.0,No
CUST-103627,Male,0,No,No,0,No,No phone service,Fiber optic,No,No,Yes,No,Yes,Yes,Month-to-month,No,Mailed check,86.15,0.0,Yes
CUST-103628,Female,1,No,No,24,Yes,No,DSL,No,No,No,No,Yes,Yes,Month-to-month,Yes,Electronic check,72.39,1798.63,Yes
CUST-103629,Female,0,Yes,Yes,33,No,No phone service,DSL,No,No,No,Yes,No,Yes,Two year,Yes,Electronic check,51.63,1747.89,No
CUST-103630,Male,0,No,No,33,Yes,Yes,DSL,No,Yes,Yes,No,Yes,Yes,One year,Yes,Mailed check,86.91,2840.5,No
CUST-103631,Female,0,No,No,54,Yes,No,Fiber optic,No,No,Yes,No,No,No,Month-to-month,Yes,Credit card (automatic),99.44,5111.89,Yes
CUST-103632,Male,0,No,No,38,Yes,No,Fiber optic,No,No,No,No,No,Yes,Month-to-month,Yes,Bank transfer (automatic),96.46,3833.19,No
CUST-103633,Female,0,No,No,57,Yes,Yes,Fiber optic,No,No,No,Yes,No,No,Month-to-month,Yes,Electronic check,97.62,5790.65,Yes
CUST-103634,Female,0,No,No,21,No,No phone service,DSL,Yes,No,No,No,No,No,Month-to-month,Yes,Credit card (automatic),56.92,1238.04,No
CUST-103635,Male,0,No,No,16,No,No phone service,Fiber optic,Yes,No,No,Yes,No,No,One year,Yes,Credit card (automatic),81.81,1336.49,No
CUST-103636,Female,0,No,Yes,39,Yes,No,Fiber optic,No,Yes,Yes,Yes,No,No,Month-to-month,No,Bank transfer (automatic),106.08,4168.01,No
CUST-103637,Male,0,No,No,7,Yes,Yes,Fiber optic,No,No,Yes,No,Yes,No,Two year,No,Bank transfer (automatic),105.09,760.05,Yes
CUST-103638,Male,0,Yes,Yes,55,Yes,No,No,No internet service,No internet service,No internet service,No internet service,No internet service,No internet service,Month-to-month,No,Bank transfer (automatic),45.26,2467.84,No
CUST-103639,Female,0,No,No,13,Yes,No,No,No internet service,No internet service,No internet service,No internet service,No internet service,No internet service,One year,Yes,Bank transfer (automatic),37.37,493.49,No
CUST-103640,Female,0,No,No,66,Yes,Yes,DSL,No,Yes,Yes,No,No,Yes,Month-to-month,Yes,Credit card (automatic),84.31,5438.47,No
CUST-103641,Female,0,Yes,No,71,Yes,Yes,No,No internet service,No internet service,No internet service,No internet service,No internet service,No internet service,One year,Yes,Bank transfer (automatic),45.08,3354.68,No
CUST-103642,Female,0,No,No,39,Yes,Yes,No,No internet service,No internet service,No internet service,No internet service,No internet service,No internet service,Two year,Yes,Mailed check,36.75,1373.37,No
CUST-103643,Male,0,No,No,22,Yes,No,Fiber optic,Yes,Yes,Yes,No,Yes,Yes,Month-to-month,No,Electronic check,112.81,2550.41,Yes
CUST-103644,Female,1,No,No,24,Yes,No,No,No internet service,No internet service,No internet service,No internet service,No internet service,No internet service,Month-to-month,Yes,Mailed check,36.44,854.36,No
CUST-103645,Female,0,No,Yes,31,Yes,Yes,Fiber optic,No,Yes,No,No,No,Yes,Month-to-month,Yes,Electronic check,96.29,3060.66,Yes
CUST-103646,Female,0,Yes,Yes,34,Yes,No,No,No internet service,No internet service,No internet service,No internet service,No internet service,No internet service,Month-to-month,No,Bank transfer (automatic),37.56,1254.68,No
CUST-103647,Female,0,No,No,5,Yes,Yes,Fiber optic,No,No,No,No,Yes,Yes,Two year,Yes,Credit card (automatic),95.86,468.71,No
CUST-103648,Female,0,No,No,14,Yes,No,No,No internet service,No internet service,No internet service,No internet service,No internet service,No internet service,One year,Yes,Electronic check,42.8,619.69,No
CUST-103649,Female,0,No,Yes,57,Yes,No,DSL,No,No,No,No,Yes,Yes,One year,No,Mailed check,74.42,4176.72,No
CUST-103650,Male,0,Yes,No,3,Yes,No,Fiber optic,Yes,Yes,No,No,Yes,No,Month-to-month,Yes,Bank transfer (automatic),101.67,300.29,Yes
CUST-103651,Male,0,Yes,No,32,Yes,No,DSL,Yes,No,Yes,Yes,No,Yes,Two year,No,Electronic check,89.29,2771.54,No
CUST-103652,Male,1,No,No,63,Yes,Yes,No,No internet service,No internet service,No internet service,No internet service,No internet service,No internet service,One year,Yes,Mailed check,35.78,2205.66,No
CUST-103653,Female,0,Yes,Yes,6,Yes,Yes,DSL,Yes,Yes,No,No,Yes,No,Month-to-month,No,Credit card (automatic),78.9,474.66,No
CUST-103654,Female,0,Yes,No,67,No,No phone service,Fiber optic,No,No,No,Yes,Yes,No,Two year,No,Electronic check,79.73,5415.93,No
CUST-103655,Male,0,No,Yes,34,Yes,Yes,No,No internet service,No internet service,No internet service,No internet service,No internet service,No internet service,Month-to-month,Yes,Bank transfer (automatic),38.75,1357.51,Yes
CUST-103656,Female,1,No,Yes,30,Yes,Yes,Fiber optic,No,No,Yes,No,No,Yes,Month-to-month,No,Bank transfer (automatic),102.84,3002.5,No
CUST-103657,Female,1,No,No,52,Yes,Yes,Fiber optic,Yes,No,No,No,Yes,No,Two year,Yes,Bank transfer (automatic),103.26,5265.18,Yes
CUST-103658,Male,0,No,No,56,Yes,No,Fiber optic,Yes,No,No,No,No,Yes,Month-to-month,No,Electronic check,99.99,5655.89,Yes
CUST-103659,Male,0,No,Yes,34,Yes,Yes,Fiber optic,No,Yes,No,Yes,No,No,Month-to-month,No,Electronic check,103.93,3614.87,Yes
CUST-103660,Female,0,No,Yes,6,Yes,Yes,No,No internet service,No internet service,No internet service,No internet service,No internet service,No internet service,Month-to-month,Yes,Electronic check,38.29,235.23,No
CUST-103661,Male,0,No,No,70,Yes,Yes,No,No internet service,No internet service,No internet service,No internet service,No internet service,No internet service,Two year,Yes,Mailed check,45.2,3108.89,No
CUST-103662,Female,0,No,No,0,Yes,Yes,Fiber optic,Yes,Yes,No,No,Yes,No,Month-to-month,Yes,Electronic check,114.08,0.0,Yes
CUST-103663,Female,0,No,Yes,63,Yes,Yes,Fiber optic,No,No,Yes,No,No,No,Month-to-month,Yes,Bank transfer (automatic),94.06,6035.97,Yes
CUST-103664,Female,1,Yes,Yes,31,Yes,Yes,Fiber optic,No,Yes,No,No,No,No,Month-to-month,Yes,Mailed check,99.71,2977.42,No
CUST-103665,Male,0,Yes,No,37,Yes,No,No,No internet service,No internet service,No internet service,No internet service,No internet service,No internet service,Month-to-month,Yes,Credit card (automatic),42.99,1623.64,No
CUST-103666,Female,0,No,Yes,55,Yes,Yes,Fiber optic,No,No,Yes,Yes,Yes,No,Month-to-month,No,Credit card (automatic),109.56,6169.0,No
CUST-103667,Male,0,No,No,68,Yes,No,Fiber optic,Yes,No,No,No,No,No,Two year,No,Mailed check,98.1,6815.39,No
CUST-103668,Male,0,No,No,10,Yes,No,Fiber optic,No,Yes,No,Yes,No,No,One year,Yes,Electronic check,106.85,1058.62,Yes
CUST-103669,Male,0,No,No,59,Yes,No,DSL,No,No,Yes,No,Yes,Yes,Two year,No,Electronic check,71.34,4245.8,No
CUST-103670,Male,0,No,No,48,No,No phone service,No,No internet service,No internet service,No internet service,No internet service,No internet service,No internet service,One year,Yes,Bank transfer (automatic),18.4,889.26,No
CUST-103671,Male,0,Yes,No,26,Yes,Yes,DSL,Yes,Yes,No,No,Yes,No,Month-to-month,No,Mailed check,83.13,2056.27,No
CUST-103672,Female,0,No,Yes,31,Yes,No,DSL,Yes,No,No,Yes,No,Yes,Month-to-month,No,Electronic check,86.0,2683.81,No
CUST-103673,Male,0,No,No,56,Yes,No,Fiber optic,No,No,No,Yes,No,No,Month-to-month,No,Bank transfer (automatic),101.39,5619.17,No
CUST-103674,Female,0,Yes,Yes,10,Yes,No,Fiber optic,No,No,No,No,Yes,Yes,Month-to-month,No,Electronic check,101.13,1046.13,No
CUST-103675,Male,0,No,No,36,Yes,Yes,Fiber optic,No,No,No,Yes,Yes,Yes,One year,Yes,Mailed check,102.81,3777.7,Yes
CUST-103676,Male,0,No,Yes,52,Yes,No,DSL,Yes,Yes,No,Yes,No,No,Month-to-month,Yes,Mailed check,83.01,4180.84,No
CUST-103677,Female,1,No,No,39,Yes,Yes,DSL,Yes,No,Yes,Yes,No,No,One year,Yes,Electronic check,83.31,3135.91,Yes
CUST-103678,Female,1,Yes,Yes,32,Yes,Yes,DSL,No,No,Yes,No,No,Yes,Month-to-month,Yes,Credit card (automatic),72.25,2418.05,Yes
CUST-103679,Female,0,Yes,No,38,No,No phone service,Fiber optic,Yes,Yes,No,No,No,Yes,Month-to-month,Yes,Bank transfer (automatic),95.02,3525.78,Yes
CUST-103680,Female,0,No,No,37,Yes,No,No,No internet service,No internet service,No internet service,No internet service,No internet service,No internet service,Two year,Yes,Mailed check,39.59,1468.89,No
CUST-103681,Male,0,No,Yes,58,Yes,No,No,No internet service,No internet service,No internet service,No internet service,No internet service,No internet service,Month-to-month,No,Bank transfer (automatic),43.94,2557.44,Yes
CUST-103682,Male,0,No,No,59,Yes,Yes,Fiber optic,No,No,No,No,Yes,No,Month-to-month,No,Electronic check,87.95,5400.33,Yes
CUST-103683,Female,0,Yes,Yes,67,No,No phone service,Fiber optic,No,No,Yes,No,No,No,Month-to-month,Yes,Mailed check,71.96,4712.01,Yes
CUST-103684,Female,0,No,No,5,Yes,Yes,Fiber optic,No,No,No,No,No,Yes,Month-to-month,No,Bank transfer (automatic),90.36,452.51,No
CUST-103685,Male,0,Yes,No,23,Yes,No,No,No internet service,No internet service,No internet service,No internet service,No internet service,No internet service,Month-to-month,Yes,Mailed check,35.89,807.72,No
CUST-103686,Male,0,Yes,No,64,Yes,No,Fiber optic,No,No,No,Yes,No,No,Two year,Yes,Bank transfer (automatic),99.55,6516.02,No
CUST-103687,Female,0,Yes,No,46,Yes,No,DSL,No,Yes,No,Yes,Yes,Yes,Two year,Yes,Mailed check,85.89,3868.26,No
CUST-103688,Female,0,No,No,27,Yes,No,DSL,No,No,No,No,No,Yes,One year,Yes,Mailed check,70.87,1963.22,No
CUST-103689,Male,0,No,No,45,Yes,No,Fiber optic,No,No,Yes,Yes,No,No,One year,Yes,Mailed check,100.09,4314.97,Yes
CUST-103690,Male,0,Yes,No,33,Yes,Yes,Fiber optic,Yes,No,No,Yes,No,No,Month-to-month,Yes,Bank transfer (automatic),108.07,3505.02,Yes
CUST-103691,Female,0,No,No,64,Yes,Yes,No,No internet service,No internet service,No internet service,No internet service,No internet service,No internet service,Two year,Yes,Electronic check,43.99,2806.87,No
CUST-103692,Male,0,No,No,40,Yes,Yes,DSL,Yes,No,No,No,No,Yes,Month-to-month,Yes,Credit card (automatic),64.88,2599.73,Yes
CUST-103693,Male,0,No,No,32,Yes,No,No,No internet service,No internet service,No internet service,No internet service,No internet service,No internet service,Month-to-month,Yes,Electronic check,38.34,1208.35,Yes
CUST-103694,Male,0,No,Yes,45,Yes,No,No,No internet service,No internet service,No internet service,No internet service,No internet service,No internet service,Two year,No,Electronic check,36.4,1648.94,No
CUST-103695,Female,1,No,No,13,Yes,No,Fiber optic,Yes,Yes,Yes,No,No,Yes,Month-to-month,Yes,Credit card (automatic),116.97,1481.14,Yes
CUST-103696,Male,0,Yes,Yes,56,No,No phone service,DSL,Yes,Yes,Yes,Yes,Yes,Yes,Month-to-month,Yes,Mailed check,85.44,4674.22,No
CUST-103697,Male,1,Yes,No,14,Yes,Yes,DSL,No,Yes,No,No,No,No,One year,Yes,Mailed check,63.84,876.78,No
CUST-103698,Male,0,No,No,1,Yes,No,Fiber optic,No,Yes,Yes,Yes,Yes,No,Month-to-month,Yes,Mailed check,99.17,99.5,Yes
CUST-103699,Female,0,No,No,3,Yes,Yes,DSL,No,No,No,Yes,Yes,Yes,Month-to-month,Yes,Electronic check,80.02,232.85,No
CUST-103700,Male,0,No,Yes,4,Yes,No,No,No internet service,No internet service,No internet service,No internet service,No internet service,No internet service,Month-to-month,Yes,Bank transfer (automatic),38.39,154.07,Yes
CUST-103701,Male,0,No,Yes,7,Yes,No,Fiber optic,No,No,No,No,No,No,One year,No,Bank transfer (automatic),89.06,620.72,Yes
CUST-103702,Male,0,No,No,3,Yes,Yes,No,No internet service,No internet service,No internet service,No internet service,No internet service,No internet service,Month-to-month,No,Electronic check,34.06,101.8,No
CUST-103703,Female,1,No,No,21,Yes,No,Fiber optic,No,No,Yes,Yes,Yes,No,Month-to-month,No,Bank transfer (automatic),100.79,2098.58,Yes
CUST-103704,Female,0,No,No,70,Yes,Yes,DSL,No,No,No,No,No,Yes,Month-to-month,No,Electronic check,76.17,5180.19,No
CUST-103705,Female,0,Yes,No,7,Yes,Yes,Fiber optic,No,No,No,No,Yes,No,Month-to-month,Yes,Bank transfer (automatic),95.68,679.99,No
CUST-103706,Male,0,No,Yes,49,Yes,No,Fiber optic,No,Yes,Yes,No,No,No,Month-to-month,Yes,Bank transfer (automatic),104.7,5270.02,No
CUST-103707,Female,0,No,No,63,Yes,No,DSL,No,Yes,No,No,Yes,Yes,Month-to-month,Yes,Credit card (automatic),70.14,4494.71,No
CUST-103708,Male,0,Yes,No,59,Yes,Yes,DSL,No,No,No,No,No,Yes,Month-to-month,Yes,Credit card (automatic),67.69,3894.53,No
CUST-103709,Female,0,Yes,Yes,26,Yes,Yes,Fiber optic,Yes,No,No,No,No,No,Month-to-month,No,Credit card (automatic),96.78,2558.11,Yes
CUST-103710,Male,0,No,No,3,Yes,Yes,Fiber optic,No,No,Yes,No,Yes,Yes,Month-to-month,Yes,Credit card (automatic),113.49,323.76,Yes
CUST-103711,Female,0,No,Yes,26,Yes,Yes,DSL,No,No,Yes,Yes,No,No,Month-to-month,No,Credit card (automatic),75.15,1880.97,No
CUST-103712,Female,0,Yes,Yes,43,Yes,Yes,Fiber optic,No,Yes,No,Yes,No,No,Two year,Yes,Credit card (automatic),102.13,4295.74,No
CUST-103713,Male,0,Yes,Yes,55,No,No phone service,No,No internet service,No internet service,No internet service,No internet service,No internet service,No internet service,Month-to-month,No,Electronic check,19.69,1093.87,No
CUST-103714,Female,0,Yes,No,10,Yes,No,Fiber optic,No,No,No,No,Yes,No,Month-to-month,No,Bank transfer (automatic),91.35,924.74,Yes
CUST-103715,Male,0,Yes,No,21,Yes,Yes,DSL,Yes,Yes,Yes,Yes,Yes,Yes,Month-to-month,Yes,Bank transfer (automatic),91.19,1855.12,Yes
CUST-103716,Male,0,No,Yes,43,Yes,No,Fiber optic,No,No,No,No,No,No,One year,Yes,Credit card (automatic),96.79,4270.28,No
CUST-103717,Male,0,No,No,52,Yes,No,Fiber optic,No,Yes,No,Yes,No,Yes,Month-to-month,Yes,Bank transfer (automatic),97.2,5176.53,No
CUST-103718,Female,0,No,No,22,Yes,No,No,No internet service,No internet service,No internet service,No internet service,No internet service,No internet service,One year,Yes,Electronic check,42.73,938.18,No
CUST-103719,Male,0,Yes,No,60,Yes,No,Fiber optic,Yes,No,Yes,No,No,No,One year,No,Electronic check,101.01,6239.89,No
CUST-103720,Female,0,Yes,Yes,58,Yes,No,DSL,No,No,No,Yes,No,Yes,Month-to-month,No,Electronic check,78.95,4695.71,Yes
CUST-103721,Female,0,Yes,Yes,26,Yes,No,DSL,No,No,No,No,No,Yes,Month-to-month,Yes,Mailed check,72.47,1920.27,Yes
CUST-103722,Female,0,No,Yes,39,Yes,No,DSL,No,Yes,Yes,No,No,No,Two year,Yes,Bank transfer (automatic),72.81,2953.61,No
CUST-103723,Female,0,No,No,34,Yes,No,Fiber optic,No,No,No,No,Yes,Yes,Month-to-month,No,Electronic check,105.51,3441.79,No
CUST-103724,Male,0,Yes,No,48,No,No phone service,DSL,Yes,No,Yes,No,No,No,Month-to-month,Yes,Electronic check,50.12,2323.68,Yes
CUST-103725,Female,0,No,Yes,23,Yes,No,No,No internet service,No internet service,No internet service,No internet service,No internet service,No internet service,Month-to-month,No,Electronic check,35.63,816.1,No
CUST-103726,Male,0,Yes,No,24,No,No phone service,Fiber optic,No,No,No,No,No,No,Month-to-month,Yes,Credit card (automatic),69.15,1623.83,Yes
CUST-103727,Female,0,Yes,Yes,30,Yes,Yes,Fiber optic,No,No,No,No,No,Yes,One year,Yes,Mailed check,89.5,2782.98,No
CUST-103728,Male,0,No,Yes,15,Yes,No,DSL,No,No,No,No,No,No,Month-to-month,Yes,Electronic check,68.13,1030.83,No
CUST-103729,Female,1,Yes,No,42,Yes,No,DSL,No,Yes,No,Yes,Yes,Yes,Month-to-month,Yes,Mailed check,91.19,3898.86,No
CUST-103730,Female,0,No,Yes,69,Yes,Yes,Fiber optic,Yes,No,Yes,No,No,No,One year,Yes,Electronic check,97.9,7045.15,No
CUST-103731,Female,0,Yes,Yes,25,Yes,Yes,Fiber optic,No,No,No,Yes,Yes,Yes,Two year,Yes,Bank transfer (automatic),116.67,2977.86,No
CUST-103732,Male,0,No,No,62,Yes,No,Fiber optic,No,Yes,Yes,No,No,No,Month-to-month,Yes,Credit card (automatic),96.33,6270.03,No
CUST-103733,Female,0,Yes,No,33,Yes,Yes,Fiber optic,No,Yes,No,No,Yes,No,One year,No,Electronic check,93.29,3162.74,No
CUST-103734,Male,0,Yes,No,12,No,No phone service,No,No internet service,No internet service,No internet service,No internet service,No internet service,No internet service,Month-to-month,Yes,Credit card (automatic),19.57,238.73,No
CUST-103735,Male,0,Yes,No,36,Yes,No,Fiber optic,No,Yes,No,No,No,Yes,One year,No,Bank transfer (automatic),107.24,3787.97,No
CUST-103736,Male,0,No,No,36,Yes,No,DSL,No,Yes,No,No,No,No,Month-to-month,Yes,Electronic check,69.82,2576.58,Yes
CUST-103737,Female,0,No,No,1,Yes,No,DSL,Yes,Yes,No,No,Yes,No,Month-to-month,No,Electronic check,87.18,86.59,Yes
CUST-103738,Female,0,No,No,34,Yes,No,No,No internet service,No internet service,No internet service,No internet service,No internet service,No internet service,Two year,Yes,Electronic check,40.74,1446.95,No
CUST-103739,Female,1,Yes,No,11,Yes,No,DSL,No,No,Yes,No,No,Yes,One year,No,Electronic check,82.98,946.38,Yes
CUST-103740,Male,0,Yes,Yes,57,Yes,Yes,DSL,No,No,Yes,No,No,No,Month-to-month,Yes,Electronic check,74.45,4065.28,No
CUST-103741,Male,0,Yes,No,39,Yes,Yes,No,No internet service,No internet service,No internet service,No internet service,No internet service,No internet service,Two year,Yes,Credit card (automatic),41.85,1710.37,No
CUST-103742,Female,0,No,Yes,22,Yes,Yes,DSL,Yes,No,No,Yes,No,Yes,Month-to-month,No,Electronic check,83.61,1823.63,No
CUST-103743,Male,0,Yes,No,0,Yes,No,Fiber optic,No,No,Yes,No,Yes,No,One year,Yes,Credit card (automatic),104.95,0.0,No
CUST-103744,Male,0,Yes,No,41,Yes,Yes,DSL,Yes,Yes,No,No,Yes,No,One year,No,Mailed check,77.12,3113.43,No
CUST-103745,Female,1,No,No,51,Yes,No,Fiber optic,Yes,No,No,No,No,No,Two year,No,Mailed check,102.86,5090.39,No
CUST-103746,Male,1,No,No,30,Yes,Yes,DSL,No,No,No,Yes,No,No,Month-to-month,Yes,Bank transfer (automatic),70.38,2088.58,No
CUST-103747,Female,0,Yes,No,66,Yes,Yes,No,No internet service,No internet service,No internet service,No internet service,No internet service,No internet service,One year,Yes,Credit card (automatic),44.9,3085.84,No
CUST-103748,Female,0,Yes,Yes,14,Yes,No,DSL,No,No,Yes,No,No,No,One year,No,Credit card (automatic),73.09,1012.82,No
CUST-103749,Female,0,Yes,No,55,No,No phone service,DSL,No,No,No,No,No,No,Month-to-month,No,Electronic check,48.67,2809.27,Yes
CUST-103750,Female,0,No,Yes,36,Yes,Yes,No,No internet service,No internet service,No internet service,No internet service,No internet service,No internet service,Two year,Yes,Mailed check,31.16,1150.26,No
CUST-103751,Female,0,Yes,No,22,Yes,Yes,Fiber optic,No,No,No,No,Yes,No,Month-to-month,No,Electronic check,100.93,2243.45,No
CUST-103752,Female,1,No,No,21,Yes,Yes,Fiber optic,Yes,No,No,No,No,Yes,Month-to-month,No,Electronic check,102.83,2103.75,No
CUST-103753,Male,0,Yes,No,32,Yes,Yes,Fiber optic,No,No,Yes,Yes,No,No,One year,Yes,Electronic check,100.41,3124.05,No
CUST-103754,Male,0,No,No,5,Yes,No,Fiber optic,Yes,No,Yes,Yes,No,No,Month-to-month,No,Bank transfer (automatic),109.29,544.14,Yes
CUST-103755,Male,0,No,Yes,47,Yes,No,No,No internet service,No internet service,No internet service,No internet service,No internet service,No internet service,Two year,Yes,Electronic check,38.05,1795.1,No
CUST-103756,Female,0,Yes,Yes,29,Yes,No,Fiber optic,No,Yes,Yes,No,No,No,Month-to-month,Yes,Credit card (automatic),100.97,2856.93,No
CUST-103757,Female,1,Yes,No,49,No,No phone service,Fiber optic,No,Yes,Yes,No,Yes,No,Month-to-month,No,Bank transfer (automatic),87.52,4376.48,Yes
CUST-103758,Male,0,Yes,Yes,37,Yes,Yes,DSL,Yes,Yes,No,No,No,No,One year,No,Mailed check,76.73,2856.07,No
CUST-103759,Female,0,No,No,71,Yes,No,Fiber optic,No,No,No,No,Yes,Yes,Two year,Yes,Mailed check,100.98,7074.66,No
CUST-103760,Male,1,No,No,6,Yes,No,No,No internet service,No internet service,No internet service,No internet service,No internet service,No internet service,One year,No,Bank transfer (automatic),36.71,214.29,No
CUST-103761,Female,0,No,No,35,Yes,No,DSL,No,No,No,No,Yes,Yes,Month-to-month,Yes,Electronic check,76.31,2665.95,No
CUST-103762,Female,0,Yes,Yes,39,Yes,No,Fiber optic,No,No,No,No,Yes,No,Month-to-month,Yes,Mailed check,93.5,3808.09,No
CUST-103763,Female,0,Yes,Yes,18,Yes,No,DSL,No,Yes,No,No,Yes,Yes,One year,Yes,Electronic check,92.31,1675.66,No
CUST-103764,Male,0,No,No,49,Yes,No,Fiber optic,No,No,No,No,No,No,Two year,Yes,Electronic check,93.89,4581.5,Yes
CUST-103765,Male,0,No,No,26,Yes,No,Fiber optic,No,No,No,No,Yes,No,One year,Yes,Mailed check,94.53,2520.6,No
CUST-103766,Female,0,No,No,55,Yes,No,Fiber optic,Yes,No,No,Yes,No,No,One year,Yes,Electronic check,99.95,5746.25,No
CUST-103767,Female,0,No,No,67,Yes,No,No,No internet service,No internet service,No internet service,No internet service,No internet service,No internet service,Month-to-month,No,Mailed check,44.39,2971.77,No
CUST-103768,Female,1,No,No,62,Yes,Yes,Fiber optic,No,Yes,Yes,No,No,No,Month-to-month,No,Bank transfer (automatic),98.88,6328.04,Yes
CUST-103769,Male,0,No,Yes,46,Yes,No,No,No internet service,No internet service,No internet service,No internet service,No internet service,No internet service,Month-to-month,Yes,Bank transfer (automatic),38.85,1719.18,No
CUST-103770,Male,1,No,No,52,Yes,Yes,Fiber optic,No,Yes,Yes,No,No,No,Month-to-month,Yes,Electronic check,104.9,5453.91,Yes
CUST-103771,Male,1,No,No,63,Yes,No,DSL,No,No,No,Yes,Yes,No,Month-to-month,No,Electronic check,70.49,4622.77,No
CUST-103772,Female,0,No,No,71,Yes,Yes,Fiber optic,No,No,No,No,Yes,Yes,One year,Yes,Electronic check,102.11,7505.18,No
CUST-103773,Male,0,No,No,52,No,No phone service,Fiber optic,No,No,Yes,No,No,Yes,Month-to-month,Yes,Mailed check,83.14,4485.8,No
CUST-103774,Male,0,Yes,No,66,Yes,No,Fiber optic,Yes,No,No,No,No,No,Month-to-month,Yes,Mailed check,96.55,6060.98,No
CUST-103775,Male,0,No,No,70,Yes,No,Fiber optic,No,Yes,Yes,No,Yes,No,Two year,No,Credit card (automatic),112.15,7719.26,No
CUST-103776,Female,0,No,Yes,12,Yes,No,Fiber optic,No,Yes,Yes,No,No,No,Month-to-month,Yes,Electronic check,101.81,1163.07,No
CUST-103777,Female,0,Yes,Yes,36,Yes,No,DSL,No,Yes,Yes,No,No,No,One year,No,Credit card (automatic),73.34,2730.9,No
CUST-103778,Female,0,No,No,26,Yes,No,Fiber optic,No,Yes,Yes,No,Yes,No,One year,No,Electronic check,107.07,2780.69,No
CUST-103779,Male,0,Yes,No,69,No,No phone service,Fiber optic,Yes,No,No,No,No,No,Two year,No,Mailed check,82.23,5409.02,No
CUST-103780,Male,0,Yes,No,54,Yes,Yes,No,No internet service,No internet service,No internet service,No internet service,No internet service,No internet service,Two year,No,Credit card (automatic),44.18,2300.41,No
CUST-103781,Male,0,Yes,No,64,Yes,No,Fiber optic,Yes,No,No,No,No,No,Two year,No,Credit card (automatic),101.95,6796.7,No
CUST-103782,Male,0,No,No,25,Yes,Yes,DSL,Yes,Yes,No,No,No,No,Month-to-month,No,Mailed check,69.91,1728.63,No
CUST-103783,Female,0,No,Yes,61,Yes,Yes,Fiber optic,No,No,Yes,Yes,No,No,One year,Yes,Electronic check,109.25,6490.82,No
CUST-103784,Female,1,No,No,5,Yes,No,Fiber optic,Yes,No,No,No,No,No,Two year,No,Bank transfer (automatic),93.96,456.68,No
CUST-103785,Female,1,Yes,Yes,68,Yes,Yes,Fiber optic,Yes,Yes,No,No,No,No,Month-to-month,Yes,Bank transfer (automatic),101.64,6854.64,No
CUST-103786,Male,0,No,No,16,No,No phone service,No,No internet service,No internet service,No internet service,No internet service,No internet service,No internet service,One year,Yes,Electronic check,18.0,284.78,No
CUST-103787,Male,0,Yes,No,38,Yes,No,Fiber optic,No,Yes,Yes,No,Yes,No,Month-to-month,Yes,Electronic check,104.2,3790.27,Yes
CUST-103788,Female,0,Yes,Yes,52,Yes,Yes,Fiber optic,Yes,Yes,No,No,No,No,One year,No,Mailed check,100.76,5139.38,No
CUST-103789,Male,0,Yes,No,54,Yes,Yes,Fiber optic,No,No,No,No,No,Yes,Month-to-month,Yes,Bank transfer (automatic),101.05,5599.81,Yes
CUST-103790,Male,0,No,No,15,Yes,No,Fiber optic,No,No,Yes,No,No,Yes,One year,Yes,Mailed check,92.11,1431.84,No
CUST-103791,Male,0,Yes,No,40,Yes,No,Fiber optic,No,No,No,No,No,No,Month-to-month,No,Electronic check,88.77,3537.19,No
CUST-103792,Male,0,No,Yes,38,Yes,No,DSL,No,No,No,No,No,No,Month-to-month,No,Credit card (automatic),65.99,2423.79,No
CUST-103793,Female,0,No,Yes,56,No,No phone service,DSL,Yes,Yes,Yes,No,No,Yes,Month-to-month,Yes,Credit card (automatic),67.72,3774.96,Yes
CUST-103794,Female,0,Yes,No,23,Yes,No,DSL,No,No,No,No,Yes,Yes,One year,Yes,Bank transfer (automatic),74.38,1668.12,No
CUST-103795,Male,1,No,No,55,Yes,No,No,No internet service,No internet service,No internet service,No internet service,No internet service,No internet service,Two year,No,Electronic check,43.79,2358.62,Yes
CUST-103796,Female,0,Yes,No,44,Yes,Yes,No,No internet service,No internet service,No internet service,No internet service,No internet service,No internet service,Month-to-month,No,Electronic check,39.77,1662.72,No
CUST-103797,Male,0,Yes,Yes,55,Yes,No,No,No internet service,No internet service,No internet service,No internet service,No internet service,No internet service,Month-to-month,No,Bank transfer (automatic),39.08,2251.35,No
CUST-103798,Male,1,Yes,No,63,Yes,No,DSL,No,Yes,No,Yes,Yes,No,One year,Yes,Bank transfer (automatic),91.26,5496.33,Yes
CUST-103799,Male,0,No,No,31,Yes,No,No,No internet service,No internet service,No internet service,No internet service,No internet service,No internet service,One year,Yes,Mailed check,45.22,1348.92,No
CUST-103800,Female,0,No,Yes,31,Yes,Yes,No,No internet service,No internet service,No internet service,No internet service,No internet service,No internet service,Month-to-month,No,Electronic check,39.47,1220.87,No
CUST-103801,Female,0,No,No,58,Yes,No,DSL,No,No,Yes,No,No,No,One year,Yes,Credit card (automatic),72.56,4170.38,No
CUST-103802,Female,1,No,No,57,Yes,Yes,Fiber optic,Yes,No,No,No,Yes,No,Two year,No,Mailed check,106.47,5783.85,Yes
CUST-103803,Male,0,Yes,No,63,No,No phone service,No,No internet service,No internet service,No internet service,No internet service,No internet service,No internet service,Month-to-month,No,Credit card (automatic),21.37,1379.76,No
CUST-103804,Male,0,No,No,40,Yes,Yes,Fiber optic,No,Yes,No,No,Yes,Yes,Month-to-month,Yes,Mailed check,104.45,4382.73,No
CUST-103805,Female,0,Yes,Yes,46,Yes,No,No,No internet service,No internet service,No internet service,No internet service,No internet service,No internet service,Month-to-month,No,Bank transfer (automatic),45.88,2019.83,No
CUST-103806,Male,0,Yes,No,4,No,No phone service,Fiber optic,No,No,No,No,No,Yes,Two year,Yes,Electronic check,75.28,312.88,No
CUST-103807,Male,0,No,Yes,33,Yes,Yes,Fiber optic,No,Yes,Yes,No,No,No,Two year,No,Electronic check,98.26,3280.58,No
CUST-103808,Female,0,Yes,No,17,Yes,Yes,DSL,No,No,No,Yes,No,No,Month-to-month,Yes,Credit card (automatic),70.54,1203.75,Yes
CUST-103809,Female,0,Yes,No,62,Yes,Yes,DSL,Yes,Yes,No,No,No,Yes,Two year,No,Bank transfer (automatic),83.54,5389.54,No
CUST-103810,Male,0,Yes,No,8,No,No phone service,Fiber optic,Yes,Yes,No,No,No,Yes,Month-to-month,Yes,Mailed check,78.08,629.11,No
CUST-103811,Male,0,Yes,No,56,Yes,Yes,DSL,No,No,Yes,No,No,Yes,One year,Yes,Mailed check,82.94,4742.21,No
CUST-103812,Female,0,No,No,61,Yes,No,Fiber optic,No,No,Yes,No,No,Yes,One year,Yes,Electronic check,103.78,6425.59,Yes
CUST-103813,Male,0,No,Yes,34,Yes,No,No,No internet service,No internet service,No internet service,No internet service,No internet service,No internet service,Two year,No,Bank transfer (automatic),32.25,1110.88,No
CUST-103814,Male,0,No,No,48,Yes,No,DSL,No,No,No,Yes,No,No,One year,No,Electronic check,70.73,3495.02,No
CUST-103815,Male,0,Yes,No,42,Yes,Yes,Fiber optic,Yes,No,No,No,No,No,Month-to-month,No,Mailed check,89.88,3898.32,No
CUST-103816,Male,1,No,No,50,Yes,No,No,No internet service,No internet service,No internet service,No internet service,No internet service,No internet service,Month-to-month,No,Mailed check,39.62,1908.45,No
CUST-103817,Female,1,No,No,50,Yes,No,No,No internet service,No internet service,No internet service,No internet service,No internet service,No internet service,Month-to-month,Yes,Bank transfer (automatic),42.92,2115.83,No
CUST-103818,Female,0,No,No,18,Yes,No,No,No internet service,No internet service,No internet service,No internet service,No internet service,No internet service,Two year,No,Mailed check,45.16,821.52,No
CUST-103819,Female,0,No,No,50,Yes,No,Fiber optic,No,No,No,No,No,No,Month-to-month,Yes,Credit card (automatic),95.32,4775.16,Yes
CUST-103820,Male,0,No,No,65,Yes,No,DSL,No,Yes,No,No,Yes,Yes,Month-to-month,No,Credit card (automatic),78.79,5121.24,No
CUST-103821,Male,0,No,No,22,Yes,No,No,No internet service,No internet service,No internet service,No internet service,No internet service,No internet service,Month-to-month,Yes,Credit card (automatic),39.26,821.71,No
CUST-103822,Female,0,No,No,22,Yes,No,No,No internet service,No internet service,No internet service,No internet service,No internet service,No internet service,Month-to-month,No,Mailed check,39.93,890.69,No
CUST-103823,Male,1,Yes,Yes,21,No,No phone service,Fiber optic,Yes,Yes,No,No,Yes,No,Month-to-month,Yes,Electronic check,89.49,1823.96,No
CUST-103824,Female,0,Yes,No,66,Yes,Yes,DSL,No,No,No,No,Yes,No,Month-to-month,Yes,Credit card (automatic),73.41,4636.65,No
CUST-103825,Female,0,No,No,64,Yes,No,Fiber optic,No,No,No,No,No,Yes,Month-to-month,Yes,Electronic check,93.26,6148.33,Yes
CUST-103826,Male,1,Yes,No,25,Yes,No,Fiber optic,Yes,Yes,Yes,No,Yes,No,Month-to-month,Yes,Credit card (automatic),105.43,2553.41,No
CUST-103827,Female,0,Yes,No,68,Yes,No,No,No internet service,No internet service,No internet service,No internet service,No internet service,No internet service,Month-to-month,Yes,Electronic check,34.9,2452.09,No
CUST-103828,Female,0,No,No,55,Yes,No,DSL,No,No,No,No,No,Yes,Two year,No,Credit card (automatic),70.6,4007.41,Yes
CUST-103829,Male,0,Yes,No,29,No,No phone service,DSL,No,No,Yes,No,No,No,One year,No,Bank transfer (automatic),46.01,1377.19,Yes
CUST-103830,Female,0,Yes,No,60,Yes,Yes,Fiber optic,No,Yes,Yes,Yes,Yes,No,One year,No,Bank transfer (automatic),110.66,6369.25,No
CUST-103831,Male,1,No,Yes,66,Yes,No,No,No internet service,No internet service,No internet service,No internet service,No internet service,No internet service,Two year,Yes,Bank transfer (automatic),40.75,2585.33,No
CUST-103832,Female,0,Yes,No,63,Yes,No,No,No internet service,No internet service,No internet service,No internet service,No internet service,No internet service,One year,No,Electronic check,41.56,2551.06,No
CUST-103833,Female,0,Yes,No,34,Yes,Yes,DSL,No,Yes,Yes,No,No,No,One year,Yes,Mailed check,79.88,2701.85,No
CUST-103834,Male,0,Yes,No,15,Yes,No,Fiber optic,No,Yes,No,No,No,No,Month-to-month,No,Electronic check,97.99,1497.63,Yes
CUST-103835,Female,1,Yes,No,12,Yes,No,Fiber optic,No,No,No,No,Yes,No,Month-to-month,Yes,Credit card (automatic),94.72,1154.99,Yes
CUST-103836,Male,0,Yes,No,60,Yes,No,DSL,No,No,Yes,No,No,Yes,Month-to-month,Yes,Mailed check,82.94,4763.7,No
CUST-103837,Female,0,No,No,53,Yes,No,No,No internet service,No internet service,No internet service,No internet service,No internet service,No internet service,Two year,Yes,Electronic check,40.67,2048.73,No
CUST-103838,Female,0,Yes,No,51,Yes,No,Fiber optic,Yes,No,No,Yes,Yes,No,Month-to-month,Yes,Electronic check,102.03,5418.21,Yes
CUST-103839,Female,1,Yes,Yes,3,Yes,No,No,No internet service,No internet service,No internet service,No internet service,No internet service,No internet service,Month-to-month,No,Credit card (automatic),41.77,125.76,Yes
CUST-103840,Female,0,No,No,70,No,No phone service,Fiber optic,No,Yes,Yes,Yes,No,No,Two year,Yes,Credit card (automatic),96.38,6895.21,No
CUST-103841,Male,0,Yes,Yes,8,Yes,No,No,No internet service,No internet service,No internet service,No internet service,No internet service,No internet service,Month-to-month,No,Credit card (automatic),36.64,284.84,No
CUST-103842,Female,1,Yes,No,42,No,No phone service,DSL,Yes,Yes,Yes,No,Yes,Yes,One year,Yes,Electronic check,59.59,2596.89,No
CUST-103843,Male,0,Yes,No,68,Yes,No,Fiber optic,No,No,Yes,Yes,Yes,No,One year,Yes,Bank transfer (automatic),110.5,7829.67,Yes
CUST-103844,Female,0,Yes,No,17,Yes,Yes,Fiber optic,No,No,No,Yes,No,No,Month-to-month,No,Mailed check,99.16,1699.41,Yes
CUST-103845,Male,0,Yes,No,37,Yes,No,DSL,No,No,Yes,No,No,No,Month-to-month,No,Bank transfer (automatic),71.13,2732.75,No
CUST-103846,Female,0,Yes,No,61,Yes,No,Fiber optic,No,Yes,Yes,No,No,No,Month-to-month,No,Credit card (automatic),102.22,6003.46,Yes
CUST-103847,Male,0,No,No,19,Yes,Yes,Fiber optic,No,Yes,No,No,No,No,One year,Yes,Electronic check,90.82,1784.82,Yes
CUST-103848,Female,0,No,No,7,Yes,No,Fiber optic,No,Yes,No,No,No,Yes,Two year,No,Mailed check,100.78,686.22,No
CUST-103849,Male,0,No,Yes,35,Yes,No,No,No internet service,No internet service,No internet service,No internet service,No internet service,No internet service,Two year,No,Electronic check,40.81,1465.28,No
CUST-103850,Female,0,Yes,Yes,58,Yes,Yes,DSL,No,Yes,No,No,Yes,No,Month-to-month,No,Mailed check,79.81,4754.26,No
CUST-103851,Male,0,No,No,42,Yes,No,DSL,No,No,No,No,No,No,Month-to-month,Yes,Electronic check,61.9,2634.19,Yes
CUST-103852,Male,1,No,No,32,Yes,Yes,DSL,No,No,No,No,No,Yes,One year,Yes,Electronic check,67.63,2056.06,No
CUST-103853,Male,0,Yes,No,46,Yes,Yes,No,No internet service,No internet service,No internet service,No internet service,No internet service,No internet service,One year,Yes,Electronic check,34.85,1533.97,No
CUST-103854,Male,0,No,Yes,3,Yes,Yes,DSL,No,Yes,Yes,No,Yes,No,Month-to-month,No,Electronic check,83.58,245.1,Yes
CUST-103855,Female,0,No,Yes,25,Yes,No,DSL,No,Yes,No,Yes,Yes,No,Month-to-month,No,Bank transfer (automatic),87.18,2205.52,No
CUST-103856,Male,0,Yes,No,64,Yes,No,DSL,No,No,No,No,Yes,No,Month-to-month,No,Bank transfer (automatic),68.86,4247.7,No
CUST-103857,Male,0,No,No,28,Yes,No,Fiber optic,No,Yes,No,No,No,No,Month-to-month,Yes,Credit card (automatic),100.94,2705.36,Yes
CUST-103858,Male,0,Yes,Yes,70,No,No phone service,Fiber optic,No,Yes,No,Yes,No,No,One year,No,Mailed check,76.79,5143.01,No
CUST-103859,Male,0,Yes,Yes,40,Yes,Yes,Fiber optic,No,No,No,No,Yes,Yes,Two year,Yes,Bank transfer (automatic),94.16,3842.26,Yes
CUST-103860,Female,0,Yes,Yes,68,Yes,Yes,Fiber optic,Yes,Yes,No,No,Yes,Yes,Month-to-month,No,Credit card (automatic),108.76,7587.84,Yes
CUST-103861,Female,0,Yes,No,45,Yes,Yes,Fiber optic,No,Yes,Yes,No,No,Yes,Month-to-month,Yes,Mailed check,106.22,4699.78,Yes
CUST-103862,Male,1,No,No,30,Yes,No,DSL,Yes,Yes,No,No,No,No,Month-to-month,No,Bank transfer (automatic),83.83,2597.0,No
CUST-103863,Female,0,No,No,67,Yes,No,Fiber optic,Yes,Yes,Yes,No,No,No,Month-to-month,Yes,Credit card (automatic),108.84,7360.08,No
CUST-103864,Female,0,Yes,No,19,Yes,No,DSL,Yes,No,No,No,No,Yes,Month-to-month,Yes,Bank transfer (automatic),82.16,1509.22,No
CUST-103865,Female,0,No,No,28,No,No phone service,DSL,No,No,Yes,No,Yes,No,Month-to-month,Yes,Electronic check,50.86,1436.26,Yes
CUST-103866,Female,0,No,No,52,No,No phone service,Fiber optic,No,No,No,No,No,No,Month-to-month,Yes,Electronic check,70.78,3533.14,No
CUST-103867,Female,0,No,No,63,Yes,No,DSL,Yes,Yes,No,Yes,No,Yes,One year,Yes,Electronic check,88.08,5733.28,No
CUST-103868,Male,1,No,No,14,Yes,No,Fiber optic,No,No,No,Yes,Yes,Yes,One year,Yes,Bank transfer (automatic),114.94,1603.08,Yes
CUST-103869,Female,1,No,No,72,Yes,Yes,Fiber optic,No,Yes,No,No,Yes,Yes,One year,Yes,Bank transfer (automatic),111.46,8300.32,No
CUST-103870,Male,0,No,No,31,No,No phone service,No,No internet service,No internet service,No internet service,No internet service,No internet service,No internet service,Month-to-month,No,Electronic check,22.29,712.79,No
CUST-103871,Male,1,Yes,No,24,Yes,No,Fiber optic,No,No,No,No,Yes,No,Month-to-month,Yes,Mailed check,96.4,2264.17,No
CUST-103872,Female,0,No,No,9,Yes,No,Fiber optic,No,No,No,Yes,Yes,No,Month-to-month,Yes,Mailed check,109.41,1030.14,Yes
CUST-103873,Male,0,Yes,Yes,1,Yes,No,Fiber optic,No,Yes,No,Yes,Yes,No,Month-to-month,Yes,Bank transfer (automatic),112.54,109.42,Yes
CUST-103874,Female,0,Yes,No,40,No,No phone service,No,No internet service,No internet service,No internet service,No internet service,No internet service,No internet service,Month-to-month,No,Electronic check,18.0,724.14,No
CUST-103875,Female,0,Yes,No,44,Yes,No,DSL,Yes,Yes,No,No,Yes,No,Month-to-month,Yes,Electronic check,83.73,3792.66,Yes
CUST-103876,Female,0,Yes,No,6,Yes,No,Fiber optic,No,No,No,No,No,No,Two year,No,Bank transfer (automatic),89.31,531.03,No
CUST-103877,Male,1,No,Yes,65,Yes,No,Fiber optic,Yes,No,No,Yes,No,Yes,Two year,No,Electronic check,108.62,7101.2,No
CUST-103878,Male,0,No,No,39,Yes,Yes,DSL,No,No,Yes,No,Yes,No,One year,Yes,Bank transfer (automatic),78.42,2909.82,No
CUST-103879,Male,0,No,No,3,Yes,Yes,DSL,No,Yes,Yes,Yes,No,No,One year,Yes,Mailed check,91.64,285.64,No
CUST-103880,Female,0,No,No,61,No,No phone service,No,No internet service,No internet service,No internet service,No internet service,No internet service,No internet service,One year,Yes,Mailed check,18.8,1120.28,No
CUST-103881,Male,0,Yes,No,14,Yes,Yes,Fiber optic,No,No,No,No,No,Yes,One year,No,Credit card (automatic),99.3,1424.03,No
CUST-103882,Female,1,No,Yes,49,Yes,No,Fiber optic,Yes,Yes,No,Yes,Yes,No,One year,Yes,Electronic check,104.67,4969.8,No
CUST-103883,Male,0,Yes,Yes,49,Yes,No,Fiber optic,No,No,Yes,No,Yes,Yes,Month-to-month,Yes,Electronic check,112.75,5293.12,Yes
CUST-103884,Male,0,Yes,No,59,Yes,Yes,DSL,No,No,No,No,No,No,Two year,No,Credit card (automatic),64.82,3887.18,No
CUST-103885,Male,0,No,Yes,59,Yes,Yes,DSL,Yes,No,No,No,No,Yes,One year,No,Bank transfer (automatic),74.83,4532.25,No
CUST-103886,Male,0,No,No,71,Yes,No,Fiber optic,No,No,No,Yes,No,No,Month-to-month,Yes,Electronic check,96.95,6847.6,No
CUST-103887,Male,0,Yes,No,6,Yes,No,Fiber optic,No,No,No,No,Yes,No,Month-to-month,Yes,Bank transfer (automatic),103.27,600.28,No
CUST-103888,Male,0,Yes,No,26,Yes,No,Fiber optic,No,No,No,Yes,No,No,One year,Yes,Mailed check,103.42,2633.08,No
CUST-103889,Female,0,Yes,Yes,26,Yes,No,Fiber optic,No,No,No,No,No,No,Two year,No,Bank transfer (automatic),81.71,2019.52,No
CUST-103890,Female,0,No,No,27,No,No phone service,Fiber optic,No,No,Yes,Yes,No,Yes,Month-to-month,Yes,Bank transfer (automatic),92.4,2508.78,No
CUST-103891,Female,0,Yes,No,17,Yes,Yes,Fiber optic,Yes,No,Yes,No,No,Yes,Month-to-month,Yes,Electronic check,102.17,1808.6,No
CUST-103892,Male,0,Yes,Yes,17,Yes,Yes,Fiber optic,No,No,No,Yes,Yes,No,Month-to-month,No,Bank transfer (automatic),112.59,1832.86,Yes
CUST-103893,Male,0,No,Yes,70,Yes,No,Fiber optic,No,Yes,No,Yes,Yes,No,Month-to-month,No,Electronic check,97.12,7116.22,Yes
CUST-103894,Female,1,No,No,65,Yes,Yes,DSL,No,No,No,No,No,Yes,Month-to-month,Yes,Mailed check,70.83,4810.83,Yes
CUST-103895,Female,1,Yes,Yes,49,Yes,Yes,DSL,No,No,Yes,No,No,Yes,Month-to-month,No,Mailed check,81.85,3933.62,No
CUST-103896,Female,0,No,Yes,40,Yes,Yes,Fiber optic,Yes,Yes,No,No,No,No,Month-to-month,No,Credit card (automatic),102.0,3877.2,No
CUST-103897,Male,0,Yes,No,34,Yes,No,Fiber optic,No,No,No,Yes,No,No,Month-to-month,No,Bank transfer (automatic),98.47,3510.96,Yes
CUST-103898,Male,1,Yes,No,49,Yes,No,Fiber optic,No,No,Yes,No,No,No,One year,Yes,Credit card (automatic),105.36,5002.81,No
CUST-103899,Female,0,No,Yes,62,Yes,No,Fiber optic,Yes,Yes,No,No,No,No,Month-to-month,Yes,Electronic check,98.53,6327.8,Yes
CUST-103900,Female,0,Yes,No,31,No,No phone service,Fiber optic,No,Yes,No,No,No,No,Month-to-month,No,Mailed check,81.64,2634.45,No
CUST-103901,Female,0,Yes,No,39,Yes,Yes,Fiber optic,No,No,No,No,No,No,Month-to-month,Yes,Bank transfer (automatic),87.57,3270.83,No
CUST-103902,Female,0,No,No,66,Yes,No,DSL,No,Yes,Yes,Yes,Yes,No,Two year,Yes,Electronic check,87.92,6035.19,No
CUST-103903,Male,0,No,No,66,Yes,Yes,DSL,Yes,No,Yes,Yes,No,No,Month-to-month,No,Credit card (automatic),84.36,5844.81,No
CUST-103904,Female,0,No,Yes,16,Yes,No,Fiber optic,Yes,No,No,Yes,Yes,Yes,One year,No,Bank transfer (automatic),117.41,1890.66,No
CUST-103905,Female,0,No,Yes,17,No,No phone service,Fiber optic,No,No,No,No,No,Yes,Month-to-month,Yes,Credit card (automatic),71.1,1185.64,Yes
CUST-103906,Female,1,Yes,No,14,Yes,Yes,DSL,Yes,No,No,No,No,No,Month-to-month,Yes,Electronic check,66.47,922.23,Yes
CUST-103907,Female,0,No,No,1,Yes,Yes,DSL,No,Yes,No,No,No,No,Two year,No,Mailed check,62.64,65.77,No
CUST-103908,Male,0,Yes,No,50,Yes,No,No,No internet service,No internet service,No internet service,No internet service,No internet service,No internet service,Month-to-month,No,Electronic check,35.68,1810.71,No
CUST-103909,Female,0,No,No,31,Yes,Yes,No,No internet service,No internet service,No internet service,No internet service,No internet service,No internet service,Month-to-month,Yes,Credit card (automatic),32.89,1056.26,Yes
CUST-103910,Male,0,Yes,No,2,Yes,No,No,No internet service,No internet service,No internet service,No internet service,No internet service,No internet service,Month-to-month,Yes,Electronic check,37.28,76.13,No
CUST-103911,Female,0,Yes,No,14,Yes,No,DSL,No,No,Yes,No,No,No,Month-to-month,Yes,Bank transfer (automatic),69.85,964.7,No
CUST-103912,Male,0,Yes,No,38,Yes,No,No,No internet service,No internet service,No internet service,No internet service,No internet service,No internet service,One year,No,Bank transfer (automatic),43.96,1692.3,No
CUST-103913,Female,0,No,No,61,Yes,Yes,Fiber optic,No,Yes,No,No,No,No,One year,No,Credit card (automatic),96.43,5635.79,No
CUST-103914,Female,0,Yes,No,48,No,No phone service,DSL,No,Yes,No,No,Yes,Yes,Two year,No,Credit card (automatic),61.57,3027.28,No
CUST-103915,Male,0,No,No,38,Yes,No,DSL,No,No,Yes,No,Yes,No,Month-to-month,Yes,Credit card (automatic),85.29,3180.04,Yes
CUST-103916,Male,0,No,No,13,Yes,No,DSL,Yes,No,Yes,Yes,No,No,Month-to-month,Yes,Electronic check,84.19,1076.44,No
CUST-103917,Female,1,No,No,21,Yes,No,No,No internet service,No internet service,No internet service,No internet service,No internet service,No internet service,Two year,Yes,Credit card (automatic),46.43,1008.23,Yes
CUST-103918,Male,0,Yes,No,57,Yes,Yes,Fiber optic,No,Yes,Yes,Yes,Yes,Yes,Month-to-month,Yes,Mailed check,118.07,6626.02,Yes
CUST-103919,Female,0,Yes,No,56,Yes,No,DSL,Yes,No,No,No,No,Yes,Two year,Yes,Bank transfer (automatic),76.37,4176.05,No
CUST-103920,Female,0,No,No,63,Yes,No,DSL,No,No,No,No,Yes,Yes,One year,Yes,Electronic check,82.38,4980.27,No
CUST-103921,Female,0,No,No,38,Yes,Yes,No,No internet service,No internet service,No internet service,No internet service,No internet service,No internet service,Month-to-month,Yes,Credit card (automatic),41.51,1516.48,No
CUST-103922,Male,0,Yes,Yes,19,Yes,No,Fiber optic,No,No,Yes,No,No,Yes,Two year,No,Mailed check,101.29,1995.46,Yes
CUST-103923,Male,0,No,No,36,No,No phone service,No,No internet service,No internet service,No internet service,No internet service,No internet service,No internet service,Month-to-month,Yes,Credit card (automatic),18.53,669.92,No
CUST-103924,Female,0,Yes,No,65,Yes,No,DSL,No,Yes,No,No,No,No,One year,No,Mailed check,66.56,4507.18,No
CUST-103925,Female,0,Yes,No,13,No,No phone service,No,No internet service,No internet service,No internet service,No internet service,No internet service,No internet service,Month-to-month,No,Bank transfer (automatic),19.96,271.28,Yes
CUST-103926,Female,1,Yes,Yes,61,Yes,No,DSL,No,No,Yes,Yes,Yes,No,One year,No,Electronic check,91.97,5472.78,No
CUST-103927,Male,0,Yes,No,72,Yes,No,DSL,Yes,No,Yes,No,Yes,No,Month-to-month,Yes,Electronic check,86.85,6480.31,No
CUST-103928,Female,0,Yes,No,59,Yes,No,No,No internet service,No internet service,No internet service,No internet service,No internet service,No internet service,Month-to-month,Yes,Credit card (automatic),43.61,2559.52,No
CUST-103929,Female,1,No,Yes,48,Yes,No,DSL,Yes,Yes,No,Yes,Yes,Yes,Two year,No,Bank transfer (automatic),105.25,5145.34,Yes
CUST-103930,Female,0,Yes,No,29,No,No phone service,Fiber optic,No,Yes,No,Yes,Yes,No,Month-to-month,Yes,Electronic check,90.08,2639.71,Yes
CUST-103931,Male,0,No,No,62,Yes,No,Fiber optic,No,Yes,Yes,No,No,No,Month-to-month,Yes,Bank transfer (automatic),108.47,6592.42,Yes
CUST-103932,Female,0,No,Yes,11,Yes,No,Fiber optic,Yes,No,No,Yes,No,Yes,Month-to-month,No,Bank transfer (automatic),116.12,1231.59,No
CUST-103933,Female,0,No,Yes,55,Yes,Yes,DSL,No,Yes,No,No,No,No,One year,Yes,Bank transfer (automatic),71.82,3915.06,No
CUST-103934,Male,0,Yes,No,29,Yes,Yes,Fiber optic,No,Yes,Yes,No,No,No,Month-to-month,Yes,Mailed check,105.32,2961.33,No
CUST-103935,Female,0,No,No,36,Yes,No,DSL,No,Yes,No,No,No,No,One year,No,Credit card (automatic),73.19,2531.29,Yes
CUST-103936,Female,0,Yes,No,33,Yes,Yes,No,No internet service,No internet service,No internet service,No internet service,No internet service,No internet service,One year,Yes,Electronic check,43.21,1408.68,No
CUST-103937,Male,0,No,Yes,0,Yes,Yes,No,No internet service,No internet service,No internet service,No internet service,No internet service,No internet service,One year,Yes,Bank transfer (automatic),35.74,0.0,No
CUST-103938,Female,0,Yes,Yes,72,Yes,Yes,No,No internet service,No internet service,No internet service,No internet service,No internet service,No internet service,Two year,Yes,Mailed check,37.68,2624.17,Yes
CUST-103939,Female,1,No,No,48,Yes,No,No,No internet service,No internet service,No internet service,No internet service,No internet service,No internet service,Two year,No,Bank transfer (automatic),36.4,1680.43,No
CUST-103940,Female,1,Yes,Yes,43,No,No phone service,Fiber optic,No,No,No,Yes,No,No,Month-to-month,No,Electronic check,75.81,3323.39,No
CUST-103941,Male,0,No,No,7,Yes,Yes,DSL,No,Yes,No,No,No,Yes,One year,Yes,Electronic check,78.77,528.48,No
CUST-103942,Female,0,Yes,Yes,56,Yes,Yes,DSL,Yes,Yes,Yes,No,No,Yes,Month-to-month,Yes,Credit card (automatic),80.61,4383.71,No
CUST-103943,Female,0,Yes,No,70,Yes,No,No,No internet service,No internet service,No internet service,No internet service,No internet service,No internet service,Month-to-month,No,Credit card (automatic),45.07,3293.27,No
CUST-103944,Male,0,No,No,59,Yes,Yes,Fiber optic,No,No,No,No,Yes,No,Month-to-month,Yes,Credit card (automatic),93.72,5446.6,Yes
CUST-103945,Female,0,Yes,No,18,Yes,Yes,DSL,Yes,Yes,No,No,Yes,No,Month-to-month,Yes,Bank transfer (automatic),84.4,1583.24,No
CUST-103946,Male,0,No,Yes,13,Yes,No,DSL,No,No,No,No,Yes,Yes,Month-to-month,Yes,Electronic check,76.61,968.55,No
CUST-103947,Male,0,No,No,26,Yes,No,No,No internet service,No internet service,No internet service,No internet service,No internet service,No internet service,Month-to-month,Yes,Bank transfer (automatic),47.77,1236.13,No
CUST-103948,Female,0,No,No,1,No,No phone service,DSL,No,No,Yes,Yes,No,Yes,One year,No,Mailed check,62.58,63.44,Yes
CUST-103949,Male,0,No,No,40,Yes,No,Fiber optic,No,No,No,No,Yes,No,Two year,Yes,Electronic check,94.91,3772.91,No
CUST-103950,Male,0,No,Yes,33,Yes,No,Fiber optic,Yes,Yes,Yes,Yes,No,Yes,Month-to-month,Yes,Electronic check,117.02,3720.38,Yes
CUST-103951,Male,0,No,Yes,36,Yes,No,Fiber optic,No,No,No,No,Yes,Yes,Month-to-month,Yes,Electronic check,92.16,3156.41,Yes
CUST-103952,Female,0,Yes,No,72,Yes,Yes,DSL,No,Yes,Yes,No,No,No,Month-to-month,Yes,Electronic check,81.36,5866.14,No
CUST-103953,Male,0,No,No,47,Yes,No,Fiber optic,Yes,No,No,No,Yes,Yes,Month-to-month,No,Electronic check,114.7,5242.79,No
CUST-103954,Female,1,No,No,30,Yes,No,DSL,No,Yes,Yes,Yes,Yes,No,Two year,Yes,Bank transfer (automatic),98.21,3078.8,No
CUST-103955,Female,0,Yes,No,57,Yes,Yes,DSL,No,No,No,No,No,No,Month-to-month,Yes,Credit card (automatic),54.4,3014.03,No
CUST-103956,Female,0,Yes,No,26,No,No phone service,Fiber optic,Yes,No,No,No,Yes,No,Month-to-month,Yes,Mailed check,82.75,2080.22,No
CUST-103957,Female,0,Yes,No,55,Yes,No,No,No internet service,No internet service,No internet service,No internet service,No internet service,No internet service,Month-to-month,No,Electronic check,43.36,2300.38,No
CUST-103958,Male,0,No,No,68,Yes,No,Fiber optic,Yes,Yes,Yes,No,No,No,Month-to-month,No,Electronic check,106.51,7362.41,Yes
CUST-103959,Male,0,Yes,Yes,66,Yes,Yes,DSL,No,Yes,Yes,No,No,Yes,Month-to-month,Yes,Bank transfer (automatic),77.18,5053.09,No
CUST-103960,Female,0,No,Yes,37,Yes,No,DSL,No,No,No,No,Yes,No,Two year,Yes,Mailed check,72.85,2596.8,No
CUST-103961,Female,0,No,No,34,No,No phone service,Fiber optic,Yes,Yes,No,No,Yes,No,One year,Yes,Bank transfer (automatic),93.61,3046.09,No
CUST-103962,Female,0,No,No,29,Yes,No,DSL,Yes,No,No,Yes,Yes,No,Month-to-month,No,Electronic check,88.16,2633.24,No
CUST-103963,Male,1,Yes,No,38,No,No phone service,DSL,No,No,No,Yes,No,Yes,One year,Yes,Bank transfer (automatic),63.89,2403.72,No
CUST-103964,Male,1,No,Yes,68,Yes,Yes,DSL,No,Yes,Yes,Yes,No,No,Two year,Yes,Bank transfer (automatic),87.77,5962.8,No
CUST-103965,Female,0,No,Yes,63,Yes,Yes,DSL,No,No,Yes,No,Yes,No,Month-to-month,No,Electronic check,72.68,4465.04,Yes
CUST-103966,Female,0,Yes,No,44,Yes,No,Fiber optic,No,No,No,Yes,No,No,One year,Yes,Credit card (automatic),89.08,3796.11,Yes
CUST-103967,Male,0,Yes,No,20,Yes,No,DSL,No,No,No,No,No,Yes,One year,No,Mailed check,70.06,1341.65,No
CUST-103968,Female,0,Yes,No,27,Yes,Yes,DSL,Yes,Yes,Yes,No,No,No,One year,Yes,Electronic check,77.62,1992.93,No
CUST-103969,Female,0,No,Yes,17,Yes,Yes,DSL,No,No,No,Yes,No,No,Month-to-month,No,Mailed check,68.71,1183.27,No
CUST-103970,Male,0,Yes,No,13,Yes,No,Fiber optic,No,No,Yes,No,No,Yes,One year,No,Mailed check,100.08,1257.32,No
CUST-103971,Female,0,Yes,No,0,Yes,Yes,Fiber optic,Yes,No,No,Yes,Yes,No,One year,No,Credit card (automatic),102.33,0.0,Yes
CUST-103972,Male,0,Yes,No,56,Yes,Yes,DSL,No,Yes,No,Yes,Yes,Yes,One year,No,Electronic check,90.12,4797.36,No
CUST-103973,Male,0,Yes,Yes,53,Yes,Yes,Fiber optic,No,No,No,No,No,Yes,Month-to-month,Yes,Credit card (automatic),98.98,5086.23,Yes
CUST-103974,Male,0,Yes,No,13,Yes,Yes,DSL,No,No,No,No,No,Yes,Month-to-month,No,Bank transfer (automatic),60.28,797.65,No
CUST-103975,Female,0,No,Yes,50,Yes,No,No,No internet service,No internet service,No internet service,No internet service,No internet service,No internet service,One year,No,Bank transfer (automatic),33.66,1719.33,No
CUST-103976,Female,0,Yes,No,12,Yes,No,Fiber optic,No,Yes,No,No,No,Yes,One year,Yes,Electronic check,90.39,1054.2,Yes
CUST-103977,Female,0,No,Yes,20,Yes,Yes,Fiber optic,No,No,No,No,Yes,No,Two year,Yes,Electronic check,98.48,1896.0,Yes
CUST-103978,Female,0,Yes,No,18,Yes,No,Fiber optic,No,No,Yes,No,No,No,Month-to-month,Yes,Credit card (automatic),94.7,1778.09,No
CUST-103979,Male,1,Yes,Yes,9,Yes,No,Fiber optic,Yes,No,Yes,No,No,No,Month-to-month,No,Bank transfer (automatic),104.37,942.52,Yes
CUST-103980,Male,0,No,No,53,Yes,Yes,Fiber optic,No,No,Yes,No,No,Yes,One year,Yes,Credit card (automatic),102.18,5208.23,No
CUST-103981,Male,1,No,No,3,Yes,Yes,Fiber optic,No,No,No,Yes,No,Yes,One year,Yes,Mailed check,102.82,305.17,Yes
CUST-103982,Female,0,No,Yes,29,Yes,Yes,Fiber optic,No,No,Yes,Yes,No,No,Month-to-month,Yes,Bank transfer (automatic),108.76,3261.11,Yes
CUST-103983,Female,0,Yes,Yes,35,No,No phone service,DSL,No,Yes,No,Yes,Yes,No,One year,No,Credit card (automatic),65.88,2273.08,Yes
CUST-103984,Female,0,No,No,42,Yes,Yes,DSL,Yes,No,Yes,No,No,No,Month-to-month,Yes,Bank transfer (automatic),83.05,3371.57,No
CUST-103985,Male,0,No,No,14,Yes,No,Fiber optic,No,No,No,No,No,Yes,Month-to-month,Yes,Mailed check,100.1,1383.48,Yes
CUST-103986,Male,0,Yes,No,34,Yes,Yes,Fiber optic,No,Yes,No,Yes,No,No,Month-to-month,No,Credit card (automatic),100.26,3545.51,Yes
CUST-103987,Male,0,No,No,57,Yes,No,DSL,No,No,No,No,No,No,Month-to-month,No,Electronic check,66.63,3881.64,No
CUST-103988,Male,0,Yes,Yes,27,Yes,Yes,No,No internet service,No internet service,No internet service,No internet service,No internet service,No internet service,One year,Yes,Mailed check,29.93,809.57,No
CUST-103989,Male,0,Yes,No,69,Yes,No,DSL,Yes,Yes,No,No,No,No,Month-to-month,Yes,Electronic check,80.25,5805.46,No
CUST-103990,Female,1,No,Yes,31,Yes,No,DSL,No,No,No,No,No,No,Two year,Yes,Credit card (automatic),61.46,1871.37,No
CUST-103991,Female,1,No,No,56,Yes,No,Fiber optic,No,No,No,Yes,No,Yes,Month-to-month,Yes,Credit card (automatic),103.06,5810.59,Yes
CUST-103992,Male,0,No,No,8,Yes,No,No,No internet service,No internet service,No internet service,No internet service,No internet service,No internet service,One year,Yes,Credit card (automatic),35.67,284.96,No
CUST-103993,Male,0,No,No,62,Yes,Yes,Fiber optic,No,Yes,Yes,Yes,No,Yes,Month-to-month,No,Mailed check,119.33,7486.29,No
CUST-103994,Female,1,Yes,Yes,35,Yes,Yes,Fiber optic,No,No,Yes,Yes,Yes,No,Month-to-month,No,Bank transfer (automatic),109.52,3661.61,Yes
CUST-103995,Male,0,No,Yes,72,Yes,Yes,DSL,No,Yes,No,No,No,Yes,One year,No,Electronic check,70.91,5278.53,No
CUST-103996,Male,0,No,No,51,Yes,Yes,No,No internet service,No internet service,No internet service,No internet service,No internet service,No internet service,Two year,No,Mailed check,36.89,1789.22,No
CUST-103997,Female,0,Yes,No,54,Yes,Yes,Fiber optic,Yes,Yes,Yes,Yes,Yes,No,Two year,No,Credit card (automatic),130.0,6984.32,No
CUST-103998,Female,0,Yes,No,10,Yes,No,DSL,No,No,No,Yes,No,No,Month-to-month,Yes,Electronic check,65.79,629.19,Yes
CUST-103999,Female,0,No,No,41,Yes,No,Fiber optic,No,No,Yes,No,Yes,No,Month-to-month,Yes,Electronic check,107.92,4295.62,Yes
CUST-104000,Male,0,Yes,Yes,53,Yes,No,DSL,No,Yes,No,Yes,Yes,No,Month-to-month,No,Bank transfer (automatic),71.53,3860.84,No
CUST-104001,Female,0,No,No,59,Yes,No,Fiber optic,No,No,No,No,No,No,Month-to-month,No,Bank transfer (automatic),88.71,5372.41,Yes
CUST-104002,Male,0,No,No,27,Yes,Yes,Fiber optic,Yes,Yes,No,No,No,No,Month-to-month,Yes,Mailed check,99.06,2635.96,Yes
CUST-104003,Male,0,No,No,41,No,No phone service,Fiber optic,No,Yes,Yes,No,Yes,No,Two year,Yes,Bank transfer (automatic),89.13,3820.44,No
CUST-104004,Female,0,No,No,12,Yes,No,No,No internet service,No internet service,No internet service,No internet service,No internet service,No internet service,One year,No,Credit card (automatic),39.71,491.89,No
CUST-104005,Female,0,No,Yes,31,Yes,Yes,Fiber optic,No,No,No,No,Yes,No,Month-to-month,Yes,Electronic check,100.5,3129.59,Yes
CUST-104006,Male,1,No,No,34,Yes,No,Fiber optic,No,No,Yes,Yes,Yes,Yes,Two year,No,Credit card (automatic),115.21,4059.02,No
CUST-104007,Female,1,Yes,No,2,Yes,No,Fiber optic,Yes,No,No,No,Yes,No,One year,Yes,Bank transfer (automatic),101.0,204.77,No
CUST-104008,Male,0,No,No,66,Yes,Yes,DSL,No,No,Yes,No,No,Yes,Month-to-month,No,Mailed check,67.63,4553.63,Yes
CUST-104009,Male,0,No,No,46,Yes,Yes,Fiber optic,No,Yes,No,Yes,No,No,Two year,Yes,Electronic check,105.37,5052.5,Yes
CUST-104010,Male,0,No,No,13,Yes,Yes,No,No internet service,No internet service,No internet service,No internet service,No internet service,No internet service,One year,Yes,Mailed check,43.93,594.36,No
CUST-104011,Female,0,No,No,65,Yes,No,Fiber optic,No,Yes,No,No,No,Yes,Month-to-month,No,Credit card (automatic),106.63,7214.69,Yes
CUST-104012,Female,0,No,No,50,Yes,Yes,Fiber optic,No,Yes,Yes,Yes,No,Yes,Month-to-month,Yes,Mailed check,100.18,5186.3,No
CUST-104013,Male,0,No,Yes,50,Yes,No,Fiber optic,No,No,Yes,No,Yes,Yes,Month-to-month,Yes,Electronic check,115.86,6028.25,Yes
CUST-104014,Male,0,No,No,68,Yes,Yes,No,No internet service,No internet service,No internet service,No internet service,No internet service,No internet service,Month-to-month,Yes,Electronic check,38.14,2605.75,No
CUST-104015,Male,0,No,No,29,Yes,Yes,DSL,Yes,No,Yes,Yes,Yes,No,Two year,Yes,Credit card (automatic),80.43,2378.49,No
CUST-104016,Male,1,No,No,25,Yes,Yes,DSL,No,No,No,No,Yes,No,Month-to-month,Yes,Mailed check,69.14,1710.73,Yes
CUST-104017,Male,0,Yes,No,45,Yes,Yes,Fiber optic,Yes,No,No,No,No,No,Month-to-month,Yes,Electronic check,96.64,4287.59,Yes
CUST-104018,Male,0,Yes,Yes,64,Yes,No,DSL,No,No,No,Yes,Yes,Yes,Two year,Yes,Credit card (automatic),71.61,4374.22,Yes
CUST-104019,Female,0,No,No,59,Yes,Yes,No,No internet service,No internet service,No internet service,No internet service,No internet service,No internet service,Two year,No,Electronic check,31.15,1882.96,Yes
CUST-104020,Male,0,Yes,No,57,Yes,No,DSL,Yes,Yes,No,No,Yes,No,Two year,No,Credit card (automatic),79.56,4649.47,Yes
CUST-104021,Male,0,Yes,No,55,Yes,No,DSL,No,No,Yes,No,Yes,No,Two year,Yes,Electronic check,84.12,4709.64,No
CUST-104022,Female,0,Yes,No,2,No,No phone service,Fiber optic,No,No,No,Yes,No,Yes,Two year,No,Electronic check,80.79,155.09,No
CUST-104023,Male,0,No,No,35,Yes,Yes,DSL,No,No,No,No,No,Yes,Two year,No,Electronic check,68.38,2455.92,No
CUST-104024,Male,0,No,No,25,Yes,No,Fiber optic,No,No,No,No,No,No,Month-to-month,No,Credit card (automatic),83.05,2152.27,No
CUST-104025,Male,0,No,No,26,Yes,Yes,Fiber optic,Yes,No,No,Yes,No,No,Month-to-month,No,Bank transfer (automatic),101.33,2734.97,No
CUST-104026,Male,0,No,No,62,Yes,Yes,No,No internet service,No internet service,No internet service,No internet service,No internet service,No internet service,Month-to-month,Yes,Electronic check,38.6,2336.9,No
CUST-104027,Male,0,No,No,28,Yes,No,DSL,Yes,No,No,No,Yes,Yes,Month-to-month,Yes,Bank transfer (automatic),75.53,2065.1,No
CUST-104028,Female,0,Yes,No,61,Yes,Yes,Fiber optic,No,No,No,No,No,Yes,Month-to-month,No,Credit card (automatic),91.35,5825.41,No
CUST-104029,Male,0,Yes,No,66,Yes,No,No,No internet service,No internet service,No internet service,No internet service,No internet service,No internet service,Month-to-month,No,Mailed check,41.87,2675.25,No
CUST-104030,Female,0,Yes,No,33,Yes,Yes,Fiber optic,No,No,Yes,No,No,No,Month-to-month,Yes,Mailed check,92.64,3110.52,No
CUST-104031,Female,0,Yes,Yes,12,Yes,Yes,DSL,Yes,No,No,No,No,Yes,One year,Yes,Mailed check,72.1,865.94,No
CUST-104032,Male,0,No,No,50,Yes,No,DSL,Yes,No,Yes,No,No,Yes,Month-to-month,Yes,Electronic check,71.97,3521.62,Yes
CUST-104033,Male,0,Yes,No,62,No,No phone service,Fiber optic,Yes,No,No,Yes,No,Yes,Month-to-month,Yes,Credit card (automatic),86.13,5455.74,No
CUST-104034,Male,0,No,No,29,Yes,Yes,DSL,No,Yes,Yes,No,Yes,Yes,One year,No,Bank transfer (automatic),81.42,2317.29,Yes
CUST-104035,Male,1,No,No,14,Yes,No,Fiber optic,No,No,Yes,Yes,Yes,Yes,Month-to-month,Yes,Credit card (automatic),120.52,1753.14,No
CUST-104036,Female,0,Yes,No,38,Yes,No,Fiber optic,Yes,Yes,No,Yes,No,Yes,Month-to-month,No,Credit card (automatic),109.87,4354.8,Yes
CUST-104037,Female,0,No,No,71,Yes,No,Fiber optic,No,Yes,No,No,No,Yes,Month-to-month,No,Bank transfer (automatic),99.82,7345.7,No
CUST-104038,Male,0,No,Yes,37,Yes,No,Fiber optic,Yes,Yes,No,No,No,Yes,One year,Yes,Bank transfer (automatic),111.54,4002.64,Yes
CUST-104039,Male,0,No,Yes,32,Yes,Yes,Fiber optic,No,No,Yes,No,No,Yes,Two year,No,Credit card (automatic),105.78,3545.41,Yes
CUST-104040,Male,1,No,No,32,Yes,Yes,DSL,No,No,No,No,No,No,Month-to-month,Yes,Bank transfer (automatic),65.47,2059.63,No
CUST-104041,Female,0,No,No,53,Yes,Yes,Fiber optic,No,Yes,No,No,Yes,No,Two year,Yes,Credit card (automatic),98.59,5241.3,No
CUST-104042,Female,0,No,Yes,24,Yes,No,No,No internet service,No internet service,No internet service,No internet service,No internet service,No internet service,Two year,Yes,Credit card (automatic),36.95,919.22,No
CUST-104043,Male,1,No,Yes,53,Yes,Yes,Fiber optic,No,No,No,No,Yes,No,Two year,Yes,Electronic check,98.8,5249.33,No
CUST-104044,Male,0,Yes,Yes,72,Yes,No,DSL,Yes,No,Yes,Yes,Yes,No,Two year,No,Mailed check,96.86,6830.4,No
CUST-104045,Male,0,No,Yes,56,Yes,Yes,DSL,No,Yes,No,No,No,Yes,One year,Yes,Bank transfer (automatic),79.59,4356.29,Yes
CUST-104046,Male,0,No,No,67,Yes,No,Fiber optic,No,Yes,No,Yes,Yes,No,Month-to-month,No,Electronic check,110.38,7394.32,Yes
CUST-104047,Male,0,Yes,No,57,Yes,No,Fiber optic,No,No,Yes,No,Yes,No,Month-to-month,Yes,Mailed check,101.48,5875.8,No
CUST-104048,Male,0,Yes,No,61,Yes,Yes,Fiber optic,No,Yes,No,No,Yes,Yes,Month-to-month,No,Electronic check,105.57,6524.01,No
CUST-104049,Male,0,Yes,No,2,No,No phone service,DSL,No,No,Yes,No,Yes,No,Month-to-month,No,Electronic check,64.29,122.17,Yes
CUST-104050,Male,1,Yes,Yes,25,Yes,Yes,Fiber optic,No,No,Yes,No,Yes,No,Two year,No,Mailed check,93.64,2398.72,No
CUST-104051,Male,0,Yes,No,19,Yes,No,DSL,Yes,No,Yes,No,Yes,No,Month-to-month,Yes,Electronic check,88.79,1664.32,No
CUST-104052,Female,0,Yes,No,63,Yes,Yes,DSL,No,No,Yes,No,No,Yes,Month-to-month,Yes,Bank transfer (automatic),66.97,4429.32,No
CUST-104053,Female,0,No,Yes,16,No,No phone service,Fiber optic,No,No,No,No,No,No,Two year,No,Bank transfer (automatic),72.39,1124.67,No
CUST-104054,Male,0,No,Yes,70,Yes,Yes,No,No internet service,No internet service,No internet service,No internet service,No internet service,No internet service,Month-to-month,No,Electronic check,46.57,3365.49,No
CUST-104055,Male,1,No,No,50,Yes,No,No,No internet service,No internet service,No internet service,No internet service,No internet service,No internet service,Month-to-month,No,Electronic check,35.46,1751.84,Yes
CUST-104056,Female,0,Yes,Yes,9,No,No phone service,DSL,No,No,No,No,No,No,Month-to-month,Yes,Electronic check,44.99,402.08,Yes
CUST-104057,Female,0,No,Yes,49,Yes,No,DSL,No,No,No,No,Yes,Yes,Month-to-month,Yes,Mailed check,77.05,3863.57,No
CUST-104058,Male,1,Yes,No,25,Yes,Yes,DSL,No,No,No,No,No,No,Month-to-month,Yes,Bank transfer (automatic),66.36,1697.46,No
CUST-104059,Female,1,Yes,No,21,Yes,Yes,No,No internet service,No internet service,No internet service,No internet service,No internet service,No internet service,Month-to-month,Yes,Bank transfer (automatic),43.81,920.95,No
CUST-104060,Male,1,No,Yes,72,Yes,No,DSL,No,No,No,No,No,No,One year,No,Electronic check,57.51,4024.23,No
CUST-104061,Male,0,No,No,57,Yes,Yes,No,No internet service,No internet service,No internet service,No internet service,No internet service,No internet service,Month-to-month,Yes,Mailed check,45.83,2700.07,No
CUST-104062,Female,0,No,Yes,55,Yes,Yes,Fiber optic,No,Yes,Yes,No,No,Yes,One year,Yes,Credit card (automatic),102.2,5734.02,Yes
CUST-104063,Female,0,No,No,22,Yes,Yes,No,No internet service,No internet service,No internet service,No internet service,No internet service,No internet service,Month-to-month,Yes,Credit card (automatic),42.05,965.36,No
CUST-104064,Female,0,No,No,48,Yes,No,DSL,Yes,No,Yes,No,No,Yes,Month-to-month,No,Bank transfer (automatic),87.49,4231.34,No
CUST-104065,Male,1,No,No,25,Yes,Yes,Fiber optic,No,No,Yes,No,Yes,No,Month-to-month,Yes,Electronic check,103.72,2544.01,Yes
CUST-104066,Female,0,No,No,44,Yes,No,DSL,No,No,Yes,Yes,Yes,Yes,Two year,Yes,Electronic check,89.08,4061.78,No
CUST-104067,Male,0,Yes,No,29,No,No phone service,Fiber optic,No,Yes,No,No,Yes,No,One year,No,Mailed check,80.85,2230.57,Yes
CUST-104068,Female,1,Yes,No,44,Yes,No,Fiber optic,No,No,No,Yes,No,No,Month-to-month,No,Mailed check,100.95,4444.85,Yes
CUST-104069,Male,1,No,No,54,Yes,No,No,No internet service,No internet service,No internet service,No internet service,No internet service,No internet service,One year,Yes,Bank transfer (automatic),40.55,2223.16,Yes
CUST-104070,Male,0,No,No,23,No,No phone service,Fiber optic,Yes,Yes,No,No,No,No,Month-to-month,Yes,Electronic check,75.25,1811.09,No
CUST-104071,Female,1,Yes,No,0,Yes,Yes,No,No internet service,No internet service,No internet service,No internet service,No internet service,No internet service,Two year,Yes,Credit card (automatic),42.26,0.0,No
CUST-104072,Female,0,Yes,No,7,Yes,No,Fiber optic,Yes,Yes,Yes,No,No,Yes,Two year,No,Bank transfer (automatic),113.42,797.29,Yes
CUST-104073,Female,0,Yes,Yes,66,Yes,Yes,Fiber optic,No,Yes,No,No,No,No,Month-to-month,Yes,Credit card (automatic),96.53,6470.88,No
CUST-104074,Male,0,No,No,70,No,No phone service,DSL,Yes,Yes,No,No,Yes,Yes,Month-to-month,Yes,Credit card (automatic),57.51,4040.72,No
CUST-104075,Male,1,Yes,Yes,50,Yes,No,DSL,Yes,No,No,No,No,Yes,Month-to-month,Yes,Mailed check,75.51,3732.63,No
CUST-104076,Female,1,No,No,7,Yes,No,DSL,Yes,No,Yes,No,No,No,One year,Yes,Bank transfer (automatic),80.31,557.38,No
CUST-104077,Female,0,Yes,No,42,Yes,No,DSL,No,No,Yes,No,No,No,Month-to-month,No,Credit card (automatic),73.01,2931.08,No
CUST-104078,Male,0,Yes,No,31,Yes,No,DSL,No,Yes,Yes,No,No,No,Month-to-month,No,Electronic check,73.11,2246.96,Yes
CUST-104079,Female,0,Yes,Yes,17,Yes,Yes,DSL,No,No,Yes,No,Yes,Yes,Two year,Yes,Electronic check,76.7,1260.47,Yes
CUST-104080,Female,0,No,No,27,Yes,No,DSL,No,Yes,No,Yes,No,Yes,Month-to-month,Yes,Electronic check,83.21,2281.66,No
CUST-104081,Male,1,Yes,No,57,Yes,No,Fiber optic,Yes,No,Yes,No,Yes,No,Two year,Yes,Mailed check,106.81,6081.61,No
CUST-104082,Female,0,Yes,No,72,Yes,Yes,Fiber optic,No,No,Yes,No,Yes,No,Month-to-month,Yes,Bank transfer (automatic),103.82,7210.76,Yes
CUST-104083,Female,0,No,No,63,Yes,Yes,No,No internet service,No internet service,No internet service,No internet service,No internet service,No internet service,Two year,Yes,Electronic check,37.64,2318.53,Yes
CUST-104084,Female,0,No,Yes,14,Yes,No,Fiber optic,Yes,No,Yes,No,Yes,No,Two year,Yes,Mailed check,108.53,1459.2,No
CUST-104085,Female,0,Yes,No,36,Yes,No,DSL,Yes,No,Yes,No,Yes,No,Month-to-month,No,Bank transfer (automatic),86.9,3094.45,No
CUST-104086,Male,0,No,No,38,Yes,Yes,No,No internet service,No internet service,No internet service,No internet service,No internet service,No internet service,Month-to-month,No,Credit card (automatic),42.09,1654.41,No
CUST-104087,Female,1,Yes,Yes,21,Yes,Yes,No,No internet service,No internet service,No internet service,No internet service,No internet service,No internet service,Month-to-month,No,Electronic check,48.45,1058.52,Yes
CUST-104088,Female,0,No,No,31,Yes,Yes,Fiber optic,No,No,No,No,Yes,No,One year,Yes,Credit card (automatic),93.63,2976.94,Yes
CUST-104089,Female,0,Yes,No,27,Yes,No,DSL,No,Yes,Yes,Yes,Yes,No,Month-to-month,No,Credit card (automatic),96.26,2682.04,No
CUST-104090,Female,0,No,No,5,Yes,No,No,No internet service,No internet service,No internet service,No internet service,No internet service,No internet service,Two year,Yes,Mailed check,36.77,192.9,No
CUST-104091,Male,1,No,No,30,Yes,Yes,No,No internet service,No internet service,No internet service,No internet service,No internet service,No internet service,One year,No,Mailed check,38.52,1175.76,Yes
CUST-104092,Male,0,No,Yes,26,Yes,No,No,No internet service,No internet service,No internet service,No internet service,No internet service,No internet service,Two year,Yes,Electronic check,48.86,1212.83,No
CUST-104093,Male,0,No,No,22,No,No phone service,Fiber optic,Yes,Yes,Yes,Yes,No,No,Month-to-month,No,Bank transfer (automatic),94.4,2023.74,No
CUST-104094,Female,0,Yes,No,44,Yes,Yes,DSL,No,Yes,Yes,No,No,No,Month-to-month,Yes,Credit card (automatic),78.17,3401.4,Yes
CUST-104095,Female,1,No,No,51,Yes,Yes,Fiber optic,No,No,Yes,Yes,No,No,Month-to-month,Yes,Electronic check,97.41,4862.5,Yes
CUST-104096,Female,0,Yes,No,3,Yes,No,Fiber optic,Yes,No,Yes,No,No,Yes,Month-to-month,Yes,Credit card (automatic),108.45,317.06,Yes
CUST-104097,Male,0,Yes,No,24,Yes,Yes,DSL,No,No,Yes,No,Yes,No,Month-to-month,Yes,Electronic check,76.05,1842.04,Yes
CUST-104098,Female,0,No,No,2,Yes,No,DSL,No,Yes,Yes,Yes,Yes,No,Month-to-month,No,Credit card (automatic),105.01,199.93,Yes
CUST-104099,Male,0,No,No,59,No,No phone service,No,No internet service,No internet service,No internet service,No internet service,No internet service,No internet service,One year,No,Mailed check,20.31,1171.44,No
CUST-104100,Male,1,No,No,67,Yes,No,DSL,Yes,No,No,No,No,No,Month-to-month,No,Mailed check,70.2,4641.05,No
CUST-104101,Female,1,No,No,33,Yes,No,DSL,Yes,No,No,Yes,No,Yes,Month-to-month,No,Credit card (automatic),80.93,2700.89,No
CUST-104102,Male,0,No,No,68,Yes,No,Fiber optic,No,Yes,Yes,No,No,No,Month-to-month,Yes,Bank transfer (automatic),102.86,6713.3,Yes
CUST-104103,Male,0,No,No,45,Yes,Yes,No,No internet service,No internet service,No internet service,No internet service,No internet service,No internet service,One year,No,Electronic check,39.72,1738.6,Yes
CUST-104104,Male,1,No,No,63,Yes,Yes,No,No internet service,No internet service,No internet service,No internet service,No internet service,No internet service,One year,No,Bank transfer (automatic),42.22,2779.14,No
CUST-104105,Male,1,No,No,69,Yes,No,DSL,No,No,No,Yes,No,Yes,One year,Yes,Electronic check,71.62,4807.04,Yes
CUST-104106,Male,0,Yes,No,42,Yes,Yes,Fiber optic,Yes,No,No,No,No,No,Month-to-month,Yes,Credit card (automatic),92.33,3959.19,No
CUST-104107,Female,0,No,No,32,No,No phone service,No,No internet service,No internet service,No internet service,No internet service,No internet service,No internet service,One year,Yes,Electronic check,24.37,804.35,Yes
CUST-104108,Female,0,No,No,54,Yes,Yes,Fiber optic,No,Yes,No,Yes,Yes,No,One year,No,Mailed check,104.72,5789.07,No
CUST-104109,Male,1,No,No,12,Yes,No,DSL,No,No,No,No,No,Yes,Month-to-month,No,Mailed check,70.78,825.92,No
CUST-104110,Male,0,Yes,Yes,21,Yes,Yes,Fiber optic,Yes,No,No,No,No,No,Month-to-month,Yes,Mailed check,96.35,1945.53,No
CUST-104111,Male,0,Yes,Yes,40,Yes,Yes,Fiber optic,Yes,Yes,No,No,Yes,No,Two year,No,Mailed check,112.06,4676.54,No
CUST-104112,Male,0,Yes,No,14,Yes,Yes,Fiber optic,No,Yes,No,No,Yes,No,Month-to-month,No,Mailed check,102.82,1394.03,Yes
CUST-104113,Female,0,Yes,Yes,36,Yes,Yes,Fiber optic,No,No,No,No,No,Yes,Month-to-month,Yes,Bank transfer (automatic),86.85,2970.46,No
CUST-104114,Male,0,No,No,62,Yes,No,DSL,No,No,Yes,No,No,No,Month-to-month,No,Electronic check,69.55,4110.84,No
CUST-104115,Male,0,Yes,Yes,57,Yes,Yes,No,No internet service,No internet service,No internet service,No internet service,No internet service,No internet service,Two year,No,Bank transfer (automatic),34.26,2036.71,No
CUST-104116,Male,0,Yes,Yes,65,Yes,No,Fiber optic,No,No,Yes,No,Yes,Yes,Month-to-month,Yes,Electronic check,106.61,7174.47,No
CUST-104117,Male,0,No,No,62,Yes,No,DSL,Yes,No,No,No,No,No,Two year,Yes,Credit card (automatic),70.99,4227.42,No
CUST-104118,Male,0,Yes,No,24,Yes,Yes,Fiber optic,No,No,Yes,No,No,Yes,Two year,No,Bank transfer (automatic),103.56,2606.18,Yes
CUST-104119,Male,1,Yes,No,52,Yes,No,Fiber optic,No,No,No,No,Yes,No,One year,Yes,Credit card (automatic),98.88,4998.19,Yes
CUST-104120,Female,0,No,No,27,Yes,Yes,Fiber optic,No,No,Yes,No,Yes,No,Month-to-month,Yes,Electronic check,105.58,2860.18,Yes
CUST-104121,Female,0,No,Yes,70,Yes,Yes,No,No internet service,No internet service,No internet service,No internet service,No internet service,No internet service,Month-to-month,No,Credit card (automatic),36.38,2602.48,No
CUST-104122,Female,0,No,Yes,12,Yes,No,No,No internet service,No internet service,No internet service,No internet service,No internet service,No internet service,Two year,Yes,Bank transfer (automatic),33.35,400.3,No
CUST-104123,Male,0,No,No,19,Yes,No,Fiber optic,No,No,No,Yes,Yes,No,Two year,Yes,Credit card (automatic),103.05,1965.46,Yes
CUST-104124,Female,0,No,No,68,Yes,No,Fiber optic,No,Yes,Yes,No,Yes,No,Two year,No,Electronic check,107.77,7594.6,No
CUST-104125,Female,0,Yes,No,17,No,No phone service,Fiber optic,No,No,No,No,Yes,No,Two year,No,Credit card (automatic),77.08,1314.6,Yes
CUST-104126,Male,1,No,No,45,No,No phone service,Fiber optic,No,No,Yes,No,No,Yes,One year,Yes,Bank transfer (automatic),82.09,3610.37,Yes
CUST-104127,Male,1,No,No,21,Yes,No,Fiber optic,No,No,Yes,No,Yes,No,Month-to-month,Yes,Credit card (automatic),100.78,2199.49,Yes
CUST-104128,Female,0,No,No,20,Yes,Yes,Fiber optic,No,No,Yes,No,No,Yes,Month-to-month,Yes,Mailed check,109.41,2273.71,No
CUST-104129,Male,0,Yes,Yes,48,Yes,Yes,No,No internet service,No internet service,No internet service,No internet service,No internet service,No internet service,Month-to-month,Yes,Electronic check,39.67,1838.75,No
CUST-104130,Male,0,Yes,Yes,58,Yes,No,Fiber optic,No,No,No,No,No,No,Month-to-month,No,Credit card (automatic),93.62,5188.71,Yes
CUST-104131,Female,0,Yes,Yes,16,Yes,No,DSL,Yes,No,No,No,No,Yes,Month-to-month,Yes,Electronic check,73.83,1234.49,Yes
CUST-104132,Female,1,No,No,71,Yes,No,No,No internet service,No internet service,No internet service,No internet service,No internet service,No internet service,Month-to-month,Yes,Bank transfer (automatic),37.96,2623.99,No
CUST-104133,Female,0,No,No,6,Yes,No,No,No internet service,No internet service,No internet service,No internet service,No internet service,No internet service,Month-to-month,No,Electronic check,46.87,289.35,No
CUST-104134,Female,0,Yes,Yes,7,Yes,No,DSL,Yes,No,Yes,No,Yes,Yes,Month-to-month,No,Credit card (automatic),80.74,586.76,No
CUST-104135,Female,0,No,Yes,71,Yes,No,No,No internet service,No internet service,No internet service,No internet service,No internet service,No internet service,One year,No,Mailed check,49.63,3576.8,No
CUST-104136,Female,0,No,Yes,4,Yes,No,Fiber optic,No,No,No,Yes,No,No,One year,Yes,Electronic check,95.79,364.16,No
CUST-104137,Male,1,No,No,22,Yes,No,DSL,No,Yes,No,No,Yes,No,One year,Yes,Credit card (automatic),75.68,1585.37,Yes
CUST-104138,Female,0,Yes,No,8,Yes,No,Fiber optic,No,No,No,No,Yes,No,One year,No,Electronic check,94.73,749.39,Yes
CUST-104139,Female,0,No,No,16,Yes,No,DSL,No,Yes,No,No,Yes,No,Month-to-month,No,Electronic check,81.32,1272.32,No
CUST-104140,Female,0,No,No,5,Yes,No,Fiber optic,No,Yes,No,No,No,Yes,Month-to-month,No,Credit card (automatic),94.68,453.67,Yes
CUST-104141,Female,1,No,Yes,26,Yes,Yes,No,No internet service,No internet service,No internet service,No internet service,No internet service,No internet service,Month-to-month,Yes,Electronic check,41.14,1023.87,No
CUST-104142,Male,0,No,No,21,Yes,Yes,Fiber optic,Yes,Yes,Yes,No,No,Yes,Month-to-month,No,Electronic check,119.24,2532.2,Yes
CUST-104143,Male,0,No,No,11,Yes,Yes,DSL,No,Yes,Yes,No,Yes,Yes,One year,No,Bank transfer (automatic),89.38,994.16,No
CUST-104144,Male,0,Yes,Yes,52,Yes,No,DSL,No,No,No,No,No,Yes,One year,Yes,Electronic check,66.9,3542.71,No
CUST-104145,Male,0,No,No,2,Yes,Yes,Fiber optic,No,No,Yes,No,Yes,Yes,Month-to-month,Yes,Credit card (automatic),99.35,208.41,No
CUST-104146,Male,0,Yes,No,34,No,No phone service,Fiber optic,No,Yes,No,Yes,Yes,Yes,Two year,Yes,Credit card (automatic),89.2,2882.79,Yes
CUST-104147,Female,0,No,Yes,22,Yes,No,Fiber optic,No,Yes,No,No,No,No,Month-to-month,No,Credit card (automatic),95.31,2081.53,Yes
CUST-104148,Female,0,No,No,47,Yes,Yes,No,No internet service,No internet service,No internet service,No internet service,No internet service,No internet service,Month-to-month,Yes,Credit card (automatic),35.73,1691.43,Yes
CUST-104149,Male,0,No,No,24,Yes,No,Fiber optic,No,No,No,No,No,No,Two year,Yes,Credit card (automatic),100.62,2370.39,Yes
CUST-104150,Male,0,No,No,34,Yes,Yes,Fiber optic,No,No,No,No,No,No,One year,No,Electronic check,95.27,3355.36,Yes
CUST-104151,Female,0,Yes,No,59,Yes,No,Fiber optic,Yes,Yes,No,No,Yes,No,One year,No,Bank transfer (automatic),114.31,6465.22,No
CUST-104152,Female,0,Yes,Yes,10,Yes,No,Fiber optic,No,Yes,Yes,No,Yes,Yes,One year,Yes,Credit card (automatic),111.64,1165.72,Yes
CUST-104153,Female,0,No,No,31,Yes,No,DSL,Yes,Yes,No,No,Yes,Yes,Month-to-month,No,Bank transfer (automatic),93.85,2979.13,No
CUST-104154,Male,0,Yes,Yes,41,Yes,No,Fiber optic,No,No,Yes,No,No,No,One year,Yes,Credit card (automatic),91.97,3668.51,Yes
CUST-104155,Male,0,Yes,Yes,53,Yes,No,Fiber optic,Yes,Yes,No,No,No,No,One year,Yes,Credit card (automatic),101.31,5238.78,Yes
CUST-104156,Female,0,No,Yes,39,Yes,Yes,Fiber optic,No,No,No,No,No,No,Month-to-month,No,Electronic check,80.86,2998.04,No
CUST-104157,Male,0,Yes,No,53,Yes,No,DSL,No,Yes,No,No,No,No,Month-to-month,No,Mailed check,74.47,4111.89,No
CUST-104158,Male,0,Yes,No,58,Yes,No,Fiber optic,No,Yes,Yes,No,No,Yes,Two year,No,Electronic check,109.23,6270.09,Yes
CUST-104159,Male,0,Yes,No,57,Yes,Yes,Fiber optic,No,No,No,No,No,No,Month-to-month,No,Credit card (automatic),84.33,4693.19,Yes
CUST-104160,Male,0,No,No,44,No,No phone service,No,No internet service,No internet service,No internet service,No internet service,No internet service,No internet service,Two year,No,Credit card (automatic),18.0,823.22,No
CUST-104161,Male,1,Yes,No,67,Yes,No,Fiber optic,Yes,No,No,No,Yes,No,Month-to-month,No,Mailed check,107.06,7095.92,No
CUST-104162,Female,0,No,No,1,Yes,Yes,No,No internet service,No internet service,No internet service,No internet service,No internet service,No internet service,Month-to-month,No,Electronic check,40.75,40.64,Yes
CUST-104163,Male,1,No,No,36,Yes,No,Fiber optic,Yes,No,No,Yes,No,No,One year,No,Mailed check,102.64,3576.56,No
CUST-104164,Female,0,Yes,Yes,58,No,No phone service,No,No internet service,No internet service,No internet service,No internet service,No internet service,No internet service,One year,Yes,Electronic check,20.91,1254.41,No
CUST-104165,Female,0,No,Yes,7,Yes,Yes,No,No internet service,No internet service,No internet service,No internet service,No internet service,No internet service,Month-to-month,No,Mailed check,38.67,262.87,No
CUST-104166,Male,0,Yes,No,59,Yes,Yes,Fiber optic,No,No,Yes,Yes,No,No,Month-to-month,Yes,Credit card (automatic),109.5,6457.05,No
CUST-104167,Male,0,No,No,2,Yes,No,No,No internet service,No internet service,No internet service,No internet service,No internet service,No internet service,Month-to-month,No,Mailed check,40.96,84.97,No
CUST-104168,Female,0,Yes,Yes,57,Yes,No,DSL,No,Yes,No,Yes,No,Yes,One year,Yes,Bank transfer (automatic),79.96,4655.23,Yes
CUST-104169,Female,0,Yes,No,13,Yes,Yes,Fiber optic,No,Yes,No,No,No,No,Month-to-month,Yes,Credit card (automatic),96.32,1287.29,No
CUST-104170,Male,1,Yes,No,48,No,No phone service,No,No internet service,No internet service,No internet service,No internet service,No internet service,No internet service,Month-to-month,No,Credit card (automatic),20.5,986.52,Yes
CUST-104171,Male,0,Yes,No,60,Yes,No,DSL,No,No,No,Yes,No,No,Month-to-month,No,Electronic check,78.63,4676.23,No
CUST-104172,Female,1,No,Yes,59,Yes,Yes,DSL,Yes,No,Yes,No,Yes,Yes,Month-to-month,Yes,Electronic check,89.04,5458.55,Yes
CUST-104173,Male,0,Yes,Yes,41,Yes,Yes,Fiber optic,No,No,Yes,No,No,Yes,Month-to-month,Yes,Electronic check,104.52,4212.85,Yes
CUST-104174,Male,0,No,No,66,Yes,No,Fiber optic,No,No,Yes,No,Yes,Yes,Month-to-month,Yes,Electronic check,96.62,6300.33,No
CUST-104175,Male,0,Yes,No,10,Yes,No,Fiber optic,No,Yes,No,No,No,Yes,One year,No,Electronic check,105.93,1075.46,No
CUST-104176,Male,0,No,No,17,Yes,No,Fiber optic,No,No,Yes,No,Yes,Yes,Two year,Yes,Mailed check,115.53,1915.93,No
CUST-104177,Female,1,No,Yes,9,Yes,No,DSL,No,No,Yes,No,Yes,Yes,Month-to-month,No,Bank transfer (automatic),87.81,795.13,No
CUST-104178,Male,1,Yes,Yes,52,Yes,Yes,No,No internet service,No internet service,No internet service,No internet service,No internet service,No internet service,Month-to-month,No,Electronic check,47.23,2480.1,No
CUST-104179,Male,1,No,No,65,Yes,No,DSL,Yes,Yes,Yes,Yes,No,No,Two year,No,Bank transfer (automatic),89.89,5850.24,No
CUST-104180,Female,1,No,Yes,67,Yes,No,No,No internet service,No internet service,No internet service,No internet service,No internet service,No internet service,Month-to-month,Yes,Mailed check,38.09,2569.96,No
CUST-104181,Male,0,No,No,37,Yes,No,Fiber optic,No,Yes,No,No,Yes,Yes,Month-to-month,No,Electronic check,107.83,4089.7,No
CUST-104182,Male,0,No,No,9,Yes,Yes,DSL,No,Yes,No,No,No,Yes,One year,No,Electronic check,73.84,665.56,No
CUST-104183,Female,1,No,No,12,Yes,Yes,Fiber optic,Yes,No,No,No,No,Yes,Month-to-month,Yes,Electronic check,99.99,1194.59,No
CUST-104184,Male,0,Yes,Yes,45,Yes,Yes,Fiber optic,No,No,No,No,No,Yes,Month-to-month,Yes,Mailed check,102.29,4800.53,No
CUST-104185,Female,0,No,No,65,No,No phone service,No,No internet service,No internet service,No internet service,No internet service,No internet service,No internet service,Two year,No,Bank transfer (automatic),18.0,1138.85,No
CUST-104186,Male,0,Yes,No,72,Yes,No,Fiber optic,No,No,No,No,No,No,One year,Yes,Electronic check,91.03,6271.13,No
CUST-104187,Male,0,No,No,52,Yes,No,No,No internet service,No internet service,No internet service,No internet service,No internet service,No internet service,One year,Yes,Electronic check,44.07,2226.35,No
CUST-104188,Male,0,No,No,64,Yes,Yes,Fiber optic,No,Yes,No,No,No,No,Month-to-month,Yes,Electronic check,91.6,6068.92,Yes
CUST-104189,Female,0,No,No,34,Yes,Yes,DSL,No,Yes,Yes,No,Yes,Yes,Month-to-month,Yes,Electronic check,85.26,2828.53,No
CUST-104190,Male,0,No,Yes,14,Yes,No,Fiber optic,No,Yes,No,No,No,No,Two year,No,Bank transfer (automatic),102.94,1405.22,No
CUST-104191,Male,0,Yes,No,33,Yes,Yes,Fiber optic,No,Yes,No,Yes,Yes,No,Two year,No,Bank transfer (automatic),107.54,3494.23,No
CUST-104192,Female,0,No,No,7,Yes,No,DSL,No,No,Yes,No,Yes,No,Two year,No,Bank transfer (automatic),80.38,575.3,No
CUST-104193,Male,0,Yes,No,49,Yes,Yes,DSL,No,No,Yes,No,No,Yes,Month-to-month,Yes,Bank transfer (automatic),82.04,3871.82,No
CUST-104194,Female,0,No,No,24,Yes,Yes,Fiber optic,No,No,Yes,Yes,Yes,No,Two year,Yes,Electronic check,112.94,2759.59,No
CUST-104195,Male,0,No,No,24,Yes,No,Fiber optic,No,No,No,Yes,No,No,Month-to-month,Yes,Electronic check,94.52,2184.37,Yes
CUST-104196,Female,0,Yes,Yes,0,Yes,No,No,No internet service,No internet service,No internet service,No internet service,No internet service,No internet service,One year,No,Bank transfer (automatic),38.74,0.0,No
CUST-104197,Male,0,No,Yes,72,Yes,No,DSL,Yes,No,No,No,No,No,One year,No,Bank transfer (automatic),71.27,5078.07,Yes
CUST-104198,Female,0,Yes,No,31,Yes,No,Fiber optic,No,No,Yes,No,No,Yes,Month-to-month,No,Credit card (automatic),111.02,3604.93,Yes
CUST-104199,Male,0,No,No,57,Yes,No,Fiber optic,No,Yes,No,No,No,Yes,Month-to-month,Yes,Bank transfer (automatic),99.38,5453.5,No
CUST-104200,Female,0,No,Yes,37,Yes,No,No,No internet service,No internet service,No internet service,No internet service,No internet service,No internet service,One year,Yes,Bank transfer (automatic),32.82,1174.34,No
CUST-104201,Female,0,No,No,46,Yes,No,DSL,Yes,Yes,No,No,No,Yes,Two year,No,Credit card (automatic),80.07,3688.51,No
CUST-104202,Male,0,No,No,34,Yes,No,DSL,No,No,No,Yes,No,No,Month-to-month,Yes,Bank transfer (automatic),78.83,2737.51,Yes
CUST-104203,Male,0,Yes,No,50,Yes,Yes,DSL,No,Yes,No,No,No,No,Month-to-month,Yes,Credit card (automatic),66.14,3159.85,Yes
CUST-104204,Male,0,Yes,Yes,14,Yes,No,No,No internet service,No internet service,No internet service,No internet service,No internet service,No internet service,One year,Yes,Electronic check,35.48,482.89,No
CUST-104205,Female,0,Yes,Yes,72,Yes,No,DSL,No,No,No,No,No,No,Month-to-month,Yes,Electronic check,67.22,5006.07,No
CUST-104206,Female,0,Yes,No,31,Yes,Yes,No,No internet service,No internet service,No internet service,No internet service,No internet service,No internet service,Month-to-month,Yes,Bank transfer (automatic),42.39,1324.63,Yes
CUST-104207,Female,0,Yes,No,0,Yes,No,Fiber optic,Yes,Yes,No,No,No,Yes,Month-to-month,Yes,Mailed check,107.77,0.0,Yes
CUST-104208,Male,0,No,Yes,69,Yes,Yes,No,No internet service,No internet service,No internet service,No internet service,No internet service,No internet service,Month-to-month,No,Mailed check,40.92,2905.62,No
CUST-104209,Female,0,No,No,1,Yes,Yes,DSL,No,No,No,No,No,No,Month-to-month,No,Bank transfer (automatic),68.7,65.88,No
CUST-104210,Male,0,Yes,No,34,Yes,Yes,Fiber optic,No,Yes,No,No,No,No,Two year,Yes,Mailed check,102.14,3524.74,Yes
CUST-104211,Female,0,No,No,57,Yes,Yes,No,No internet service,No internet service,No internet service,No internet service,No internet service,No internet service,Two year,Yes,Mailed check,39.22,2239.46,No
CUST-104212,Male,0,No,No,27,Yes,No,DSL,No,No,No,No,No,Yes,Month-to-month,No,Electronic check,66.54,1822.74,Yes
CUST-104213,Female,0,Yes,No,15,Yes,No,Fiber optic,Yes,No,No,No,No,Yes,Month-to-month,No,Mailed check,103.04,1564.58,Yes
CUST-104214,Female,0,No,No,17,Yes,Yes,No,No internet service,No internet service,No internet service,No internet service,No internet service,No internet service,One year,No,Bank transfer (automatic),35.52,601.78,No
CUST-104215,Female,0,Yes,No,50,Yes,No,DSL,No,No,No,No,No,No,Month-to-month,Yes,Electronic check,66.81,3391.58,No
CUST-104216,Male,0,No,Yes,41,Yes,Yes,No,No internet service,No internet service,No internet service,No internet service,No internet service,No internet service,One year,No,Electronic check,38.35,1619.08,No
CUST-104217,Male,0,No,No,36,Yes,No,DSL,No,No,Yes,Yes,No,Yes,Month-to-month,No,Mailed check,80.91,2966.29,Yes
CUST-104218,Female,0,Yes,No,37,Yes,No,DSL,No,No,No,Yes,Yes,No,One year,Yes,Credit card (automatic),70.74,2535.03,No
CUST-104219,Male,0,Yes,No,23,Yes,No,DSL,Yes,No,No,Yes,No,No,Month-to-month,Yes,Electronic check,69.87,1669.41,Yes
CUST-104220,Male,0,No,No,68,Yes,No,Fiber optic,No,No,Yes,Yes,Yes,Yes,Two year,No,Electronic check,121.21,8469.37,Yes
CUST-104221,Female,1,Yes,No,16,Yes,No,DSL,No,No,No,No,No,Yes,One year,No,Electronic check,76.64,1185.22,No
CUST-104222,Female,0,No,Yes,61,Yes,No,Fiber optic,No,No,No,No,No,No,Month-to-month,Yes,Electronic check,87.87,5106.17,Yes
CUST-104223,Female,0,No,No,56,Yes,Yes,Fiber optic,No,No,No,Yes,No,No,Two year,No,Bank transfer (automatic),98.14,5231.05,Yes
CUST-104224,Female,1,Yes,Yes,0,Yes,No,DSL,No,No,No,No,No,No,Month-to-month,Yes,Electronic check,71.66,0.0,No
CUST-104225,Male,0,No,Yes,12,Yes,No,DSL,Yes,Yes,Yes,No,No,No,Month-to-month,No,Mailed check,84.52,1027.59,Yes
CUST-104226,Male,0,No,No,40,Yes,No,DSL,Yes,No,No,No,No,Yes,One year,Yes,Credit card (automatic),75.44,2887.79,No
CUST-104227,Female,0,Yes,No,11,Yes,Yes,DSL,Yes,Yes,No,No,No,Yes,One year,Yes,Mailed check,79.5,883.31,No
CUST-104228,Male,0,No,No,62,No,No phone service,Fiber optic,No,Yes,No,Yes,Yes,Yes,Month-to-month,Yes,Mailed check,101.96,6399.56,Yes
CUST-104229,Male,0,No,No,32,Yes,Yes,Fiber optic,No,No,No,No,No,No,Month-to-month,Yes,Credit card (automatic),88.2,2707.99,No
CUST-104230,Male,0,No,No,61,Yes,Yes,No,No internet service,No internet service,No internet service,No internet service,No internet service,No internet service,Month-to-month,No,Mailed check,47.34,2810.49,No
CUST-104231,Female,0,Yes,No,8,Yes,Yes,Fiber optic,No,No,No,No,No,No,Month-to-month,No,Electronic check,89.59,731.58,No
CUST-104232,Female,0,Yes,No,1,Yes,Yes,No,No internet service,No internet service,No internet service,No internet service,No internet service,No internet service,Month-to-month,Yes,Electronic check,38.39,37.83,No
CUST-104233,Male,0,No,Yes,46,Yes,Yes,Fiber optic,Yes,No,No,No,Yes,Yes,Month-to-month,Yes,Credit card (automatic),114.23,5152.52,No
CUST-104234,Male,0,No,No,58,Yes,Yes,No,No internet service,No internet service,No internet service,No internet service,No internet service,No internet service,Month-to-month,Yes,Credit card (automatic),46.39,2720.65,No
CUST-104235,Male,0,Yes,No,72,Yes,No,DSL,No,No,Yes,No,No,Yes,One year,Yes,Electronic check,75.31,5255.85,Yes
CUST-104236,Female,0,No,Yes,57,Yes,No,DSL,Yes,Yes,No,No,Yes,Yes,One year,Yes,Bank transfer (automatic),90.06,5053.65,No
CUST-104237,Male,0,No,Yes,54,Yes,Yes,Fiber optic,No,Yes,No,No,Yes,Yes,Two year,Yes,Electronic check,118.45,6198.66,No
CUST-104238,Female,0,Yes,Yes,4,Yes,No,Fiber optic,Yes,Yes,Yes,No,Yes,No,Month-to-month,Yes,Electronic check,115.05,471.39,No
CUST-104239,Male,0,No,No,44,Yes,No,No,No internet service,No internet service,No internet service,No internet service,No internet service,No internet service,Month-to-month,No,Credit card (automatic),41.81,1749.37,No
CUST-104240,Male,0,No,No,52,Yes,Yes,Fiber optic,Yes,No,No,No,Yes,No,Month-to-month,No,Mailed check,105.63,5478.51,No
CUST-104241,Male,0,No,No,28,Yes,Yes,No,No internet service,No internet service,No internet service,No internet service,No internet service,No internet service,Month-to-month,Yes,Electronic check,31.1,908.14,No
CUST-104242,Female,0,No,Yes,72,Yes,No,DSL,No,Yes,Yes,No,No,No,Month-to-month,No,Mailed check,75.38,5520.59,No
CUST-104243,Male,1,No,No,72,Yes,No,Fiber optic,No,No,No,Yes,No,No,Month-to-month,Yes,Credit card (automatic),101.05,7281.87,No
CUST-104244,Male,0,No,No,62,Yes,Yes,Fiber optic,No,Yes,No,No,No,Yes,One year,No,Credit card (automatic),103.37,6227.91,No
CUST-104245,Male,0,No,No,64,Yes,No,DSL,No,No,Yes,No,No,Yes,Two year,Yes,Bank transfer (automatic),67.87,4368.81,Yes
CUST-104246,Male,0,Yes,No,41,Yes,Yes,No,No internet service,No internet service,No internet service,No internet service,No internet service,No internet service,Month-to-month,Yes,Credit card (automatic),41.61,1657.35,No
CUST-104247,Male,0,Yes,No,59,Yes,No,Fiber optic,No,No,Yes,Yes,Yes,No,Month-to-month,Yes,Bank transfer (automatic),104.35,6387.81,No
CUST-104248,Female,0,No,No,5,Yes,No,DSL,No,No,Yes,No,No,No,One year,No,Credit card (automatic),73.87,383.24,No
CUST-104249,Male,0,No,No,16,Yes,No,Fiber optic,Yes,No,No,No,Yes,Yes,One year,No,Bank transfer (automatic),111.75,1827.99,No
CUST-104250,Male,1,Yes,No,48,Yes,No,Fiber optic,No,No,Yes,No,No,No,Month-to-month,No,Bank transfer (automatic),94.57,4326.69,Yes
CUST-104251,Male,0,Yes,No,9,Yes,No,Fiber optic,No,Yes,No,No,Yes,No,One year,No,Credit card (automatic),101.0,953.45,Yes
CUST-104252,Female,1,Yes,No,59,Yes,No,Fiber optic,No,No,Yes,No,Yes,Yes,Month-to-month,No,Mailed check,113.25,6741.02,No
CUST-104253,Male,1,No,Yes,12,No,No phone service,Fiber optic,No,No,Yes,Yes,No,No,One year,No,Mailed check,81.18,1015.27,No
CUST-104254,Male,0,No,No,25,Yes,No,DSL,Yes,Yes,No,No,No,Yes,One year,Yes,Credit card (automatic),77.1,1963.42,No
CUST-104255,Male,1,No,No,18,Yes,Yes,DSL,Yes,Yes,No,Yes,No,Yes,Month-to-month,Yes,Credit card (automatic),91.21,1590.83,Yes
CUST-104256,Male,0,Yes,No,39,No,No phone service,DSL,No,Yes,Yes,No,Yes,No,Month-to-month,No,Mailed check,57.8,2191.74,No
CUST-104257,Male,0,No,No,5,Yes,No,Fiber optic,No,Yes,No,No,No,No,One year,No,Bank transfer (automatic),101.73,491.08,No
CUST-104258,Female,0,Yes,No,59,Yes,Yes,DSL,No,Yes,No,Yes,Yes,No,One year,Yes,Credit card (automatic),92.77,5511.21,No
CUST-104259,Male,0,Yes,No,64,Yes,No,Fiber optic,No,Yes,No,Yes,No,No,Two year,No,Mailed check,97.53,6067.56,No
CUST-104260,Male,0,Yes,No,54,Yes,No,No,No internet service,No internet service,No internet service,No internet service,No internet service,No internet service,Month-to-month,No,Mailed check,38.15,1966.8,Yes
CUST-104261,Male,1,No,No,13,Yes,Yes,No,No internet service,No internet service,No internet service,No internet service,No internet service,No internet service,Two year,Yes,Electronic check,41.55,565.51,No
CUST-104262,Male,0,No,Yes,21,Yes,No,Fiber optic,No,No,Yes,Yes,No,No,One year,No,Electronic check,101.0,2151.05,No
CUST-104263,Female,0,Yes,Yes,16,Yes,No,Fiber optic,No,No,No,Yes,No,No,One year,No,Electronic check,96.26,1545.37,Yes
CUST-104264,Female,0,Yes,No,43,Yes,No,No,No internet service,No internet service,No internet service,No internet service,No internet service,No internet service,Month-to-month,Yes,Mailed check,35.63,1482.81,No
CUST-104265,Female,0,No,No,64,Yes,Yes,Fiber optic,No,Yes,No,No,Yes,Yes,Month-to-month,No,Bank transfer (automatic),101.36,6722.65,Yes
CUST-104266,Male,0,Yes,No,64,Yes,No,DSL,No,No,No,Yes,No,Yes,One year,Yes,Electronic check,77.68,5050.1,No
CUST-104267,Female,0,No,No,69,Yes,No,DSL,Yes,No,No,Yes,No,No,Month-to-month,No,Electronic check,78.4,5657.5,No
CUST-104268,Male,1,Yes,No,50,No,No phone service,DSL,No,No,No,No,No,Yes,Month-to-month,Yes,Bank transfer (automatic),52.36,2565.75,Yes
CUST-104269,Female,0,Yes,No,16,Yes,No,No,No internet service,No internet service,No internet service,No internet service,No internet service,No internet service,Month-to-month,Yes,Electronic check,40.33,659.3,Yes
CUST-104270,Female,0,Yes,No,29,Yes,Yes,DSL,No,No,No,No,No,No,Two year,No,Credit card (automatic),61.59,1698.96,Yes
CUST-104271,Female,0,No,No,21,Yes,Yes,DSL,No,No,No,No,Yes,Yes,One year,Yes,Electronic check,80.94,1732.44,No
CUST-104272,Female,0,Yes,No,4,Yes,No,Fiber optic,No,No,Yes,No,No,Yes,Two year,Yes,Credit card (automatic),100.24,383.28,No
CUST-104273,Male,1,Yes,Yes,58,Yes,Yes,No,No internet service,No internet service,No internet service,No internet service,No internet service,No internet service,Two year,Yes,Mailed check,37.26,2259.74,No
CUST-104274,Male,0,No,No,42,Yes,Yes,DSL,No,No,Yes,Yes,No,Yes,One year,No,Credit card (automatic),79.36,3291.56,No
CUST-104275,Female,0,Yes,Yes,70,Yes,No,Fiber optic,No,Yes,No,No,Yes,No,Month-to-month,Yes,Mailed check,109.06,7952.17,Yes
CUST-104276,Male,0,No,Yes,61,Yes,No,Fiber optic,No,Yes,No,Yes,Yes,Yes,Month-to-month,Yes,Credit card (automatic),113.71,6932.3,No
CUST-104277,Female,1,Yes,No,47,Yes,Yes,DSL,No,No,No,Yes,No,No,One year,Yes,Mailed check,72.09,3487.3,No
CUST-104278,Female,0,No,No,3,Yes,No,Fiber optic,No,No,No,No,Yes,No,Two year,Yes,Bank transfer (automatic),96.44,288.82,Yes
CUST-104279,Female,0,Yes,No,32,Yes,No,Fiber optic,No,Yes,No,No,No,No,Two year,No,Electronic check,101.75,3274.63,Yes
CUST-104280,Male,0,No,No,34,Yes,Yes,DSL,Yes,No,Yes,No,No,Yes,Month-to-month,No,Mailed check,70.83,2446.3,No
CUST-104281,Female,0,No,No,49,Yes,No,DSL,No,No,Yes,No,Yes,Yes,One year,No,Electronic check,81.37,4146.71,No
CUST-104282,Male,0,No,No,41,Yes,Yes,No,No internet service,No internet service,No internet service,No internet service,No internet service,No internet service,Month-to-month,Yes,Credit card (automatic),43.74,1743.91,No
CUST-104283,Male,0,No,No,56,Yes,No,No,No internet service,No internet service,No internet service,No internet service,No internet service,No internet service,Month-to-month,No,Mailed check,36.6,2078.06,No
CUST-104284,Male,0,Yes,No,1,Yes,No,Fiber optic,No,No,Yes,No,No,No,Month-to-month,Yes,Bank transfer (automatic),99.24,101.12,Yes
CUST-104285,Female,1,Yes,No,8,Yes,No,DSL,Yes,No,No,No,No,No,Month-to-month,No,Electronic check,70.35,552.97,Yes
CUST-104286,Female,0,No,Yes,69,Yes,No,DSL,No,No,No,Yes,Yes,Yes,Month-to-month,Yes,Electronic check,76.38,5172.52,No
CUST-104287,Female,1,No,No,31,Yes,No,DSL,Yes,No,No,No,No,Yes,One year,No,Bank transfer (automatic),81.15,2419.94,No
CUST-104288,Female,0,No,No,60,No,No phone service,DSL,No,No,No,No,Yes,Yes,Month-to-month,No,Mailed check,53.7,3175.63,No
CUST-104289,Male,0,No,No,62,Yes,No,Fiber optic,No,Yes,No,Yes,No,No,Two year,No,Mailed check,97.13,5964.15,No
CUST-104290,Male,0,No,No,8,Yes,Yes,DSL,No,No,No,No,No,No,Month-to-month,No,Credit card (automatic),65.01,518.75,Yes
CUST-104291,Female,0,No,No,51,Yes,No,DSL,No,No,No,Yes,No,No,Month-to-month,Yes,Electronic check,67.5,3492.02,No
CUST-104292,Male,0,No,No,12,Yes,No,Fiber optic,Yes,No,No,Yes,No,Yes,Month-to-month,Yes,Bank transfer (automatic),112.34,1289.78,No
CUST-104293,Male,0,No,No,11,Yes,Yes,DSL,No,No,No,Yes,Yes,No,Month-to-month,Yes,Electronic check,85.37,893.45,No
CUST-104294,Female,0,Yes,No,17,Yes,No,DSL,Yes,Yes,No,No,No,Yes,Month-to-month,Yes,Bank transfer (automatic),81.98,1351.41,No
CUST-104295,Female,0,No,Yes,55,Yes,No,Fiber optic,No,No,No,No,No,Yes,Month-to-month,No,Mailed check,97.78,5633.49,Yes
CUST-104296,Male,0,No,No,6,Yes,No,DSL,Yes,No,No,Yes,No,Yes,Month-to-month,No,Bank transfer (automatic),86.84,546.91,No
CUST-104297,Female,1,Yes,No,48,Yes,Yes,Fiber optic,No,Yes,No,No,No,No,Month-to-month,No,Bank transfer (automatic),101.55,5012.6,Yes
CUST-104298,Male,0,No,Yes,27,Yes,No,DSL,No,Yes,Yes,No,Yes,No,One year,No,Electronic check,81.23,2173.36,No
CUST-104299,Male,0,No,No,19,Yes,No,DSL,Yes,Yes,Yes,No,No,No,Month-to-month,Yes,Electronic check,73.3,1455.74,Yes
CUST-104300,Male,0,Yes,No,17,Yes,Yes,Fiber optic,No,Yes,No,Yes,No,No,Month-to-month,No,Electronic check,94.58,1654.53,No
CUST-104301,Female,0,No,No,25,Yes,Yes,Fiber optic,Yes,No,Yes,Yes,No,No,Month-to-month,No,Bank transfer (automatic),117.61,3076.86,Yes
CUST-104302,Male,0,Yes,No,25,Yes,No,DSL,Yes,Yes,No,Yes,No,Yes,Month-to-month,No,Electronic check,77.7,1944.38,Yes
CUST-104303,Male,0,Yes,Yes,22,Yes,Yes,No,No internet service,No internet service,No internet service,No internet service,No internet service,No internet service,Two year,Yes,Mailed check,39.31,900.25,No
CUST-104304,Female,0,No,Yes,37,Yes,No,No,No internet service,No internet service,No internet service,No internet service,No internet service,No internet service,Month-to-month,Yes,Mailed check,40.09,1532.74,No
CUST-104305,Female,0,No,No,72,Yes,No,Fiber optic,No,Yes,No,No,Yes,No,One year,Yes,Bank transfer (automatic),109.31,8029.52,No
CUST-104306,Female,0,No,Yes,32,Yes,No,DSL,No,Yes,Yes,Yes,No,Yes,Two year,Yes,Mailed check,91.26,3027.82,No
CUST-104307,Female,0,Yes,No,13,Yes,No,DSL,Yes,No,Yes,No,No,Yes,Month-to-month,Yes,Credit card (automatic),84.59,1053.92,No
CUST-104308,Female,1,No,No,44,Yes,No,No,No internet service,No internet service,No internet service,No internet service,No internet service,No internet service,Two year,Yes,Credit card (automatic),44.93,1989.29,No
CUST-104309,Female,0,Yes,No,60,Yes,No,DSL,No,No,Yes,No,Yes,No,One year,Yes,Mailed check,72.39,4179.91,No
CUST-104310,Female,0,No,No,43,No,No phone service,DSL,No,No,No,No,No,No,One year,No,Credit card (automatic),45.96,2019.1,No
CUST-104311,Female,0,Yes,Yes,38,No,No phone service,DSL,No,No,No,No,No,Yes,Two year,Yes,Credit card (automatic),51.28,1891.64,No
CUST-104312,Male,0,No,No,48,Yes,Yes,DSL,Yes,Yes,Yes,No,No,Yes,Month-to-month,No,Electronic check,81.83,3870.21,No
CUST-104313,Male,0,Yes,No,64,Yes,No,DSL,Yes,No,No,No,No,No,Month-to-month,Yes,Mailed check,74.42,4593.08,Yes
CUST-104314,Female,0,Yes,No,5,Yes,No,DSL,No,No,No,Yes,No,No,Month-to-month,Yes,Mailed check,71.22,359.54,Yes
CUST-104315,Male,0,Yes,No,71,Yes,Yes,Fiber optic,No,No,No,No,No,No,One year,Yes,Credit card (automatic),93.29,6305.11,No
CUST-104316,Female,0,No,Yes,65,Yes,No,DSL,Yes,No,No,No,No,No,Month-to-month,Yes,Credit card (automatic),77.51,5204.05,No
CUST-104317,Male,0,No,No,70,Yes,Yes,Fiber optic,No,Yes,No,Yes,Yes,Yes,Month-to-month,Yes,Bank transfer (automatic),107.46,7523.8,No
CUST-104318,Female,1,No,Yes,36,Yes,Yes,Fiber optic,Yes,No,No,Yes,No,No,Two year,No,Bank transfer (automatic),102.08,3555.2,No
CUST-104319,Male,0,Yes,No,62,Yes,No,DSL,No,Yes,No,No,No,Yes,Month-to-month,Yes,Bank transfer (automatic),74.21,4609.77,Yes
CUST-104320,Female,0,Yes,Yes,5,Yes,No,No,No internet service,No internet service,No internet service,No internet service,No internet service,No internet service,Month-to-month,Yes,Mailed check,37.69,192.22,No
CUST-104321,Male,0,No,No,30,Yes,Yes,Fiber optic,No,Yes,Yes,No,No,Yes,Month-to-month,Yes,Mailed check,104.57,3190.1,No
CUST-104322,Male,0,Yes,Yes,64,Yes,No,Fiber optic,No,No,Yes,No,No,No,One year,Yes,Mailed check,95.48,6209.13,Yes
CUST-104323,Male,0,No,No,19,Yes,Yes,DSL,Yes,No,No,No,No,Yes,Month-to-month,No,Credit card (automatic),79.83,1539.52,No
CUST-104324,Female,1,No,Yes,55,Yes,Yes,Fiber optic,No,No,No,Yes,Yes,Yes,Month-to-month,Yes,Bank transfer (automatic),114.38,6325.64,No
CUST-104325,Male,0,No,Yes,23,Yes,No,No,No internet service,No internet service,No internet service,No internet service,No internet service,No internet service,Two year,Yes,Electronic check,47.56,1073.91,No
CUST-104326,Female,0,No,Yes,43,Yes,No,No,No internet service,No internet service,No internet service,No internet service,No internet service,No internet service,Month-to-month,No,Electronic check,40.08,1719.87,No
CUST-104327,Male,0,Yes,Yes,47,Yes,No,Fiber optic,No,No,Yes,No,Yes,No,Month-to-month,No,Mailed check,103.1,4995.78,No
CUST-104328,Male,0,Yes,No,64,Yes,Yes,Fiber optic,Yes,No,No,Yes,No,Yes,One year,Yes,Bank transfer (automatic),102.95,6802.08,No
CUST-104329,Female,0,No,No,24,Yes,Yes,No,No internet service,No internet service,No internet service,No internet service,No internet service,No internet service,Month-to-month,No,Mailed check,45.57,1127.44,No
CUST-104330,Male,1,Yes,Yes,57,Yes,No,DSL,Yes,Yes,No,No,Yes,Yes,Month-to-month,Yes,Mailed check,93.36,5208.85,No
CUST-104331,Male,0,No,No,31,Yes,No,Fiber optic,No,No,No,Yes,No,No,One year,Yes,Credit card (automatic),97.45,3141.58,No
CUST-104332,Female,0,No,No,28,No,No phone service,Fiber optic,No,No,No,Yes,Yes,No,One year,No,Credit card (automatic),84.94,2358.63,No
CUST-104333,Female,0,Yes,Yes,5,Yes,Yes,Fiber optic,No,Yes,Yes,Yes,Yes,Yes,Month-to-month,No,Mailed check,115.69,571.72,No
CUST-104334,Female,0,No,No,5,No,No phone service,DSL,No,No,No,No,No,Yes,One year,Yes,Bank transfer (automatic),52.7,274.8,No
CUST-104335,Male,0,Yes,No,56,Yes,No,DSL,No,No,No,Yes,Yes,No,Two year,Yes,Mailed check,70.78,4023.07,Yes
CUST-104336,Female,0,No,No,7,Yes,Yes,DSL,No,No,No,No,No,No,One year,No,Bank transfer (automatic),61.54,450.05,Yes
CUST-104337,Male,0,Yes,No,8,Yes,Yes,No,No internet service,No internet service,No internet service,No internet service,No internet service,No internet service,One year,No,Electronic check,37.79,290.15,No
CUST-104338,Female,0,No,No,13,Yes,Yes,Fiber optic,No,No,No,Yes,Yes,No,Two year,Yes,Mailed check,106.55,1365.61,No
CUST-104339,Female,0,Yes,No,24,Yes,No,Fiber optic,Yes,No,Yes,No,No,No,Month-to-month,No,Bank transfer (automatic),108.0,2598.97,Yes
CUST-104340,Male,1,Yes,No,11,Yes,Yes,No,No internet service,No internet service,No internet service,No internet service,No internet service,No internet service,Month-to-month,Yes,Mailed check,42.44,468.61,No
CUST-104341,Male,0,Yes,No,43,Yes,No,DSL,No,No,No,No,No,No,Month-to-month,No,Bank transfer (automatic),62.54,2762.31,No
CUST-104342,Male,0,Yes,No,60,Yes,Yes,Fiber optic,No,No,No,No,Yes,Yes,Month-to-month,No,Electronic check,99.14,6033.32,Yes
CUST-104343,Male,0,No,No,38,Yes,No,Fiber optic,No,No,Yes,Yes,No,No,Two year,Yes,Electronic check,96.42,3555.97,Yes
CUST-104344,Male,0,Yes,No,48,Yes,Yes,No,No internet service,No internet service,No internet service,No internet service,No internet service,No internet service,Month-to-month,Yes,Credit card (automatic),41.96,2071.75,No
CUST-104345,Female,0,Yes,No,65,Yes,No,Fiber optic,Yes,No,Yes,No,No,No,Month-to-month,Yes,Mailed check,100.93,6720.63,Yes
CUST-104346,Male,0,Yes,Yes,65,Yes,No,No,No internet service,No internet service,No internet service,No internet service,No internet service,No internet service,Month-to-month,No,Electronic check,34.7,2198.1,No
CUST-104347,Male,0,Yes,Yes,48,Yes,No,Fiber optic,No,No,No,No,No,Yes,One year,Yes,Mailed check,99.54,4621.54,Yes
CUST-104348,Female,0,Yes,Yes,4,Yes,Yes,DSL,No,Yes,No,No,No,Yes,Two year,No,Electronic check,71.0,270.94,Yes
CUST-104349,Male,0,Yes,Yes,57,Yes,No,Fiber optic,No,Yes,No,Yes,No,Yes,Month-to-month,Yes,Bank transfer (automatic),99.46,5753.84,No
CUST-104350,Female,0,No,No,55,Yes,No,DSL,Yes,No,No,Yes,Yes,No,Two year,Yes,Electronic check,88.67,5060.55,No
CUST-104351,Female,0,No,No,22,Yes,No,Fiber optic,No,No,Yes,No,No,No,Month-to-month,Yes,Credit card (automatic),100.18,2235.32,Yes
CUST-104352,Female,0,No,Yes,11,Yes,No,DSL,Yes,No,No,No,No,No,Two year,Yes,Electronic check,63.62,674.01,Yes
CUST-104353,Male,0,Yes,No,9,Yes,Yes,Fiber optic,No,No,Yes,No,No,Yes,Two year,Yes,Mailed check,98.47,923.76,No
CUST-104354,Male,0,No,Yes,20,No,No phone service,No,No internet service,No internet service,No internet service,No internet service,No internet service,No internet service,Month-to-month,No,Mailed check,18.0,371.4,Yes
CUST-104355,Female,0,No,No,54,Yes,No,DSL,No,No,No,No,No,No,Two year,No,Electronic check,61.22,3393.54,No
CUST-104356,Female,0,No,No,69,Yes,No,DSL,No,No,Yes,No,No,No,Month-to-month,Yes,Electronic check,71.85,5146.98,Yes
CUST-104357,Male,0,Yes,Yes,11,Yes,No,DSL,No,No,No,No,No,Yes,Month-to-month,No,Electronic check,75.89,825.42,No
CUST-104358,Female,1,Yes,No,30,No,No phone service,DSL,Yes,No,No,No,Yes,Yes,Month-to-month,Yes,Electronic check,55.81,1618.54,No
CUST-104359,Female,0,Yes,No,60,No,No phone service,DSL,No,No,No,No,No,Yes,Month-to-month,No,Bank transfer (automatic),46.78,2852.11,Yes
CUST-104360,Male,0,Yes,No,6,Yes,No,Fiber optic,Yes,No,No,Yes,No,Yes,Two year,Yes,Credit card (automatic),104.99,656.3,Yes
CUST-104361,Female,0,No,No,68,Yes,No,Fiber optic,No,Yes,No,No,No,Yes,One year,Yes,Mailed check,102.59,6780.55,No
CUST-104362,Male,0,Yes,No,1,Yes,No,Fiber optic,Yes,No,Yes,No,Yes,No,One year,No,Mailed check,102.52,102.71,No
CUST-104363,Female,0,Yes,Yes,20,Yes,Yes,DSL,Yes,No,No,Yes,No,No,Two year,Yes,Bank transfer (automatic),68.34,1415.74,No
CUST-104364,Female,0,Yes,No,2,Yes,No,Fiber optic,No,Yes,No,No,No,No,Month-to-month,No,Electronic check,97.39,188.16,Yes
CUST-104365,Female,0,Yes,Yes,55,Yes,No,No,No internet service,No internet service,No internet service,No internet service,No internet service,No internet service,Month-to-month,No,Mailed check,44.4,2406.26,No
CUST-104366,Male,0,Yes,No,31,Yes,No,Fiber optic,No,No,No,Yes,No,Yes,Two year,Yes,Credit card (automatic),105.98,3388.61,No
CUST-104367,Male,0,Yes,No,31,Yes,Yes,Fiber optic,Yes,No,No,Yes,No,Yes,Month-to-month,Yes,Electronic check,101.92,3204.72,No
CUST-104368,Female,0,No,No,39,Yes,Yes,Fiber optic,No,No,No,No,No,Yes,Two year,Yes,Electronic check,90.04,3378.75,No
CUST-104369,Female,0,Yes,No,21,Yes,Yes,DSL,No,Yes,No,No,No,Yes,Month-to-month,Yes,Electronic check,81.07,1711.05,No
CUST-104370,Female,0,No,No,55,Yes,No,DSL,No,Yes,Yes,No,No,No,Month-to-month,Yes,Mailed check,76.46,4147.17,No
CUST-104371,Male,0,No,No,31,Yes,Yes,Fiber optic,Yes,Yes,No,No,No,Yes,Month-to-month,Yes,Credit card (automatic),106.72,3466.27,Yes
CUST-104372,Male,0,No,No,58,Yes,Yes,DSL,No,Yes,Yes,No,No,No,Month-to-month,Yes,Mailed check,79.0,4523.55,No
CUST-104373,Female,0,No,No,47,Yes,No,Fiber optic,No,Yes,Yes,No,Yes,Yes,Month-to-month,Yes,Mailed check,111.65,5337.82,No
CUST-104374,Male,0,Yes,Yes,49,Yes,No,Fiber optic,No,Yes,Yes,No,Yes,Yes,Month-to-month,Yes,Mailed check,118.15,5773.64,Yes
CUST-104375,Female,0,No,No,72,Yes,No,DSL,No,No,Yes,Yes,No,No,Month-to-month,Yes,Credit card (automatic),79.64,5530.53,Yes
CUST-104376,Male,0,No,No,36,Yes,No,Fiber optic,No,No,Yes,Yes,Yes,No,One year,Yes,Mailed check,115.53,4098.56,No
CUST-104377,Male,0,No,Yes,21,Yes,Yes,DSL,No,No,Yes,No,Yes,Yes,Month-to-month,No,Electronic check,91.46,2000.28,Yes
CUST-104378,Male,1,Yes,No,53,Yes,Yes,DSL,No,No,No,No,No,No,Month-to-month,No,Electronic check,70.95,3637.06,No
CUST-104379,Female,1,No,No,51,Yes,Yes,Fiber optic,No,Yes,Yes,No,No,Yes,Month-to-month,Yes,Electronic check,106.52,5328.63,No
CUST-104380,Female,0,Yes,No,35,Yes,Yes,Fiber optic,No,No,No,No,No,Yes,Month-to-month,No,Credit card (automatic),98.58,3443.42,No
CUST-104381,Male,0,No,No,24,Yes,No,No,No internet service,No internet service,No internet service,No internet service,No internet service,No internet service,Month-to-month,Yes,Mailed check,38.84,902.71,No
CUST-104382,Male,0,Yes,No,67,Yes,No,No,No internet service,No internet service,No internet service,No internet service,No internet service,No internet service,Month-to-month,Yes,Electronic check,42.37,2840.65,No
CUST-104383,Female,0,Yes,No,18,Yes,No,Fiber optic,No,Yes,Yes,No,No,Yes,Month-to-month,Yes,Credit card (automatic),113.0,1946.95,No
CUST-104384,Male,0,No,No,5,Yes,Yes,DSL,No,No,No,Yes,No,Yes,Two year,Yes,Credit card (automatic),83.81,425.41,Yes
CUST-104385,Female,0,No,Yes,46,Yes,No,DSL,No,No,Yes,No,Yes,Yes,Month-to-month,No,Electronic check,91.26,4342.93,No
CUST-104386,Male,0,No,No,5,Yes,No,DSL,No,No,No,Yes,Yes,Yes,Month-to-month,Yes,Electronic check,76.94,400.03,No
CUST-104387,Male,0,No,No,55,Yes,No,DSL,Yes,No,No,No,No,Yes,One year,No,Credit card (automatic),76.57,4096.1,No
CUST-104388,Male,0,No,No,61,Yes,No,DSL,Yes,Yes,No,No,No,No,Month-to-month,Yes,Electronic check,80.98,5016.55,Yes
CUST-104389,Female,0,Yes,No,52,Yes,Yes,Fiber optic,No,Yes,Yes,Yes,Yes,Yes,Month-to-month,Yes,Electronic check,121.86,6027.7,Yes
CUST-104390,Male,0,No,Yes,17,No,No phone service,Fiber optic,No,No,No,No,No,No,Month-to-month,Yes,Mailed check,70.34,1212.98,No
CUST-104391,Female,1,Yes,No,68,Yes,Yes,DSL,No,Yes,Yes,No,Yes,No,One year,Yes,Bank transfer (automatic),82.98,5794.25,No
CUST-104392,Male,0,Yes,No,6,Yes,Yes,Fiber optic,No,No,No,Yes,No,No,Two year,Yes,Mailed check,96.62,578.8,Yes
CUST-104393,Male,0,No,Yes,7,Yes,No,No,No internet service,No internet service,No internet service,No internet service,No internet service,No internet service,Month-to-month,Yes,Electronic check,36.57,262.03,No
CUST-104394,Female,0,Yes,No,22,Yes,No,DSL,Yes,No,No,Yes,No,No,Two year,Yes,Bank transfer (automatic),78.01,1667.77,No
CUST-104395,Female,0,No,No,39,Yes,Yes,DSL,Yes,No,No,No,No,No,Month-to-month,No,Credit card (automatic),76.74,2931.19,No
CUST-104396,Male,0,Yes,Yes,51,Yes,No,Fiber optic,Yes,No,No,No,No,No,One year,No,Electronic check,95.77,5059.3,No
CUST-104397,Male,0,Yes,No,21,Yes,Yes,DSL,No,Yes,Yes,No,Yes,Yes,Month-to-month,No,Electronic check,102.27,2055.17,Yes
CUST-104398,Male,1,Yes,No,66,Yes,No,DSL,No,Yes,Yes,Yes,No,Yes,Two year,No,Bank transfer (automatic),83.22,5602.23,No
CUST-104399,Female,0,No,No,59,Yes,No,Fiber optic,No,Yes,No,No,Yes,Yes,Month-to-month,Yes,Electronic check,106.59,6455.54,No
CUST-104400,Male,0,No,Yes,16,Yes,Yes,Fiber optic,Yes,No,No,No,No,No,Month-to-month,No,Bank transfer (automatic),90.29,1426.85,Yes
CUST-104401,Male,0,Yes,Yes,4,Yes,Yes,No,No internet service,No internet service,No internet service,No internet service,No internet service,No internet service,Month-to-month,No,Electronic check,37.96,152.06,Yes
CUST-104402,Male,1,Yes,No,51,Yes,No,DSL,Yes,Yes,No,Yes,Yes,No,Two year,Yes,Credit card (automatic),80.97,4190.53,No
CUST-104403,Female,0,Yes,No,12,No,No phone service,No,No internet service,No internet service,No internet service,No internet service,No internet service,No internet service,Month-to-month,No,Electronic check,18.0,207.46,No
CUST-104404,Male,1,Yes,Yes,20,Yes,Yes,DSL,Yes,No,No,No,Yes,Yes,Month-to-month,Yes,Electronic check,80.95,1656.97,No
CUST-104405,Female,0,No,No,56,Yes,Yes,DSL,No,No,Yes,No,No,No,Two year,Yes,Electronic check,71.85,4000.11,Yes
CUST-104406,Male,0,No,Yes,13,Yes,Yes,DSL,No,Yes,No,No,No,Yes,Two year,Yes,Electronic check,74.96,1005.25,Yes
CUST-104407,Male,0,Yes,No,25,No,No phone service,DSL,No,Yes,Yes,No,No,Yes,One year,Yes,Bank transfer (automatic),60.4,1482.18,No
CUST-104408,Male,0,Yes,No,67,Yes,Yes,No,No internet service,No internet service,No internet service,No internet service,No internet service,No internet service,Month-to-month,Yes,Bank transfer (automatic),39.58,2590.61,No
CUST-104409,Male,0,No,Yes,49,Yes,No,DSL,No,No,No,No,Yes,No,Month-to-month,No,Credit card (automatic),70.62,3537.3,Yes
CUST-104410,Male,1,Yes,No,45,Yes,Yes,DSL,Yes,Yes,Yes,No,No,No,Two year,Yes,Bank transfer (automatic),83.09,3809.02,No
CUST-104411,Female,0,Yes,No,72,Yes,No,Fiber optic,No,No,No,No,No,Yes,Month-to-month,Yes,Mailed check,92.66,6825.18,No
CUST-104412,Male,0,No,No,56,Yes,No,DSL,No,No,No,Yes,No,No,One year,Yes,Credit card (automatic),75.23,4136.3,No
CUST-104413,Female,1,Yes,No,33,Yes,No,Fiber optic,Yes,Yes,No,No,Yes,No,One year,No,Electronic check,107.68,3718.93,No
CUST-104414,Male,1,Yes,Yes,48,Yes,No,No,No internet service,No internet service,No internet service,No internet service,No internet service,No internet service,Two year,No,Bank transfer (automatic),43.4,2043.21,No
CUST-104415,Male,1,Yes,Yes,38,Yes,No,DSL,No,No,No,Yes,No,No,One year,Yes,Mailed check,70.59,2624.29,No
CUST-104416,Male,1,No,No,26,Yes,No,DSL,No,No,Yes,No,No,Yes,Month-to-month,No,Electronic check,83.56,2145.88,Yes
CUST-104417,Male,0,Yes,No,71,No,No phone service,Fiber optic,No,No,No,No,No,No,One year,No,Bank transfer (automatic),74.85,5070.34,No
CUST-104418,Female,1,No,Yes,43,Yes,No,No,No internet service,No internet service,No internet service,No internet service,No internet service,No internet service,Two year,No,Credit card (automatic),39.38,1680.5,No
CUST-104419,Male,0,Yes,No,54,Yes,Yes,No,No internet service,No internet service,No internet service,No internet service,No internet service,No internet service,Two year,No,Mailed check,40.58,2102.23,No
CUST-104420,Female,0,Yes,Yes,29,Yes,No,No,No internet service,No internet service,No internet service,No internet service,No internet service,No internet service,Month-to-month,Yes,Bank transfer (automatic),37.55,1060.7,No
CUST-104421,Female,0,No,Yes,14,Yes,No,Fiber optic,No,No,No,Yes,Yes,Yes,Month-to-month,Yes,Mailed check,108.38,1482.86,No
CUST-104422,Female,0,Yes,No,8,Yes,Yes,Fiber optic,No,Yes,No,No,No,Yes,One year,No,Mailed check,97.7,756.98,No
CUST-104423,Male,0,Yes,No,58,Yes,Yes,No,No internet service,No internet service,No internet service,No internet service,No internet service,No internet service,One year,No,Electronic check,43.92,2589.68,No
CUST-104424,Male,1,Yes,No,38,Yes,No,Fiber optic,Yes,No,No,No,No,No,Month-to-month,Yes,Electronic check,102.66,3973.53,Yes
CUST-104425,Female,0,No,Yes,37,Yes,Yes,DSL,No,No,No,Yes,No,No,Month-to-month,Yes,Electronic check,72.93,2669.76,No
CUST-104426,Male,0,Yes,No,8,Yes,No,Fiber optic,Yes,No,Yes,No,No,No,Month-to-month,Yes,Bank transfer (automatic),98.42,757.05,Yes
CUST-104427,Male,0,No,Yes,57,Yes,No,No,No internet service,No internet service,No internet service,No internet service,No internet service,No internet service,Month-to-month,Yes,Electronic check,34.4,2021.92,Yes
CUST-104428,Female,0,Yes,No,19,Yes,Yes,No,No internet service,No internet service,No internet service,No internet service,No internet service,No internet service,Month-to-month,No,Mailed check,34.23,672.76,No
CUST-104429,Female,0,Yes,No,43,Yes,No,Fiber optic,No,No,Yes,No,No,No,Two year,Yes,Electronic check,95.32,4297.96,No
CUST-104430,Female,0,Yes,No,25,No,No phone service,Fiber optic,No,No,Yes,Yes,No,No,One year,Yes,Electronic check,84.88,2206.23,No
CUST-104431,Male,0,Yes,No,16,Yes,No,No,No internet service,No internet service,No internet service,No internet service,No internet service,No internet service,Month-to-month,Yes,Bank transfer (automatic),37.09,597.87,No
CUST-104432,Female,0,No,No,11,Yes,Yes,DSL,No,Yes,No,No,Yes,Yes,One year,Yes,Bank transfer (automatic),87.41,947.6,No
CUST-104433,Male,0,Yes,Yes,59,Yes,No,Fiber optic,Yes,No,Yes,No,No,Yes,Month-to-month,Yes,Mailed check,115.44,7025.36,No
CUST-104434,Female,0,No,Yes,6,Yes,Yes,No,No internet service,No internet service,No internet service,No internet service,No internet service,No internet service,One year,Yes,Bank transfer (automatic),43.61,263.5,Yes
CUST-104435,Female,0,Yes,No,0,No,No phone service,Fiber optic,Yes,No,No,No,No,Yes,Two year,Yes,Bank transfer (automatic),81.51,0.0,Yes
CUST-104436,Female,0,No,Yes,22,Yes,No,No,No internet service,No internet service,No internet service,No internet service,No internet service,No internet service,Month-to-month,Yes,Electronic check,49.12,1103.81,No
CUST-104437,Female,0,Yes,Yes,64,Yes,No,DSL,No,Yes,No,No,No,No,Two year,Yes,Electronic check,72.16,4506.29,No
CUST-104438,Male,0,No,Yes,51,Yes,No,DSL,No,Yes,No,Yes,No,No,Month-to-month,Yes,Electronic check,71.94,3613.7,No
CUST-104439,Male,0,Yes,No,59,Yes,Yes,DSL,No,No,Yes,No,Yes,No,One year,Yes,Mailed check,70.55,4293.88,No
CUST-104440,Male,0,No,No,14,Yes,Yes,DSL,No,Yes,No,No,Yes,Yes,Two year,No,Electronic check,81.43,1194.38,No
CUST-104441,Male,0,No,No,70,Yes,Yes,Fiber optic,No,No,Yes,Yes,Yes,No,One year,No,Mailed check,111.38,7780.3,No
CUST-104442,Female,0,No,No,8,Yes,No,Fiber optic,No,No,Yes,No,Yes,Yes,Month-to-month,Yes,Electronic check,114.83,912.65,Yes
CUST-104443,Male,0,Yes,No,2,Yes,No,DSL,No,No,No,No,No,Yes,Month-to-month,No,Mailed check,68.99,133.53,Yes
CUST-104444,Female,0,No,Yes,34,Yes,No,Fiber optic,Yes,Yes,No,No,Yes,No,Month-to-month,Yes,Mailed check,110.77,3818.95,No
CUST-104445,Male,0,Yes,No,31,Yes,No,Fiber optic,No,No,No,No,Yes,No,Month-to-month,Yes,Credit card (automatic),102.3,3030.99,Yes
CUST-104446,Male,1,Yes,No,21,Yes,Yes,DSL,No,Yes,No,No,No,Yes,Month-to-month,Yes,Credit card (automatic),78.66,1647.6,No
CUST-104447,Male,0,No,No,12,Yes,No,Fiber optic,No,No,No,No,No,No,Month-to-month,No,Credit card (automatic),96.36,1165.49,No
CUST-104448,Female,0,No,No,23,No,No phone service,Fiber optic,No,No,No,Yes,No,Yes,One year,No,Bank transfer (automatic),82.48,1843.49,No
CUST-104449,Female,1,Yes,No,27,Yes,No,DSL,No,No,No,No,Yes,No,Month-to-month,No,Credit card (automatic),78.6,2116.17,No
CUST-104450,Female,0,No,Yes,43,Yes,No,No,No internet service,No internet service,No internet service,No internet service,No internet service,No internet service,Month-to-month,No,Electronic check,37.41,1644.11,Yes
CUST-104451,Male,0,No,No,26,Yes,No,Fiber optic,Yes,No,No,No,Yes,No,One year,Yes,Mailed check,100.45,2643.06,No
CUST-104452,Male,1,Yes,No,17,Yes,No,Fiber optic,No,No,No,No,Yes,Yes,Month-to-month,No,Bank transfer (automatic),101.2,1672.86,Yes
CUST-104453,Female,0,Yes,Yes,43,Yes,No,DSL,No,No,No,No,No,Yes,One year,No,Mailed check,69.31,2873.72,No
CUST-104454,Female,0,No,Yes,42,No,No phone service,Fiber optic,Yes,No,No,Yes,No,No,One year,Yes,Electronic check,84.97,3646.15,No
CUST-104455,Male,0,Yes,No,31,Yes,Yes,DSL,Yes,No,Yes,No,Yes,No,Month-to-month,Yes,Bank transfer (automatic),80.3,2500.86,No
CUST-104456,Female,0,Yes,No,8,Yes,No,No,No internet service,No internet service,No internet service,No internet service,No internet service,No internet service,Month-to-month,Yes,Credit card (automatic),42.63,331.58,No
CUST-104457,Male,0,Yes,No,70,No,No phone service,DSL,No,Yes,No,No,Yes,No,One year,Yes,Mailed check,62.2,4277.11,No
CUST-104458,Male,0,No,Yes,37,Yes,Yes,DSL,No,Yes,No,No,No,No,Month-to-month,Yes,Electronic check,71.99,2727.64,No
CUST-104459,Female,1,Yes,No,20,No,No phone service,Fiber optic,Yes,No,No,No,Yes,Yes,Month-to-month,Yes,Electronic check,89.64,1743.68,No
CUST-104460,Male,0,Yes,Yes,52,Yes,No,DSL,No,No,No,No,No,Yes,Two year,Yes,Electronic check,69.7,3663.7,Yes
CUST-104461,Male,0,Yes,No,30,Yes,No,DSL,No,Yes,Yes,No,No,No,Two year,Yes,Bank transfer (automatic),80.01,2368.12,No
CUST-104462,Female,0,Yes,Yes,11,Yes,No,DSL,Yes,No,Yes,No,No,No,Month-to-month,Yes,Mailed check,75.82,806.47,No
CUST-104463,Female,0,No,Yes,51,Yes,No,No,No internet service,No internet service,No internet service,No internet service,No internet service,No internet service,Month-to-month,No,Electronic check,42.0,2041.62,No
CUST-104464,Male,0,No,No,6,Yes,No,Fiber optic,Yes,No,Yes,Yes,Yes,Yes,Two year,Yes,Credit card (automatic),118.26,716.73,No
CUST-104465,Male,0,No,Yes,20,Yes,No,Fiber optic,No,No,No,No,Yes,No,Month-to-month,No,Mailed check,100.73,2018.67,Yes
CUST-104466,Female,0,No,No,48,Yes,Yes,DSL,No,No,Yes,No,No,Yes,One year,Yes,Credit card (automatic),75.42,3694.56,No
CUST-104467,Female,1,Yes,Yes,52,Yes,Yes,Fiber optic,No,No,Yes,No,Yes,No,Month-to-month,Yes,Credit card (automatic),103.41,5252.47,No
CUST-104468,Female,0,No,No,72,Yes,Yes,Fiber optic,No,Yes,Yes,No,Yes,Yes,Month-to-month,Yes,Bank transfer (automatic),125.48,9117.62,No
CUST-104469,Female,0,No,Yes,51,Yes,No,DSL,No,No,No,No,No,No,Month-to-month,Yes,Credit card (automatic),65.27,3170.97,No
CUST-104470,Male,0,No,No,16,Yes,Yes,DSL,No,No,Yes,Yes,No,Yes,Two year,Yes,Credit card (automatic),82.76,1372.96,No
CUST-104471,Female,0,No,Yes,51,Yes,No,Fiber optic,No,No,Yes,No,Yes,No,Month-to-month,Yes,Electronic check,97.84,5063.05,Yes
CUST-104472,Male,0,Yes,No,54,Yes,Yes,DSL,No,No,No,No,No,No,Two year,No,Mailed check,59.6,3271.34,Yes
CUST-104473,Male,0,No,Yes,49,Yes,No,No,No internet service,No internet service,No internet service,No internet service,No internet service,No internet service,One year,Yes,Credit card (automatic),40.72,1974.03,No
CUST-104474,Female,0,Yes,No,54,Yes,Yes,DSL,No,No,No,Yes,Yes,No,One year,Yes,Bank transfer (automatic),81.31,4492.43,No
CUST-104475,Male,1,No,No,59,Yes,Yes,DSL,No,No,No,Yes,No,Yes,Two year,Yes,Mailed check,70.63,4037.69,No
CUST-104476,Female,0,Yes,Yes,41,Yes,Yes,DSL,No,No,No,No,Yes,Yes,Month-to-month,No,Credit card (automatic),77.24,3101.93,No
CUST-104477,Male,1,No,Yes,72,Yes,No,Fiber optic,No,Yes,No,No,Yes,Yes,Month-to-month,No,Bank transfer (automatic),111.18,7704.37,Yes
CUST-104478,Female,1,No,Yes,47,Yes,Yes,DSL,No,Yes,Yes,Yes,Yes,No,Month-to-month,Yes,Mailed check,91.8,4377.55,No
CUST-104479,Female,0,No,Yes,4,Yes,Yes,DSL,No,No,Yes,No,Yes,No,Month-to-month,Yes,Electronic check,74.32,291.31,Yes
CUST-104480,Male,0,Yes,No,12,Yes,Yes,DSL,No,No,No,No,No,No,Month-to-month,No,Credit card (automatic),57.15,673.71,Yes
CUST-104481,Male,1,No,No,36,Yes,No,DSL,No,No,No,No,No,Yes,One year,No,Credit card (automatic),76.24,2756.01,No
CUST-104482,Female,1,No,No,31,Yes,No,DSL,No,No,No,No,Yes,No,Two year,No,Credit card (automatic),73.47,2349.27,No
CUST-104483,Male,1,No,No,59,No,No phone service,Fiber optic,No,No,No,Yes,Yes,Yes,Month-to-month,No,Bank transfer (automatic),89.93,5533.08,Yes
CUST-104484,Male,0,No,Yes,49,Yes,Yes,Fiber optic,No,No,No,Yes,No,No,Month-to-month,Yes,Electronic check,95.19,4814.67,No
CUST-104485,Male,0,No,Yes,0,No,No phone service,DSL,No,Yes,Yes,No,No,No,One year,Yes,Mailed check,55.08,0.0,Yes
CUST-104486,Female,1,No,Yes,33,No,No phone service,Fiber optic,No,No,Yes,No,Yes,Yes,One year,Yes,Electronic check,90.81,3128.2,No
CUST-104487,Male,1,Yes,Yes,39,Yes,No,No,No internet service,No internet service,No internet service,No internet service,No internet service,No internet service,Two year,No,Electronic check,36.61,1420.91,No
CUST-104488,Female,0,Yes,No,71,Yes,Yes,Fiber optic,Yes,No,No,No,No,No,Month-to-month,No,Credit card (automatic),97.6,6806.62,No
CUST-104489,Male,1,No,Yes,48,Yes,Yes,No,No internet service,No internet service,No internet service,No internet service,No internet service,No internet service,Month-to-month,Yes,Electronic check,37.08,1740.57,No
CUST-104490,Male,0,No,Yes,13,Yes,Yes,DSL,Yes,Yes,No,No,No,No,Two year,Yes,Mailed check,78.44,996.67,No
CUST-104491,Male,1,Yes,Yes,13,Yes,No,Fiber optic,Yes,No,Yes,No,No,Yes,Month-to-month,No,Credit card (automatic),104.59,1424.95,Yes
CUST-104492,Female,0,Yes,No,23,Yes,No,DSL,Yes,Yes,No,Yes,No,No,One year,Yes,Bank transfer (automatic),81.06,1924.41,No
CUST-104493,Male,1,Yes,Yes,29,Yes,No,No,No internet service,No internet service,No internet service,No internet service,No internet service,No internet service,Month-to-month,No,Electronic check,39.0,1091.92,No
CUST-104494,Male,0,No,No,7,Yes,Yes,No,No internet service,No internet service,No internet service,No internet service,No internet service,No internet service,Month-to-month,No,Electronic check,40.91,291.73,Yes
CUST-104495,Female,0,No,No,57,Yes,No,Fiber optic,No,No,No,No,Yes,No,One year,Yes,Mailed check,101.67,5650.65,No
CUST-104496,Male,0,No,No,4,Yes,No,DSL,No,Yes,No,No,Yes,No,One year,Yes,Bank transfer (automatic),67.83,262.61,No
CUST-104497,Male,0,Yes,No,4,Yes,No,Fiber optic,No,Yes,No,No,No,No,Month-to-month,Yes,Credit card (automatic),97.98,395.4,No
CUST-104498,Male,0,Yes,No,9,Yes,Yes,No,No internet service,No internet service,No internet service,No internet service,No internet service,No internet service,Two year,Yes,Mailed check,35.37,311.47,Yes
CUST-104499,Male,1,No,No,9,Yes,Yes,Fiber optic,No,Yes,Yes,No,No,Yes,Two year,Yes,Electronic check,104.87,973.1,Yes
CUST-104500,Female,0,Yes,No,41,Yes,Yes,Fiber optic,No,Yes,Yes,No,No,No,Two year,No,Bank transfer (automatic),94.15,3691.03,No
CUST-104501,Female,1,Yes,No,59,Yes,No,Fiber optic,No,No,No,No,No,No,Two year,Yes,Mailed check,93.42,5510.27,No
CUST-104502,Female,0,Yes,No,68,Yes,No,DSL,No,Yes,Yes,No,No,No,Two year,No,Credit card (automatic),76.01,5304.2,No
CUST-104503,Female,0,No,Yes,59,Yes,Yes,Fiber optic,No,No,No,Yes,Yes,No,One year,Yes,Electronic check,98.57,5826.96,No
CUST-104504,Male,0,No,No,50,Yes,No,DSL,No,No,No,Yes,No,Yes,One year,No,Mailed check,70.79,3657.9,No
CUST-104505,Male,0,Yes,No,43,Yes,Yes,No,No internet service,No internet service,No internet service,No internet service,No internet service,No internet service,Two year,Yes,Mailed check,51.8,2141.31,No
CUST-104506,Male,0,Yes,No,22,Yes,Yes,DSL,No,No,Yes,No,Yes,No,Two year,No,Bank transfer (automatic),77.54,1659.68,Yes
CUST-104507,Female,0,No,No,30,No,No phone service,Fiber optic,Yes,No,No,No,No,Yes,One year,Yes,Mailed check,84.27,2404.96,No
CUST-104508,Male,1,Yes,No,63,Yes,Yes,DSL,No,No,Yes,Yes,No,Yes,Month-to-month,No,Mailed check,79.83,5209.86,Yes
CUST-104509,Female,0,Yes,No,7,Yes,No,DSL,Yes,Yes,No,Yes,Yes,No,Month-to-month,Yes,Bank transfer (automatic),87.39,600.01,No
CUST-104510,Male,1,Yes,No,60,Yes,Yes,No,No internet service,No internet service,No internet service,No internet service,No internet service,No internet service,Two year,No,Electronic check,34.51,2133.71,No
CUST-104511,Female,0,Yes,No,59,Yes,Yes,Fiber optic,No,Yes,Yes,No,No,No,Two year,Yes,Electronic check,100.06,5689.61,No
CUST-104512,Male,0,No,No,4,Yes,No,No,No internet service,No internet service,No internet service,No internet service,No internet service,No internet service,Month-to-month,No,Electronic check,38.73,153.79,No
CUST-104513,Female,0,No,Yes,17,Yes,No,Fiber optic,No,Yes,No,No,No,No,Two year,Yes,Electronic check,98.29,1639.19,No
CUST-104514,Female,0,Yes,Yes,22,Yes,No,DSL,No,Yes,No,No,No,No,Month-to-month,Yes,Mailed check,70.03,1557.96,No
CUST-104515,Female,0,No,No,66,Yes,No,DSL,No,Yes,Yes,Yes,Yes,Yes,Month-to-month,No,Electronic check,96.1,6570.55,Yes
CUST-104516,Male,0,Yes,Yes,32,Yes,Yes,Fiber optic,Yes,Yes,No,No,No,Yes,Two year,Yes,Electronic check,102.14,3303.09,No
CUST-104517,Male,0,No,Yes,56,Yes,No,DSL,Yes,No,No,Yes,No,No,Two year,No,Credit card (automatic),82.85,4866.05,No
CUST-104518,Female,0,Yes,No,43,Yes,No,Fiber optic,No,Yes,Yes,Yes,No,Yes,One year,Yes,Mailed check,118.58,4954.65,Yes
CUST-104519,Male,0,Yes,No,5,Yes,Yes,DSL,No,No,Yes,No,Yes,No,Two year,No,Credit card (automatic),84.54,425.54,No
CUST-104520,Female,0,No,Yes,48,Yes,No,No,No internet service,No internet service,No internet service,No internet service,No internet service,No internet service,Two year,Yes,Bank transfer (automatic),42.55,1988.42,No
CUST-104521,Female,0,No,Yes,46,No,No phone service,DSL,No,No,No,No,No,No,Two year,Yes,Electronic check,48.86,2160.61,No
CUST-104522,Female,1,No,No,63,Yes,No,Fiber optic,No,No,No,No,Yes,Yes,Two year,No,Mailed check,106.33,6651.02,Yes
CUST-104523,Female,0,No,No,67,Yes,No,Fiber optic,No,Yes,No,No,No,Yes,Month-to-month,No,Mailed check,101.44,6577.54,No
CUST-104524,Female,0,No,No,42,Yes,No,Fiber optic,No,No,Yes,No,No,No,Month-to-month,No,Electronic check,90.73,3800.27,Yes
CUST-104525,Male,0,No,Yes,64,Yes,No,Fiber optic,No,No,Yes,Yes,No,No,Month-to-month,No,Electronic check,93.74,5832.16,Yes
CUST-104526,Male,0,Yes,No,10,Yes,No,No,No internet service,No internet service,No internet service,No internet service,No internet service,No internet service,Month-to-month,Yes,Electronic check,41.98,416.01,No
CUST-104527,Male,0,Yes,No,44,Yes,Yes,Fiber optic,No,No,Yes,No,No,Yes,Month-to-month,No,Electronic check,95.49,4163.35,Yes
CUST-104528,Male,1,No,No,42,Yes,No,DSL,No,Yes,No,No,No,No,Month-to-month,Yes,Electronic check,72.77,2970.98,No
CUST-104529,Female,0,No,No,12,Yes,Yes,DSL,No,No,Yes,No,No,No,Month-to-month,Yes,Electronic check,72.15,862.23,No
CUST-104530,Male,0,No,No,39,Yes,Yes,No,No internet service,No internet service,No internet service,No internet service,No internet service,No internet service,One year,No,Mailed check,31.78,1297.49,No
CUST-104531,Male,0,Yes,No,49,Yes,No,Fiber optic,No,Yes,Yes,No,No,No,Month-to-month,Yes,Electronic check,105.37,5173.64,No
CUST-104532,Female,0,Yes,No,30,Yes,Yes,Fiber optic,Yes,No,No,No,Yes,No,Month-to-month,No,Bank transfer (automatic),105.16,3064.19,Yes
CUST-104533,Female,0,Yes,No,48,Yes,No,Fiber optic,Yes,No,No,No,No,No,Month-to-month,No,Electronic check,91.5,4236.9,No
CUST-104534,Male,0,No,No,54,Yes,Yes,Fiber optic,No,No,Yes,Yes,Yes,No,Month-to-month,No,Bank transfer (automatic),112.01,6235.46,Yes
CUST-104535,Female,1,Yes,No,42,Yes,No,Fiber optic,No,No,No,Yes,Yes,No,One year,Yes,Bank transfer (automatic),100.34,4030.27,No
CUST-104536,Male,0,No,No,29,Yes,No,Fiber optic,No,Yes,Yes,No,No,No,Two year,No,Mailed check,107.32,2990.42,Yes
CUST-104537,Female,0,Yes,No,19,Yes,No,No,No internet service,No internet service,No internet service,No internet service,No internet service,No internet service,One year,Yes,Electronic check,38.48,700.01,No
CUST-104538,Female,0,Yes,No,48,Yes,Yes,Fiber optic,No,Yes,No,No,Yes,No,One year,Yes,Electronic check,97.89,4606.88,No
CUST-104539,Female,0,No,No,65,Yes,No,DSL,No,No,No,No,Yes,No,Two year,No,Electronic check,76.81,5139.42,No
CUST-104540,Female,0,Yes,No,33,Yes,No,Fiber optic,No,No,No,No,Yes,No,One year,No,Electronic check,95.78,3224.24,Yes
CUST-104541,Female,0,No,No,36,Yes,Yes,DSL,Yes,No,Yes,No,Yes,No,Month-to-month,Yes,Bank transfer (automatic),80.85,3026.28,No
CUST-104542,Female,1,Yes,Yes,66,Yes,Yes,DSL,No,No,No,No,Yes,No,Month-to-month,No,Bank transfer (automatic),79.18,5287.53,No
CUST-104543,Female,0,No,Yes,21,Yes,Yes,Fiber optic,No,No,No,Yes,Yes,No,One year,No,Mailed check,107.82,2160.61,No
CUST-104544,Male,1,No,No,58,Yes,Yes,DSL,No,No,Yes,No,Yes,No,One year,Yes,Credit card (automatic),74.31,4189.56,No
CUST-104545,Female,0,No,Yes,18,Yes,Yes,Fiber optic,No,No,Yes,No,Yes,No,Two year,Yes,Credit card (automatic),104.81,1804.88,No
CUST-104546,Female,0,Yes,No,18,No,No phone service,Fiber optic,No,No,Yes,No,No,No,Month-to-month,No,Electronic check,72.88,1281.2,Yes
CUST-104547,Female,1,Yes,Yes,20,Yes,Yes,DSL,No,No,No,Yes,No,No,Two year,Yes,Bank transfer (automatic),68.18,1421.59,Yes
CUST-104548,Female,0,No,No,3,Yes,No,DSL,Yes,Yes,No,No,Yes,No,Month-to-month,Yes,Electronic check,79.08,236.15,Yes
CUST-104549,Female,0,No,No,33,Yes,No,Fiber optic,No,No,Yes,No,No,No,Two year,Yes,Bank transfer (automatic),97.49,3093.17,Yes
CUST-104550,Male,0,No,No,25,Yes,No,No,No internet service,No internet service,No internet service,No internet service,No internet service,No internet service,Month-to-month,No,Bank transfer (automatic),35.03,878.83,No
CUST-104551,Male,0,No,No,16,Yes,No,DSL,No,No,No,No,Yes,No,Month-to-month,No,Mailed check,65.18,1036.18,No
CUST-104552,Male,1,No,No,55,Yes,No,DSL,Yes,No,No,Yes,No,Yes,Month-to-month,No,Mailed check,85.81,4942.52,Yes
CUST-104553,Female,0,No,Yes,37,Yes,Yes,No,No internet service,No internet service,No internet service,No internet service,No internet service,No internet service,Month-to-month,No,Bank transfer (automatic),40.99,1562.83,No
CUST-104554,Female,1,No,No,14,Yes,Yes,No,No internet service,No internet service,No internet service,No internet service,No internet service,No internet service,Month-to-month,No,Electronic check,36.2,514.15,No
CUST-104555,Male,0,No,Yes,14,Yes,No,No,No internet service,No internet service,No internet service,No internet service,No internet service,No internet service,Two year,No,Bank transfer (automatic),40.16,587.76,No
CUST-104556,Male,0,No,No,59,Yes,No,DSL,No,No,No,No,No,Yes,Month-to-month,Yes,Credit card (automatic),70.72,4073.49,Yes
CUST-104557,Female,0,No,No,19,Yes,No,No,No internet service,No internet service,No internet service,No internet service,No internet service,No internet service,Month-to-month,Yes,Mailed check,39.42,740.63,No
CUST-104558,Female,0,No,No,28,Yes,No,No,No internet service,No internet service,No internet service,No internet service,No internet service,No internet service,Month-to-month,Yes,Electronic check,34.04,955.33,No
CUST-104559,Female,1,Yes,No,8,Yes,No,DSL,No,No,No,No,Yes,Yes,One year,Yes,Mailed check,67.69,564.2,Yes
CUST-104560,Male,0,Yes,No,58,Yes,No,Fiber optic,No,No,No,Yes,No,No,Month-to-month,Yes,Bank transfer (automatic),96.56,5334.83,No
CUST-104561,Male,0,No,Yes,26,Yes,Yes,DSL,No,No,No,Yes,Yes,No,Month-to-month,Yes,Mailed check,70.43,1918.4,No
CUST-104562,Male,0,No,No,51,Yes,No,Fiber optic,No,No,No,No,No,Yes,Two year,Yes,Electronic check,96.7,5014.85,No
CUST-104563,Male,0,Yes,Yes,29,Yes,No,Fiber optic,No,No,No,No,No,No,Month-to-month,Yes,Bank transfer (automatic),92.7,2713.22,No
CUST-104564,Female,1,No,No,58,Yes,Yes,DSL,No,No,Yes,No,Yes,No,Two year,Yes,Electronic check,79.16,4451.86,No
CUST-104565,Male,0,No,No,29,Yes,No,No,No internet service,No internet service,No internet service,No internet service,No internet service,No internet service,Month-to-month,Yes,Mailed check,40.12,1159.47,Yes
CUST-104566,Female,0,No,No,65,Yes,Yes,No,No internet service,No internet service,No internet service,No internet service,No internet service,No internet service,One year,No,Mailed check,45.5,2885.58,Yes
CUST-104567,Female,0,No,No,52,Yes,Yes,No,No internet service,No internet service,No internet service,No internet service,No internet service,No internet service,One year,No,Credit card (automatic),43.02,2241.2,No
CUST-104568,Male,0,Yes,Yes,35,Yes,Yes,DSL,No,Yes,Yes,Yes,Yes,No,Month-to-month,No,Credit card (automatic),89.26,3198.27,No
CUST-104569,Male,1,Yes,Yes,35,Yes,Yes,Fiber optic,No,No,Yes,No,No,No,One year,Yes,Bank transfer (automatic),91.69,3326.72,No
CUST-104570,Female,0,Yes,No,45,Yes,Yes,No,No internet service,No internet service,No internet service,No internet service,No internet service,No internet service,Month-to-month,No,Credit card (automatic),39.8,1774.41,Yes
CUST-104571,Male,0,No,Yes,50,Yes,No,DSL,No,No,No,No,No,No,Month-to-month,No,Electronic check,70.95,3388.3,Yes
CUST-104572,Male,0,Yes,No,51,Yes,Yes,Fiber optic,No,No,No,Yes,No,No,Two year,Yes,Bank transfer (automatic),92.81,4793.64,No
CUST-104573,Female,0,No,No,2,Yes,No,DSL,No,No,No,No,No,Yes,Two year,Yes,Bank transfer (automatic),70.33,138.19,Yes
CUST-104574,Female,1,No,No,19,No,No phone service,Fiber optic,No,No,No,No,No,No,Month-to-month,Yes,Bank transfer (automatic),70.31,1383.94,Yes
CUST-104575,Female,0,No,No,31,Yes,No,Fiber optic,No,No,No,Yes,No,No,One year,Yes,Credit card (automatic),97.68,3052.06,No
CUST-104576,Male,0,No,No,39,Yes,No,No,No internet service,No internet service,No internet service,No internet service,No internet service,No internet service,Month-to-month,Yes,Electronic check,34.74,1355.62,No
CUST-104577,Male,0,No,No,6,Yes,Yes,Fiber optic,Yes,No,No,Yes,Yes,No,Month-to-month,Yes,Electronic check,102.86,593.01,Yes
CUST-104578,Male,1,No,No,14,Yes,Yes,Fiber optic,Yes,No,No,No,Yes,No,Month-to-month,Yes,Bank transfer (automatic),103.44,1467.01,Yes
CUST-104579,Male,1,Yes,No,33,No,No phone service,DSL,No,Yes,Yes,Yes,Yes,Yes,One year,Yes,Electronic check,72.19,2282.19,No
CUST-104580,Male,0,Yes,No,32,Yes,Yes,Fiber optic,No,No,Yes,Yes,Yes,No,One year,Yes,Electronic check,98.59,3234.65,No
CUST-104581,Female,0,No,Yes,44,Yes,Yes,No,No internet service,No internet service,No internet service,No internet service,No internet service,No internet service,Month-to-month,No,Credit card (automatic),40.9,1809.19,Yes
CUST-104582,Male,0,Yes,No,5,No,No phone service,Fiber optic,No,Yes,Yes,Yes,No,No,Two year,Yes,Credit card (automatic),94.24,481.05,No
CUST-104583,Female,0,No,No,58,Yes,Yes,No,No internet service,No internet service,No internet service,No internet service,No internet service,No internet service,One year,No,Electronic check,36.69,2058.42,No
CUST-104584,Female,0,Yes,No,21,Yes,No,Fiber optic,No,Yes,No,No,Yes,No,Month-to-month,Yes,Electronic check,92.72,2017.16,No
CUST-104585,Female,0,No,No,40,Yes,Yes,Fiber optic,No,Yes,Yes,No,Yes,Yes,Month-to-month,No,Mailed check,120.19,4888.11,Yes
CUST-104586,Male,1,Yes,No,69,Yes,Yes,No,No internet service,No internet service,No internet service,No internet service,No internet service,No internet service,One year,No,Electronic check,39.15,2674.06,No
CUST-104587,Male,0,No,Yes,27,Yes,No,DSL,No,Yes,Yes,Yes,Yes,No,Month-to-month,No,Electronic check,98.87,2570.71,Yes
CUST-104588,Female,0,Yes,Yes,22,Yes,Yes,Fiber optic,No,No,No,Yes,No,No,Month-to-month,No,Electronic check,100.96,2220.25,Yes
CUST-104589,Male,0,No,No,19,Yes,No,Fiber optic,No,Yes,No,No,No,No,Month-to-month,No,Credit card (automatic),91.5,1679.03,Yes
CUST-104590,Female,0,Yes,No,47,Yes,Yes,No,No internet service,No internet service,No internet service,No internet service,No internet service,No internet service,Month-to-month,No,Mailed check,40.19,1908.76,No
CUST-104591,Male,0,No,No,69,Yes,No,Fiber optic,No,No,No,No,No,Yes,Month-to-month,Yes,Electronic check,93.13,6329.2,Yes
CUST-104592,Male,0,Yes,No,40,No,No phone service,Fiber optic,No,No,No,No,No,No,One year,Yes,Bank transfer (automatic),73.88,3079.34,Yes
CUST-104593,Female,1,No,No,14,Yes,Yes,DSL,No,No,No,No,No,No,One year,No,Electronic check,59.65,873.44,No
CUST-104594,Female,0,No,No,69,Yes,No,No,No internet service,No internet service,No internet service,No internet service,No internet service,No internet service,Two year,Yes,Credit card (automatic),39.39,2614.18,No
CUST-104595,Male,1,No,No,3,Yes,No,Fiber optic,No,No,Yes,Yes,Yes,No,Two year,Yes,Electronic check,104.04,304.85,Yes
CUST-104596,Female,0,No,Yes,29,Yes,Yes,Fiber optic,Yes,No,No,No,Yes,Yes,Month-to-month,No,Electronic check,113.69,3211.19,No
CUST-104597,Male,0,No,No,9,Yes,No,DSL,No,No,No,No,Yes,No,Month-to-month,No,Mailed check,73.96,690.29,Yes
CUST-104598,Female,0,No,No,2,Yes,Yes,Fiber optic,No,No,Yes,Yes,Yes,Yes,Month-to-month,Yes,Electronic check,113.72,224.55,Yes
CUST-104599,Female,1,Yes,Yes,72,Yes,Yes,Fiber optic,No,Yes,No,No,No,No,Two year,Yes,Electronic check,105.6,7483.61,No
CUST-104600,Female,0,No,No,6,Yes,Yes,Fiber optic,No,Yes,Yes,No,No,Yes,Month-to-month,Yes,Credit card (automatic),114.63,717.35,Yes
CUST-104601,Female,0,Yes,Yes,66,Yes,Yes,Fiber optic,No,No,Yes,No,No,No,Month-to-month,Yes,Credit card (automatic),95.54,6053.63,No
CUST-104602,Male,0,No,No,39,Yes,No,Fiber optic,No,No,No,No,Yes,No,One year,No,Credit card (automatic),99.43,3989.82,Yes
CUST-104603,Female,0,Yes,No,23,Yes,No,DSL,No,Yes,No,Yes,Yes,Yes,Month-to-month,Yes,Bank transfer (automatic),98.69,2349.54,No
CUST-104604,Male,0,Yes,Yes,62,Yes,Yes,No,No internet service,No internet service,No internet service,No internet service,No internet service,No internet service,Two year,Yes,Electronic check,38.0,2332.85,No
CUST-104605,Male,0,No,No,0,Yes,Yes,Fiber optic,No,No,No,Yes,No,No,Month-to-month,No,Credit card (automatic),93.53,0.0,No
CUST-104606,Male,0,Yes,No,50,No,No phone service,DSL,No,No,No,No,No,No,Month-to-month,Yes,Bank transfer (automatic),41.96,2165.64,No
CUST-104607,Male,0,Yes,Yes,56,No,No phone service,DSL,No,No,No,No,Yes,No,Two year,No,Mailed check,48.2,2610.01,No
CUST-104608,Female,0,Yes,No,26,Yes,Yes,No,No internet service,No internet service,No internet service,No internet service,No internet service,No internet service,Month-to-month,Yes,Bank transfer (automatic),39.04,1014.26,No
CUST-104609,Male,0,No,No,21,No,No phone service,No,No internet service,No internet service,No internet service,No internet service,No internet service,No internet service,Month-to-month,Yes,Mailed check,18.0,373.53,No
CUST-104610,Male,0,Yes,No,0,Yes,Yes,No,No internet service,No internet service,No internet service,No internet service,No internet service,No internet service,One year,No,Bank transfer (automatic),37.31,0.0,No
CUST-104611,Male,0,Yes,No,1,Yes,No,No,No internet service,No internet service,No internet service,No internet service,No internet service,No internet service,One year,Yes,Credit card (automatic),46.47,47.0,No
CUST-104612,Female,1,No,Yes,3,Yes,Yes,Fiber optic,No,Yes,No,Yes,No,Yes,Month-to-month,No,Credit card (automatic),107.93,336.41,Yes
CUST-104613,Female,0,No,No,33,Yes,Yes,Fiber optic,No,Yes,Yes,No,No,No,Month-to-month,Yes,Credit card (automatic),98.56,3289.99,Yes
CUST-104614,Female,0,Yes,No,38,No,No phone service,No,No internet service,No internet service,No internet service,No internet service,No internet service,No internet service,Month-to-month,No,Credit card (automatic),26.09,1004.48,No
CUST-104615,Male,1,No,Yes,30,Yes,No,Fiber optic,No,Yes,No,No,No,No,Month-to-month,Yes,Mailed check,94.93,2843.92,No
CUST-104616,Male,0,Yes,No,51,Yes,No,Fiber optic,No,No,No,No,No,No,Month-to-month,No,Electronic check,97.34,4974.9,No
CUST-104617,Female,0,No,No,26,Yes,Yes,Fiber optic,Yes,No,No,No,No,Yes,Month-to-month,No,Bank transfer (automatic),99.4,2602.77,No
CUST-104618,Female,0,Yes,No,57,Yes,Yes,DSL,Yes,No,No,No,No,Yes,One year,Yes,Mailed check,70.35,4138.92,No
CUST-104619,Female,0,Yes,No,47,Yes,No,DSL,No,Yes,No,Yes,No,No,One year,Yes,Electronic check,76.67,3718.52,No
CUST-104620,Female,0,Yes,No,68,Yes,Yes,DSL,No,No,No,Yes,Yes,No,Month-to-month,No,Bank transfer (automatic),77.46,5438.6,No
CUST-104621,Female,0,No,No,52,Yes,No,DSL,No,Yes,No,Yes,No,No,Month-to-month,No,Mailed check,90.05,4751.2,No
CUST-104622,Female,0,Yes,No,9,Yes,Yes,Fiber optic,No,Yes,No,Yes,No,No,Month-to-month,Yes,Mailed check,100.63,877.26,Yes
CUST-104623,Male,0,No,Yes,40,Yes,Yes,DSL,No,Yes,No,No,No,No,Month-to-month,No,Bank transfer (automatic),74.31,3111.58,No
CUST-104624,Male,1,No,No,47,Yes,No,DSL,No,No,Yes,Yes,No,Yes,Two year,No,Credit card (automatic),84.03,3876.02,No
CUST-104625,Male,0,No,Yes,1,Yes,Yes,DSL,No,Yes,No,Yes,Yes,Yes,Month-to-month,No,Electronic check,80.53,83.79,Yes
CUST-104626,Male,0,No,Yes,3,Yes,Yes,Fiber optic,Yes,Yes,No,No,No,No,Two year,Yes,Credit card (automatic),105.58,305.37,No
CUST-104627,Male,0,Yes,Yes,1,Yes,No,No,No internet service,No internet service,No internet service,No internet service,No internet service,No internet service,One year,Yes,Electronic check,40.74,41.99,No
CUST-104628,Female,0,Yes,No,12,Yes,No,Fiber optic,No,Yes,No,No,Yes,No,Two year,No,Bank transfer (automatic),108.26,1362.5,No
CUST-104629,Male,0,Yes,No,64,Yes,No,Fiber optic,Yes,Yes,No,No,No,Yes,Two year,No,Credit card (automatic),103.51,6697.53,No
CUST-104630,Male,0,No,No,17,Yes,Yes,Fiber optic,Yes,No,No,Yes,No,No,Two year,Yes,Credit card (automatic),91.79,1494.85,No
CUST-104631,Male,1,Yes,No,13,Yes,No,Fiber optic,No,No,No,Yes,No,No,One year,Yes,Electronic check,93.59,1201.57,No
CUST-104632,Male,0,No,No,32,Yes,No,No,No internet service,No internet service,No internet service,No internet service,No internet service,No internet service,Month-to-month,No,Credit card (automatic),35.32,1167.5,No
CUST-104633,Male,0,No,Yes,29,Yes,Yes,Fiber optic,No,Yes,Yes,Yes,No,No,One year,Yes,Credit card (automatic),97.29,2710.66,No
CUST-104634,Male,0,No,Yes,72,Yes,No,Fiber optic,Yes,Yes,No,Yes,Yes,No,Month-to-month,Yes,Electronic check,110.73,8307.05,Yes
CUST-104635,Female,0,No,Yes,7,Yes,Yes,No,No internet service,No internet service,No internet service,No internet service,No internet service,No internet service,Month-to-month,Yes,Mailed check,35.35,247.18,No
CUST-104636,Female,0,Yes,No,61,Yes,No,Fiber optic,Yes,No,No,Yes,No,No,Two year,Yes,Bank transfer (automatic),95.41,5906.1,No
CUST-104637,Male,0,Yes,Yes,16,No,No phone service,Fiber optic,No,No,No,No,No,No,One year,Yes,Electronic check,70.47,1108.36,Yes
CUST-104638,Female,0,No,No,22,Yes,No,Fiber optic,No,No,No,Yes,No,No,Month-to-month,Yes,Bank transfer (automatic),88.23,1854.0,No
CUST-104639,Female,0,Yes,No,35,Yes,No,DSL,Yes,No,No,Yes,Yes,No,Two year,No,Mailed check,83.35,2812.69,No
CUST-104640,Female,0,No,No,71,Yes,Yes,Fiber optic,No,Yes,No,No,No,No,Month-to-month,No,Mailed check,98.71,7345.81,Yes
CUST-104641,Male,0,No,No,17,Yes,Yes,Fiber optic,Yes,No,No,No,No,No,Two year,Yes,Mailed check,96.71,1716.71,Yes
CUST-104642,Female,0,Yes,No,25,Yes,No,Fiber optic,Yes,No,No,No,No,Yes,One year,Yes,Electronic check,99.98,2607.98,No
CUST-104643,Male,0,Yes,Yes,48,Yes,No,DSL,Yes,No,Yes,No,No,Yes,Month-to-month,No,Mailed check,75.32,3737.68,No
CUST-104644,Male,0,Yes,No,48,Yes,No,Fiber optic,No,Yes,No,Yes,No,Yes,Month-to-month,Yes,Credit card (automatic),115.0,5781.2,Yes
CUST-104645,Male,0,Yes,Yes,26,Yes,Yes,No,No internet service,No internet service,No internet service,No internet service,No internet service,No internet service,Two year,No,Bank transfer (automatic),37.0,945.69,No
CUST-104646,Female,0,No,No,9,Yes,No,Fiber optic,No,No,Yes,Yes,No,No,Month-to-month,No,Mailed check,103.02,972.32,Yes
CUST-104647,Male,0,No,Yes,57,Yes,No,No,No internet service,No internet service,No internet service,No internet service,No internet service,No internet service,Two year,No,Bank transfer (automatic),42.62,2520.09,No
CUST-104648,Male,0,Yes,No,65,Yes,Yes,DSL,No,No,No,Yes,No,Yes,Month-to-month,No,Electronic check,68.94,4275.34,Yes
CUST-104649,Male,0,No,No,43,Yes,No,Fiber optic,No,Yes,No,No,Yes,No,Month-to-month,No,Electronic check,101.47,4416.16,Yes
CUST-104650,Male,0,Yes,No,63,Yes,No,DSL,Yes,No,Yes,No,No,No,One year,No,Mailed check,79.75,5182.57,No
CUST-104651,Female,0,No,No,18,Yes,No,Fiber optic,No,No,Yes,No,Yes,Yes,Month-to-month,Yes,Electronic check,98.67,1815.18,No
CUST-104652,Male,0,No,Yes,63,Yes,Yes,No,No internet service,No internet service,No internet service,No internet service,No internet service,No internet service,Month-to-month,No,Electronic check,44.21,2810.23,Yes
CUST-104653,Male,1,Yes,No,59,Yes,No,Fiber optic,No,No,Yes,No,Yes,No,One year,Yes,Bank transfer (automatic),93.48,5523.24,No
CUST-104654,Male,0,No,No,65,Yes,Yes,Fiber optic,No,No,No,Yes,No,No,Month-to-month,Yes,Credit card (automatic),96.35,6031.99,Yes
CUST-104655,Male,1,No,Yes,68,Yes,No,No,No internet service,No internet service,No internet service,No internet service,No internet service,No internet service,Month-to-month,Yes,Electronic check,37.19,2575.61,No
CUST-104656,Male,1,Yes,Yes,25,Yes,No,Fiber optic,No,No,No,Yes,Yes,Yes,Two year,No,Mailed check,106.4,2788.18,No
CUST-104657,Female,0,Yes,Yes,8,Yes,No,Fiber optic,No,No,No,No,Yes,No,Month-to-month,No,Bank transfer (automatic),97.17,797.95,Yes
CUST-104658,Male,0,No,Yes,54,Yes,No,DSL,Yes,No,No,No,No,Yes,One year,No,Credit card (automatic),71.37,3971.33,No
CUST-104659,Male,0,Yes,No,48,No,No phone service,Fiber optic,No,No,No,No,Yes,Yes,One year,Yes,Electronic check,82.64,3979.59,No
CUST-104660,Female,0,Yes,Yes,47,Yes,No,Fiber optic,No,No,No,Yes,Yes,No,One year,No,Credit card (automatic),107.38,5066.57,No
CUST-104661,Female,0,Yes,No,46,Yes,No,Fiber optic,Yes,Yes,No,Yes,Yes,No,Month-to-month,No,Credit card (automatic),112.04,5221.16,No
CUST-104662,Male,0,No,Yes,2,Yes,Yes,DSL,Yes,No,Yes,No,No,No,Two year,Yes,Electronic check,82.97,163.11,Yes
CUST-104663,Male,0,Yes,No,48,Yes,No,DSL,No,Yes,No,No,No,Yes,Month-to-month,Yes,Electronic check,82.17,4066.91,No
CUST-104664,Male,0,No,Yes,35,Yes,Yes,DSL,No,Yes,No,No,Yes,No,Two year,Yes,Bank transfer (automatic),73.97,2645.28,No
CUST-104665,Female,0,Yes,No,2,Yes,Yes,No,No internet service,No internet service,No internet service,No internet service,No internet service,No internet service,Two year,Yes,Electronic check,43.91,87.94,No
CUST-104666,Male,0,Yes,No,62,Yes,Yes,No,No internet service,No internet service,No internet service,No internet service,No internet service,No internet service,One year,No,Electronic check,33.51,2053.52,Yes
CUST-104667,Male,1,No,No,2,Yes,No,Fiber optic,No,No,No,No,Yes,Yes,Month-to-month,Yes,Credit card (automatic),102.95,200.78,Yes
CUST-104668,Female,0,Yes,No,17,No,No phone service,No,No internet service,No internet service,No internet service,No internet service,No internet service,No internet service,Month-to-month,Yes,Bank transfer (automatic),19.23,319.03,No
CUST-104669,Male,0,No,No,21,Yes,Yes,DSL,No,No,No,No,Yes,No,Month-to-month,No,Bank transfer (automatic),69.78,1499.27,No
CUST-104670,Male,1,Yes,No,57,Yes,No,No,No internet service,No internet service,No internet service,No internet service,No internet service,No internet service,One year,Yes,Bank transfer (automatic),38.93,2130.24,No
CUST-104671,Female,0,No,No,5,Yes,No,DSL,No,No,No,No,No,Yes,Month-to-month,No,Mailed check,70.34,358.84,Yes
CUST-104672,Male,0,Yes,No,28,Yes,No,DSL,Yes,No,Yes,No,No,Yes,Month-to-month,Yes,Bank transfer (automatic),85.06,2286.56,No
CUST-104673,Female,0,No,Yes,26,Yes,Yes,DSL,No,No,Yes,Yes,No,No,Month-to-month,Yes,Credit card (automatic),72.55,1856.25,No
CUST-104674,Female,0,Yes,Yes,30,No,No phone service,Fiber optic,Yes,No,No,No,No,No,Month-to-month,No,Credit card (automatic),75.14,2294.01,Yes
CUST-104675,Male,1,No,Yes,63,Yes,No,Fiber optic,Yes,No,No,No,No,Yes,Month-to-month,Yes,Mailed check,96.56,6162.9,Yes
CUST-104676,Female,0,Yes,No,23,Yes,No,DSL,Yes,No,No,No,Yes,Yes,Month-to-month,Yes,Bank transfer (automatic),83.47,1849.66,Yes
CUST-104677,Female,0,Yes,Yes,25,Yes,No,Fiber optic,No,No,Yes,Yes,Yes,Yes,Month-to-month,No,Bank transfer (automatic),111.92,2831.33,No
CUST-104678,Female,0,No,Yes,29,Yes,Yes,Fiber optic,No,Yes,Yes,No,Yes,Yes,Month-to-month,Yes,Mailed check,119.63,3577.32,No
CUST-104679,Male,0,Yes,No,28,Yes,No,Fiber optic,No,No,No,Yes,Yes,Yes,Month-to-month,No,Electronic check,100.13,2922.58,Yes
CUST-104680,Male,0,Yes,No,69,Yes,Yes,DSL,No,No,No,No,Yes,No,One year,No,Mailed check,71.3,5012.15,No
CUST-104681,Male,0,No,No,19,Yes,No,DSL,Yes,No,No,No,No,No,Two year,Yes,Mailed check,67.46,1340.71,No
CUST-104682,Female,0,No,No,8,Yes,Yes,Fiber optic,No,No,No,Yes,No,No,Month-to-month,No,Electronic check,99.73,807.96,Yes
CUST-104683,Male,0,No,Yes,30,Yes,No,Fiber optic,Yes,Yes,Yes,No,No,Yes,One year,No,Electronic check,105.28,3047.36,No
CUST-104684,Female,0,No,No,6,Yes,No,Fiber optic,No,No,Yes,No,Yes,Yes,Month-to-month,No,Electronic check,107.81,668.0,Yes
CUST-104685,Female,1,Yes,Yes,58,Yes,Yes,Fiber optic,Yes,No,No,No,Yes,No,One year,Yes,Electronic check,108.87,6557.1,No
CUST-104686,Female,0,Yes,Yes,65,Yes,Yes,Fiber optic,Yes,No,Yes,No,No,Yes,Month-to-month,No,Mailed check,117.61,7710.24,No
CUST-104687,Male,0,No,No,60,Yes,No,Fiber optic,Yes,No,Yes,No,Yes,No,Two year,Yes,Bank transfer (automatic),111.36,6693.55,No
CUST-104688,Male,0,Yes,Yes,58,Yes,Yes,No,No internet service,No internet service,No internet service,No internet service,No internet service,No internet service,One year,No,Bank transfer (automatic),39.77,2345.42,No
CUST-104689,Female,0,Yes,No,30,Yes,No,No,No internet service,No internet service,No internet service,No internet service,No internet service,No internet service,One year,No,Bank transfer (automatic),40.96,1259.31,Yes
CUST-104690,Male,0,Yes,No,50,Yes,Yes,Fiber optic,Yes,No,No,No,Yes,No,Month-to-month,No,Mailed check,109.19,5280.93,No
CUST-104691,Male,1,Yes,Yes,28,Yes,Yes,DSL,No,No,Yes,Yes,No,Yes,Two year,Yes,Credit card (automatic),80.92,2359.65,No
CUST-104692,Female,0,Yes,Yes,62,Yes,No,No,No internet service,No internet service,No internet service,No internet service,No internet service,No internet service,Month-to-month,Yes,Bank transfer (automatic),35.03,2185.92,No
CUST-104693,Female,1,Yes,Yes,14,No,No phone service,DSL,Yes,No,No,Yes,No,No,Month-to-month,No,Bank transfer (automatic),51.63,697.74,No
CUST-104694,Female,1,No,Yes,10,Yes,Yes,No,No internet service,No internet service,No internet service,No internet service,No internet service,No internet service,One year,No,Bank transfer (automatic),42.49,421.99,No
CUST-104695,Female,0,No,No,71,Yes,Yes,Fiber optic,No,No,No,No,Yes,Yes,One year,Yes,Electronic check,98.25,7291.24,Yes
CUST-104696,Male,0,No,No,26,Yes,Yes,Fiber optic,No,Yes,No,No,No,Yes,Two year,Yes,Mailed check,96.55,2571.98,No
CUST-104697,Male,0,Yes,Yes,22,Yes,Yes,Fiber optic,No,Yes,No,No,No,No,One year,No,Bank transfer (automatic),93.7,1962.72,No
CUST-104698,Male,0,Yes,Yes,48,No,No phone service,Fiber optic,No,No,No,No,No,Yes,One year,No,Electronic check,80.58,3814.88,No
CUST-104699,Male,0,No,No,25,No,No phone service,DSL,No,No,Yes,No,Yes,No,Month-to-month,Yes,Electronic check,63.52,1577.25,No
CUST-104700,Female,0,Yes,No,54,Yes,No,DSL,No,No,No,No,No,No,Month-to-month,No,Mailed check,65.1,3345.21,Yes
CUST-104701,Male,1,Yes,No,31,Yes,No,DSL,No,Yes,Yes,No,Yes,No,Month-to-month,Yes,Mailed check,85.1,2653.66,No
CUST-104702,Female,0,No,Yes,57,Yes,Yes,DSL,Yes,No,No,No,No,No,One year,Yes,Credit card (automatic),74.69,4433.54,No
CUST-104703,Female,0,No,No,5,Yes,No,Fiber optic,No,No,No,Yes,Yes,No,One year,No,Bank transfer (automatic),108.64,567.52,No
CUST-104704,Female,0,Yes,Yes,53,Yes,Yes,No,No internet service,No internet service,No internet service,No internet service,No internet service,No internet service,One year,Yes,Electronic check,43.49,2267.82,No
CUST-104705,Male,0,No,No,23,Yes,No,DSL,No,Yes,No,No,Yes,No,One year,Yes,Mailed check,73.33,1679.01,No
CUST-104706,Male,0,No,No,30,Yes,Yes,Fiber optic,No,No,No,No,No,No,Month-to-month,Yes,Bank transfer (automatic),83.21,2557.64,No
CUST-104707,Female,0,No,No,67,Yes,No,DSL,No,Yes,No,No,Yes,No,Month-to-month,Yes,Bank transfer (automatic),73.88,4708.63,Yes
CUST-104708,Female,0,Yes,Yes,35,Yes,No,Fiber optic,No,No,No,No,No,Yes,Two year,Yes,Mailed check,97.76,3289.19,No
CUST-104709,Male,1,No,No,5,Yes,No,Fiber optic,Yes,Yes,No,No,No,No,Month-to-month,No,Electronic check,105.23,536.9,Yes
CUST-104710,Male,0,No,Yes,33,Yes,Yes,Fiber optic,Yes,No,Yes,No,No,Yes,Month-to-month,Yes,Credit card (automatic),116.76,3830.3,No
CUST-104711,Female,1,Yes,No,17,No,No phone service,DSL,No,No,No,No,Yes,No,One year,No,Mailed check,46.72,765.1,No
CUST-104712,Female,0,No,Yes,34,Yes,Yes,DSL,No,Yes,No,No,Yes,No,Month-to-month,Yes,Electronic check,67.28,2261.88,No
CUST-104713,Male,0,No,No,15,Yes,Yes,DSL,Yes,No,Yes,No,No,No,Month-to-month,No,Electronic check,86.33,1333.13,No
CUST-104714,Male,0,Yes,Yes,46,Yes,No,No,No internet service,No internet service,No internet service,No internet service,No internet service,No internet service,One year,No,Bank transfer (automatic),39.77,1824.87,No
CUST-104715,Female,0,Yes,No,17,Yes,No,Fiber optic,No,No,No,No,No,Yes,Month-to-month,No,Bank transfer (automatic),93.27,1512.5,Yes
CUST-104716,Female,1,Yes,No,33,Yes,No,Fiber optic,Yes,No,No,No,No,Yes,Two year,Yes,Electronic check,88.46,2995.39,No
CUST-104717,Female,0,No,No,69,No,No phone service,DSL,No,No,Yes,No,Yes,Yes,Two year,Yes,Mailed check,67.57,4522.72,No
CUST-104718,Male,0,Yes,Yes,46,Yes,No,Fiber optic,No,No,Yes,No,No,Yes,Month-to-month,Yes,Credit card (automatic),95.46,4477.83,No
CUST-104719,Male,0,No,No,51,Yes,No,Fiber optic,Yes,Yes,No,No,No,No,Two year,Yes,Mailed check,103.04,5048.53,No
CUST-104720,Female,0,Yes,Yes,56,Yes,Yes,DSL,Yes,No,Yes,No,No,Yes,Month-to-month,Yes,Mailed check,77.17,4416.01,No
CUST-104721,Female,0,No,No,67,Yes,Yes,Fiber optic,Yes,Yes,Yes,No,Yes,No,Month-to-month,No,Electronic check,104.41,6894.68,Yes
CUST-104722,Female,0,No,Yes,64,Yes,Yes,DSL,Yes,Yes,No,No,No,No,One year,Yes,Electronic check,82.46,5100.23,Yes
CUST-104723,Male,1,No,Yes,62,Yes,No,DSL,Yes,Yes,Yes,No,No,No,One year,No,Credit card (automatic),84.89,5358.07,No
CUST-104724,Male,0,No,Yes,24,Yes,Yes,Fiber optic,No,No,No,Yes,Yes,No,Month-to-month,No,Electronic check,103.41,2552.62,Yes
CUST-104725,Male,0,Yes,Yes,45,Yes,Yes,No,No internet service,No internet service,No internet service,No internet service,No internet service,No internet service,Month-to-month,Yes,Electronic check,37.93,1642.99,Yes
CUST-104726,Male,0,Yes,Yes,59,Yes,No,DSL,No,Yes,No,No,No,No,Month-to-month,No,Electronic check,74.9,4612.29,No
CUST-104727,Female,0,No,No,40,No,No phone service,DSL,No,No,No,No,No,No,Month-to-month,No,Electronic check,51.67,2106.84,Yes
CUST-104728,Male,1,Yes,Yes,9,Yes,Yes,DSL,No,No,No,No,No,Yes,Month-to-month,No,Mailed check,75.24,665.46,Yes
CUST-104729,Female,0,No,No,37,Yes,No,No,No internet service,No internet service,No internet service,No internet service,No internet service,No internet service,Two year,No,Credit card (automatic),38.69,1394.05,No
CUST-104730,Female,0,No,No,15,Yes,No,DSL,No,No,No,No,No,Yes,Two year,No,Electronic check,77.93,1132.4,No
CUST-104731,Female,0,No,No,50,Yes,Yes,No,No internet service,No internet service,No internet service,No internet service,No internet service,No internet service,Month-to-month,Yes,Electronic check,35.64,1721.34,No
CUST-104732,Female,1,Yes,No,62,Yes,No,DSL,No,No,Yes,No,No,No,Month-to-month,No,Mailed check,78.08,4959.7,No
CUST-104733,Male,0,No,No,51,Yes,No,DSL,No,Yes,No,Yes,Yes,No,Month-to-month,No,Credit card (automatic),71.58,3532.58,No
CUST-104734,Female,1,Yes,No,40,Yes,Yes,Fiber optic,No,Yes,Yes,No,No,Yes,Month-to-month,Yes,Credit card (automatic),117.12,4452.91,No
CUST-104735,Male,0,No,No,43,Yes,Yes,Fiber optic,No,No,Yes,No,Yes,No,One year,Yes,Credit card (automatic),100.77,4214.54,Yes
CUST-104736,Male,1,No,No,39,Yes,No,Fiber optic,No,No,Yes,No,No,No,One year,No,Electronic check,95.06,3745.55,Yes
CUST-104737,Male,0,No,Yes,32,No,No phone service,Fiber optic,Yes,No,No,No,No,No,Month-to-month,Yes,Bank transfer (automatic),74.85,2441.64,No
CUST-104738,Male,0,No,No,16,No,No phone service,No,No internet service,No internet service,No internet service,No internet service,No internet service,No internet service,Two year,Yes,Bank transfer (automatic),18.64,299.5,No
CUST-104739,Female,0,Yes,Yes,49,Yes,Yes,Fiber optic,No,No,Yes,No,Yes,No,Two year,No,Electronic check,100.42,4944.6,No
CUST-104740,Male,0,No,No,25,Yes,Yes,No,No internet service,No internet service,No internet service,No internet service,No internet service,No internet service,Month-to-month,No,Bank transfer (automatic),39.1,938.97,No
CUST-104741,Male,1,No,No,11,Yes,No,No,No internet service,No internet service,No internet service,No internet service,No internet service,No internet service,Two year,Yes,Bank transfer (automatic),39.07,443.28,No
CUST-104742,Male,1,Yes,Yes,58,Yes,No,Fiber optic,Yes,Yes,Yes,Yes,No,No,Month-to-month,Yes,Bank transfer (automatic),114.07,6601.86,No
CUST-104743,Male,0,No,Yes,40,Yes,No,Fiber optic,No,No,No,Yes,No,Yes,Two year,Yes,Electronic check,106.34,4265.04,No
CUST-104744,Female,1,No,No,37,Yes,Yes,Fiber optic,No,No,No,No,Yes,Yes,One year,Yes,Electronic check,97.58,3454.33,No
CUST-104745,Male,0,No,Yes,37,Yes,Yes,Fiber optic,Yes,Yes,Yes,Yes,Yes,No,Month-to-month,Yes,Mailed check,124.43,4594.75,No
CUST-104746,Female,0,No,Yes,5,Yes,No,Fiber optic,Yes,No,Yes,No,No,Yes,Month-to-month,No,Electronic check,106.16,550.17,Yes
CUST-104747,Male,0,Yes,No,39,Yes,Yes,Fiber optic,Yes,Yes,No,No,Yes,Yes,One year,No,Electronic check,116.49,4642.22,Yes
CUST-104748,Female,0,No,No,39,Yes,Yes,Fiber optic,No,No,Yes,Yes,Yes,Yes,Two year,No,Bank transfer (automatic),103.79,3959.59,Yes
CUST-104749,Male,0,Yes,No,37,Yes,Yes,DSL,No,No,Yes,Yes,Yes,No,Two year,No,Electronic check,83.48,2995.11,No
CUST-104750,Male,0,No,No,0,Yes,No,No,No internet service,No internet service,No internet service,No internet service,No internet service,No internet service,Month-to-month,No,Electronic check,35.19,0.0,Yes
CUST-104751,Male,0,Yes,No,54,Yes,No,DSL,No,Yes,Yes,Yes,Yes,Yes,Two year,Yes,Electronic check,92.25,5178.5,Yes
CUST-104752,Female,0,No,No,44,Yes,Yes,DSL,No,No,No,No,Yes,No,Month-to-month,Yes,Electronic check,70.38,3024.33,Yes
CUST-104753,Female,0,Yes,No,55,Yes,No,DSL,No,No,Yes,No,Yes,Yes,Month-to-month,Yes,Electronic check,89.71,5124.0,Yes
CUST-104754,Male,0,Yes,No,36,Yes,No,Fiber optic,No,Yes,No,No,No,No,Month-to-month,No,Bank transfer (automatic),98.44,3720.19,Yes
CUST-104755,Female,0,Yes,No,24,Yes,No,DSL,No,No,Yes,Yes,No,Yes,Two year,No,Bank transfer (automatic),81.67,2032.85,No
CUST-104756,Female,0,No,No,60,Yes,No,No,No internet service,No internet service,No internet service,No internet service,No internet service,No internet service,One year,Yes,Electronic check,45.2,2775.27,Yes
CUST-104757,Male,0,Yes,Yes,25,Yes,No,Fiber optic,No,No,No,Yes,No,Yes,Month-to-month,Yes,Bank transfer (automatic),102.99,2500.28,No
CUST-104758,Male,0,Yes,Yes,33,Yes,No,No,No internet service,No internet service,No internet service,No internet service,No internet service,No internet service,One year,Yes,Electronic check,38.99,1255.69,No
CUST-104759,Female,0,Yes,Yes,1,Yes,No,DSL,No,No,Yes,No,No,Yes,Two year,Yes,Electronic check,71.01,71.18,Yes
CUST-104760,Female,0,Yes,No,11,No,No phone service,Fiber optic,No,No,No,No,Yes,Yes,Month-to-month,No,Bank transfer (automatic),82.45,910.56,No
CUST-104761,Female,0,No,No,8,No,No phone service,Fiber optic,Yes,No,No,No,Yes,No,Month-to-month,Yes,Credit card (automatic),82.69,653.67,Yes
CUST-104762,Male,0,No,No,30,Yes,Yes,DSL,No,Yes,No,No,No,No,Month-to-month,Yes,Electronic check,77.07,2258.51,No
CUST-104763,Male,1,Yes,No,19,Yes,No,Fiber optic,No,Yes,Yes,No,Yes,Yes,Month-to-month,No,Bank transfer (automatic),112.41,2050.21,Yes
CUST-104764,Male,0,Yes,No,24,Yes,Yes,Fiber optic,No,No,No,No,Yes,Yes,Month-to-month,Yes,Mailed check,98.86,2274.49,No
CUST-104765,Male,1,Yes,No,55,No,No phone service,Fiber optic,No,No,No,No,Yes,No,One year,Yes,Bank transfer (automatic),74.65,4171.48,No
CUST-104766,Female,1,Yes,No,49,Yes,Yes,No,No internet service,No internet service,No internet service,No internet service,No internet service,No internet service,Month-to-month,No,Bank transfer (automatic),33.2,1639.23,No
CUST-104767,Male,0,Yes,Yes,58,Yes,Yes,Fiber optic,No,No,No,Yes,No,Yes,Two year,Yes,Mailed check,104.05,6310.33,No
CUST-104768,Male,0,Yes,No,59,Yes,No,DSL,No,No,No,Yes,No,Yes,Two year,No,Credit card (automatic),78.02,4526.14,No
CUST-104769,Male,0,Yes,No,18,Yes,Yes,No,No internet service,No internet service,No internet service,No internet service,No internet service,No internet service,Month-to-month,Yes,Bank transfer (automatic),38.47,706.14,No
CUST-104770,Male,0,Yes,Yes,44,Yes,No,No,No internet service,No internet service,No internet service,No internet service,No internet service,No internet service,Month-to-month,Yes,Credit card (automatic),42.92,1794.66,No
CUST-104771,Female,0,No,Yes,63,Yes,No,Fiber optic,Yes,No,No,No,No,No,Month-to-month,Yes,Mailed check,102.27,6638.37,Yes
CUST-104772,Male,1,Yes,Yes,22,No,No phone service,DSL,No,No,No,No,Yes,No,One year,No,Credit card (automatic),47.62,1021.83,No
CUST-104773,Female,0,No,Yes,27,Yes,No,DSL,No,No,No,No,No,No,Month-to-month,Yes,Credit card (automatic),60.42,1704.43,No
CUST-104774,Male,0,No,Yes,38,Yes,No,Fiber optic,Yes,No,Yes,No,No,Yes,One year,No,Mailed check,106.98,3863.06,No
CUST-104775,Male,0,No,No,58,Yes,No,DSL,Yes,Yes,No,No,Yes,Yes,One year,Yes,Mailed check,89.8,4969.26,No
CUST-104776,Male,0,Yes,No,10,Yes,Yes,DSL,No,No,Yes,No,No,No,One year,No,Credit card (automatic),65.25,680.0,No
CUST-104777,Female,0,No,No,34,Yes,No,Fiber optic,No,Yes,No,No,Yes,No,Month-to-month,No,Bank transfer (automatic),101.57,3607.65,No
CUST-104778,Male,1,No,Yes,17,Yes,Yes,No,No internet service,No internet service,No internet service,No internet service,No internet service,No internet service,Two year,Yes,Electronic check,42.05,689.29,No
CUST-104779,Male,0,No,No,52,Yes,Yes,Fiber optic,Yes,Yes,No,No,Yes,No,Two year,No,Electronic check,102.58,5080.49,No
CUST-104780,Female,0,No,No,17,Yes,Yes,Fiber optic,No,No,Yes,Yes,No,Yes,One year,No,Electronic check,103.89,1846.96,Yes
CUST-104781,Female,0,Yes,No,26,Yes,No,Fiber optic,No,Yes,Yes,No,Yes,Yes,Month-to-month,No,Electronic check,105.83,2757.95,Yes
CUST-104782,Male,0,No,No,25,Yes,Yes,No,No internet service,No internet service,No internet service,No internet service,No internet service,No internet service,One year,No,Electronic check,36.32,923.32,No
CUST-104783,Female,0,No,No,5,Yes,No,DSL,No,Yes,No,Yes,No,No,Two year,Yes,Bank transfer (automatic),74.86,379.44,No
CUST-104784,Female,0,Yes,No,48,Yes,No,DSL,No,No,Yes,No,No,No,One year,No,Mailed check,69.6,3216.11,No
CUST-104785,Male,0,Yes,No,18,Yes,No,DSL,No,No,No,No,No,Yes,One year,Yes,Electronic check,67.45,1197.8,Yes
CUST-104786,Female,0,No,No,35,Yes,No,DSL,Yes,No,No,No,Yes,No,Month-to-month,Yes,Electronic check,76.33,2579.3,Yes
CUST-104787,Male,1,Yes,Yes,50,Yes,No,DSL,Yes,No,Yes,Yes,No,No,Month-to-month,Yes,Electronic check,91.06,4674.91,Yes
CUST-104788,Male,0,No,Yes,57,Yes,No,Fiber optic,No,No,No,No,No,No,Two year,Yes,Bank transfer (automatic),90.19,5002.17,No
CUST-104789,Female,0,Yes,No,67,Yes,No,DSL,No,No,No,No,No,No,Two year,Yes,Mailed check,59.29,4070.81,No
CUST-104790,Male,0,No,Yes,9,Yes,Yes,No,No internet service,No internet service,No internet service,No internet service,No internet service,No internet service,Month-to-month,Yes,Credit card (automatic),34.01,311.01,No
CUST-104791,Female,1,Yes,No,45,Yes,No,DSL,No,No,No,No,Yes,No,Month-to-month,No,Bank transfer (automatic),67.43,2952.43,Yes
CUST-104792,Female,0,No,Yes,23,Yes,No,No,No internet service,No internet service,No internet service,No internet service,No internet service,No internet service,Month-to-month,Yes,Bank transfer (automatic),42.53,1020.36,Yes
CUST-104793,Male,0,No,No,56,Yes,Yes,DSL,No,No,No,No,No,No,Month-to-month,Yes,Electronic check,57.38,3132.0,No
CUST-104794,Male,0,No,Yes,28,No,No phone service,DSL,No,No,Yes,No,Yes,No,One year,No,Bank transfer (automatic),62.38,1753.76,No
CUST-104795,Male,0,Yes,No,1,Yes,Yes,Fiber optic,No,No,Yes,No,No,Yes,Month-to-month,No,Bank transfer (automatic),104.14,102.07,Yes
CUST-104796,Female,0,Yes,No,62,Yes,No,No,No internet service,No internet service,No internet service,No internet service,No internet service,No internet service,One year,No,Credit card (automatic),37.6,2423.06,No
CUST-104797,Male,0,Yes,No,55,Yes,No,DSL,No,No,No,No,No,Yes,Month-to-month,Yes,Bank transfer (automatic),71.32,3768.1,No
CUST-104798,Male,0,Yes,Yes,24,Yes,No,No,No internet service,No internet service,No internet service,No internet service,No internet service,No internet service,One year,No,Credit card (automatic),39.63,921.25,No
CUST-104799,Female,0,No,No,60,Yes,Yes,Fiber optic,No,No,Yes,Yes,No,No,Month-to-month,Yes,Credit card (automatic),107.79,6727.54,No
CUST-104800,Female,0,Yes,No,29,Yes,Yes,Fiber optic,Yes,Yes,No,Yes,No,No,Two year,Yes,Credit card (automatic),104.24,3128.28,Yes
CUST-104801,Female,0,Yes,Yes,30,Yes,No,Fiber optic,No,No,No,No,Yes,Yes,Month-to-month,No,Bank transfer (automatic),107.67,3310.73,No
CUST-104802,Male,0,No,Yes,21,Yes,Yes,Fiber optic,Yes,Yes,No,No,Yes,Yes,Month-to-month,Yes,Electronic check,102.63,2259.82,No
CUST-104803,Female,0,Yes,No,36,Yes,Yes,DSL,Yes,No,Yes,Yes,No,No,One year,Yes,Bank transfer (automatic),77.06,2665.6,No
CUST-104804,Female,0,Yes,No,72,Yes,Yes,DSL,No,No,No,Yes,Yes,Yes,Month-to-month,Yes,Credit card (automatic),89.17,6190.27,No
CUST-104805,Female,0,No,No,3,Yes,Yes,DSL,No,No,Yes,No,No,Yes,Month-to-month,Yes,Credit card (automatic),72.73,208.39,No
CUST-104806,Male,0,Yes,Yes,43,Yes,Yes,Fiber optic,No,Yes,No,No,Yes,No,Two year,Yes,Credit card (automatic),99.4,4257.65,No
CUST-104807,Female,0,No,No,12,Yes,Yes,DSL,No,No,No,Yes,No,Yes,One year,No,Mailed check,77.48,943.2,No
CUST-104808,Male,0,No,No,9,Yes,No,DSL,No,No,No,No,Yes,No,Month-to-month,No,Credit card (automatic),70.62,638.11,Yes
CUST-104809,Female,1,Yes,No,4,Yes,Yes,DSL,No,Yes,No,Yes,No,No,One year,No,Mailed check,71.03,270.24,No
CUST-104810,Male,1,No,No,19,Yes,No,Fiber optic,Yes,No,Yes,Yes,No,No,Month-to-month,Yes,Bank transfer (automatic),113.39,2233.4,No
CUST-104811,Male,0,No,No,53,Yes,No,Fiber optic,Yes,Yes,No,No,Yes,No,Month-to-month,No,Mailed check,108.87,5796.06,No
CUST-104812,Female,0,Yes,No,53,Yes,Yes,Fiber optic,No,Yes,No,Yes,No,No,Month-to-month,No,Electronic check,105.36,5381.45,No
CUST-104813,Female,0,No,No,58,Yes,Yes,No,No internet service,No internet service,No internet service,No internet service,No internet service,No internet service,Month-to-month,Yes,Mailed check,44.21,2491.53,No
CUST-104814,Female,0,Yes,No,10,Yes,No,No,No internet service,No internet service,No internet service,No internet service,No internet service,No internet service,Month-to-month,Yes,Electronic check,45.16,449.27,No
CUST-104815,Male,0,No,Yes,7,Yes,Yes,DSL,No,No,No,No,No,Yes,One year,Yes,Mailed check,74.28,519.29,Yes
CUST-104816,Female,1,No,No,71,Yes,No,Fiber optic,No,Yes,Yes,Yes,No,No,Month-to-month,Yes,Bank transfer (automatic),100.97,7284.63,Yes
CUST-104817,Male,1,Yes,No,67,Yes,Yes,Fiber optic,No,No,Yes,No,No,Yes,Month-to-month,Yes,Electronic check,95.41,6336.77,Yes
CUST-104818,Female,0,Yes,Yes,51,Yes,Yes,DSL,No,No,No,No,No,Yes,Month-to-month,No,Bank transfer (automatic),77.81,4112.39,Yes
CUST-104819,Female,0,Yes,No,61,Yes,No,DSL,No,No,No,No,No,No,Month-to-month,No,Electronic check,69.51,4341.86,Yes
CUST-104820,Female,0,No,No,58,Yes,No,No,No internet service,No internet service,No internet service,No internet service,No internet service,No internet service,One year,Yes,Electronic check,39.55,2332.39,No
CUST-104821,Female,0,No,Yes,42,Yes,No,Fiber optic,No,Yes,No,No,No,Yes,Month-to-month,No,Electronic check,102.34,4463.92,No
CUST-104822,Female,0,Yes,No,34,Yes,No,Fiber optic,No,No,Yes,Yes,Yes,Yes,Month-to-month,Yes,Electronic check,120.49,4261.97,No
CUST-104823,Female,1,Yes,Yes,71,Yes,No,Fiber optic,Yes,No,Yes,No,No,No,Month-to-month,Yes,Credit card (automatic),108.56,7924.78,No
CUST-104824,Male,1,No,No,49,Yes,Yes,No,No internet service,No internet service,No internet service,No internet service,No internet service,No internet service,Month-to-month,No,Bank transfer (automatic),38.31,1829.88,No
CUST-104825,Male,0,Yes,No,64,Yes,Yes,No,No internet service,No internet service,No internet service,No internet service,No internet service,No internet service,One year,Yes,Bank transfer (automatic),42.13,2616.87,No
CUST-104826,Male,0,Yes,No,15,Yes,Yes,No,No internet service,No internet service,No internet service,No internet service,No internet service,No internet service,One year,No,Bank transfer (automatic),32.31,467.78,No
CUST-104827,Female,0,Yes,No,16,Yes,No,DSL,No,Yes,No,Yes,Yes,No,One year,Yes,Bank transfer (automatic),86.32,1346.08,No
CUST-104828,Female,0,No,No,45,No,No phone service,Fiber optic,Yes,Yes,No,Yes,Yes,Yes,Month-to-month,Yes,Credit card (automatic),101.68,4789.14,No
CUST-104829,Male,0,Yes,No,69,No,No phone service,DSL,No,No,No,Yes,No,No,Month-to-month,No,Mailed check,54.88,3851.29,No
CUST-104830,Male,0,No,No,45,Yes,Yes,No,No internet service,No internet service,No internet service,No internet service,No internet service,No internet service,One year,Yes,Electronic check,38.96,1719.21,No
CUST-104831,Male,0,No,No,32,Yes,Yes,DSL,No,No,No,No,No,Yes,Two year,Yes,Credit card (automatic),77.47,2495.05,No
CUST-104832,Male,0,Yes,No,1,Yes,Yes,Fiber optic,No,Yes,Yes,No,Yes,No,Month-to-month,No,Mailed check,98.95,98.44,Yes
CUST-104833,Male,0,No,No,11,Yes,No,No,No internet service,No internet service,No internet service,No internet service,No internet service,No internet service,One year,No,Credit card (automatic),36.13,400.1,No
CUST-104834,Female,0,Yes,No,16,Yes,No,Fiber optic,Yes,No,No,No,No,Yes,Month-to-month,No,Credit card (automatic),100.54,1595.36,Yes
CUST-104835,Female,0,Yes,No,14,Yes,Yes,DSL,No,No,No,Yes,Yes,Yes,Two year,No,Mailed check,94.81,1349.71,No
CUST-104836,Male,0,No,No,51,Yes,No,DSL,No,Yes,Yes,Yes,Yes,Yes,Month-to-month,Yes,Credit card (automatic),97.46,5159.23,No
CUST-104837,Male,0,Yes,No,49,Yes,No,Fiber optic,Yes,No,Yes,No,No,Yes,Month-to-month,Yes,Electronic check,113.68,5788.28,Yes
CUST-104838,Female,0,No,Yes,27,Yes,No,Fiber optic,No,No,Yes,No,Yes,No,Month-to-month,No,Bank transfer (automatic),100.92,2819.7,Yes
CUST-104839,Female,0,No,No,72,Yes,Yes,Fiber optic,No,Yes,No,No,No,No,One year,Yes,Bank transfer (automatic),100.27,7077.97,No
CUST-104840,Female,0,Yes,Yes,28,Yes,Yes,DSL,No,No,No,No,Yes,No,One year,Yes,Credit card (automatic),78.11,2295.43,No
CUST-104841,Male,0,No,No,32,Yes,Yes,Fiber optic,No,No,Yes,No,No,No,One year,Yes,Mailed check,89.27,2936.33,No
CUST-104842,Male,0,No,Yes,38,Yes,No,Fiber optic,No,No,No,No,No,Yes,One year,No,Electronic check,102.63,4023.98,Yes
CUST-104843,Male,0,Yes,No,41,Yes,No,No,No internet service,No internet service,No internet service,No internet service,No internet service,No internet service,Month-to-month,No,Electronic check,42.2,1732.61,No
CUST-104844,Female,0,No,Yes,13,Yes,Yes,Fiber optic,No,No,Yes,Yes,No,Yes,Month-to-month,Yes,Mailed check,110.59,1451.54,Yes
CUST-104845,Female,0,No,No,21,Yes,No,No,No internet service,No internet service,No internet service,No internet service,No internet service,No internet service,Two year,Yes,Mailed check,40.97,889.23,No
CUST-104846,Female,0,Yes,No,50,Yes,No,DSL,No,No,Yes,No,Yes,Yes,Month-to-month,No,Mailed check,87.33,4211.96,No
CUST-104847,Male,0,Yes,No,61,Yes,Yes,No,No internet service,No internet service,No internet service,No internet service,No internet service,No internet service,Month-to-month,Yes,Bank transfer (automatic),42.02,2549.27,No
CUST-104848,Male,0,Yes,No,30,Yes,Yes,No,No internet service,No internet service,No internet service,No internet service,No internet service,No internet service,Month-to-month,Yes,Mailed check,48.22,1472.64,No
CUST-104849,Female,0,Yes,No,8,Yes,Yes,Fiber optic,No,No,Yes,Yes,No,No,Month-to-month,Yes,Electronic check,101.59,804.11,Yes
CUST-104850,Female,1,Yes,Yes,62,Yes,No,No,No internet service,No internet service,No internet service,No internet service,No internet service,No internet service,Month-to-month,Yes,Electronic check,39.94,2565.72,No
CUST-104851,Female,1,No,No,42,Yes,No,Fiber optic,No,Yes,No,No,Yes,No,One year,Yes,Credit card (automatic),100.51,4291.55,Yes
CUST-104852,Male,0,No,No,31,Yes,Yes,No,No internet service,No internet service,No internet service,No internet service,No internet service,No internet service,One year,Yes,Bank transfer (automatic),37.16,1189.87,No
CUST-104853,Male,0,No,No,42,Yes,Yes,Fiber optic,No,Yes,Yes,No,No,No,Month-to-month,Yes,Mailed check,101.86,4415.67,Yes
CUST-104854,Male,0,Yes,No,60,Yes,No,No,No internet service,No internet service,No internet service,No internet service,No internet service,No internet service,Month-to-month,No,Mailed check,34.52,2090.09,No
CUST-104855,Female,0,Yes,No,0,Yes,No,DSL,No,No,No,No,No,No,Two year,Yes,Electronic check,62.17,0.0,Yes
CUST-104856,Female,0,Yes,No,26,Yes,Yes,DSL,No,No,Yes,No,Yes,Yes,One year,No,Electronic check,84.74,2285.29,Yes
CUST-104857,Female,0,Yes,No,68,Yes,Yes,Fiber optic,No,No,No,Yes,Yes,Yes,Two year,No,Credit card (automatic),106.41,7591.98,No
CUST-104858,Male,1,No,No,21,Yes,Yes,Fiber optic,No,No,No,Yes,Yes,No,Month-to-month,Yes,Electronic check,101.4,2184.67,No
CUST-104859,Female,0,Yes,No,71,Yes,Yes,DSL,Yes,Yes,Yes,No,Yes,Yes,Two year,No,Electronic check,92.05,6588.17,No
CUST-104860,Male,0,No,No,20,No,No phone service,Fiber optic,No,No,No,No,Yes,No,Two year,Yes,Mailed check,79.59,1621.76,Yes
CUST-104861,Female,1,Yes,No,34,Yes,No,DSL,No,No,No,No,Yes,Yes,Month-to-month,Yes,Credit card (automatic),77.69,2660.18,Yes
CUST-104862,Female,0,No,Yes,5,Yes,No,No,No internet service,No internet service,No internet service,No internet service,No internet service,No internet service,One year,Yes,Mailed check,34.77,168.99,Yes
CUST-104863,Female,0,No,No,52,Yes,No,Fiber optic,Yes,No,No,No,Yes,No,Month-to-month,Yes,Bank transfer (automatic),99.81,4980.72,No
CUST-104864,Female,0,No,No,17,Yes,No,DSL,No,Yes,Yes,No,No,No,One year,Yes,Credit card (automatic),71.74,1279.82,No
CUST-104865,Female,1,No,Yes,61,No,No phone service,DSL,Yes,Yes,No,Yes,Yes,No,Two year,No,Credit card (automatic),64.41,4113.6,No
CUST-104866,Male,0,No,No,9,No,No phone service,No,No internet service,No internet service,No internet service,No internet service,No internet service,No internet service,Month-to-month,No,Mailed check,21.55,190.17,No
CUST-104867,Male,0,No,Yes,8,Yes,No,Fiber optic,Yes,No,Yes,No,Yes,No,Month-to-month,Yes,Electronic check,111.15,905.7,Yes
CUST-104868,Female,0,Yes,No,34,Yes,No,Fiber optic,No,No,No,Yes,No,Yes,Month-to-month,Yes,Bank transfer (automatic),101.25,3421.59,No
CUST-104869,Female,0,Yes,No,6,Yes,No,No,No internet service,No internet service,No internet service,No internet service,No internet service,No internet service,One year,Yes,Credit card (automatic),37.6,217.02,No
CUST-104870,Male,0,No,Yes,24,Yes,No,No,No internet service,No internet service,No internet service,No internet service,No internet service,No internet service,One year,Yes,Bank transfer (automatic),36.35,905.02,No
CUST-104871,Female,0,Yes,Yes,50,Yes,No,DSL,Yes,No,No,No,Yes,Yes,Month-to-month,Yes,Credit card (automatic),76.73,3776.32,Yes
CUST-104872,Male,0,No,No,36,Yes,Yes,Fiber optic,No,No,No,No,No,No,Two year,Yes,Bank transfer (automatic),82.94,3068.69,No
CUST-104873,Female,0,Yes,Yes,40,Yes,Yes,No,No internet service,No internet service,No internet service,No internet service,No internet service,No internet service,Month-to-month,Yes,Electronic check,49.57,2074.03,No
CUST-104874,Male,0,No,Yes,6,Yes,Yes,DSL,Yes,No,No,No,No,Yes,Month-to-month,Yes,Mailed check,81.45,500.12,No
CUST-104875,Female,0,Yes,No,49,Yes,Yes,Fiber optic,Yes,No,No,Yes,No,Yes,Month-to-month,No,Credit card (automatic),113.31,5426.03,No
CUST-104876,Male,0,No,No,6,Yes,No,Fiber optic,No,No,Yes,No,No,No,Two year,Yes,Electronic check,98.4,574.99,Yes
CUST-104877,Male,0,Yes,No,41,Yes,No,DSL,No,No,No,No,No,No,One year,Yes,Bank transfer (automatic),67.73,2837.56,No
CUST-104878,Female,0,Yes,No,57,Yes,No,Fiber optic,No,Yes,No,No,No,Yes,One year,No,Mailed check,99.51,5587.33,No
CUST-104879,Female,0,No,No,53,No,No phone service,DSL,No,No,Yes,No,No,Yes,Two year,No,Mailed check,60.54,3306.94,No
CUST-104880,Male,0,Yes,No,25,Yes,No,DSL,No,Yes,Yes,No,No,No,Month-to-month,No,Mailed check,67.75,1766.61,No
CUST-104881,Female,0,Yes,Yes,11,Yes,Yes,DSL,Yes,Yes,No,No,Yes,No,Month-to-month,Yes,Mailed check,88.74,998.46,No
CUST-104882,Male,0,No,No,60,Yes,Yes,Fiber optic,Yes,No,No,No,No,Yes,One year,No,Credit card (automatic),106.26,6599.65,Yes
CUST-104883,Male,0,No,No,15,No,No phone service,Fiber optic,No,Yes,No,No,No,Yes,Month-to-month,No,Electronic check,82.91,1304.46,Yes
CUST-104884,Male,0,Yes,No,36,Yes,Yes,No,No internet service,No internet service,No internet service,No internet service,No internet service,No internet service,Month-to-month,Yes,Bank transfer (automatic),45.97,1714.98,No
CUST-104885,Male,0,No,Yes,17,Yes,No,No,No internet service,No internet service,No internet service,No internet service,No internet service,No internet service,Month-to-month,No,Electronic check,43.01,738.08,No
CUST-104886,Female,1,Yes,No,2,Yes,No,No,No internet service,No internet service,No internet service,No internet service,No internet service,No internet service,Month-to-month,Yes,Electronic check,43.14,83.21,Yes
CUST-104887,Female,0,Yes,No,30,Yes,No,Fiber optic,Yes,No,Yes,Yes,No,Yes,Month-to-month,Yes,Electronic check,114.97,3389.83,Yes
CUST-104888,Male,0,No,Yes,40,Yes,Yes,DSL,Yes,No,No,Yes,No,No,Month-to-month,No,Electronic check,81.58,3198.18,Yes
CUST-104889,Male,0,Yes,No,55,Yes,No,Fiber optic,No,Yes,No,No,Yes,Yes,Two year,Yes,Mailed check,109.31,5897.45,Yes
CUST-104890,Female,0,Yes,Yes,52,Yes,No,Fiber optic,No,No,Yes,Yes,No,No,Month-to-month,Yes,Mailed check,107.4,5709.36,Yes
CUST-104891,Female,0,Yes,No,60,Yes,No,No,No internet service,No internet service,No internet service,No internet service,No internet service,No internet service,Two year,No,Electronic check,39.89,2320.66,No
CUST-104892,Male,0,No,No,59,Yes,No,Fiber optic,No,No,Yes,Yes,Yes,No,Month-to-month,Yes,Credit card (automatic),106.11,6566.36,No
CUST-104893,Male,0,No,Yes,29,Yes,Yes,Fiber optic,No,No,Yes,No,No,No,Two year,No,Bank transfer (automatic),102.36,3027.59,No
CUST-104894,Male,0,Yes,No,24,Yes,No,No,No internet service,No internet service,No internet service,No internet service,No internet service,No internet service,Month-to-month,No,Credit card (automatic),40.73,945.3,Yes
CUST-104895,Male,0,No,Yes,43,Yes,No,Fiber optic,No,No,Yes,No,No,No,Month-to-month,No,Credit card (automatic),95.79,4092.38,No
CUST-104896,Female,0,No,No,35,Yes,Yes,Fiber optic,No,Yes,No,No,Yes,No,Month-to-month,No,Mailed check,101.6,3483.86,Yes
CUST-104897,Female,0,Yes,No,21,Yes,No,No,No internet service,No internet service,No internet service,No internet service,No internet service,No internet service,Month-to-month,No,Mailed check,46.95,948.5,No
CUST-104898,Female,1,No,No,2,Yes,Yes,Fiber optic,No,Yes,No,No,No,Yes,Two year,Yes,Credit card (automatic),95.84,191.16,No
CUST-104899,Female,0,Yes,Yes,34,Yes,Yes,DSL,No,No,Yes,No,No,No,Month-to-month,No,Mailed check,71.19,2419.12,No
CUST-104900,Male,0,Yes,No,34,Yes,No,No,No internet service,No internet service,No internet service,No internet service,No internet service,No internet service,Month-to-month,Yes,Mailed check,35.32,1234.94,No
CUST-104901,Female,0,Yes,No,68,Yes,Yes,No,No internet service,No internet service,No internet service,No internet service,No internet service,No internet service,One year,No,Electronic check,33.82,2242.77,No
CUST-104902,Female,0,Yes,No,59,Yes,Yes,DSL,No,No,No,No,No,Yes,One year,Yes,Electronic check,71.86,4310.72,No
CUST-104903,Female,0,No,No,19,No,No phone service,No,No internet service,No internet service,No internet service,No internet service,No internet service,No internet service,Month-to-month,No,Credit card (automatic),21.81,418.47,No
CUST-104904,Male,1,No,No,8,Yes,Yes,DSL,No,No,No,Yes,No,Yes,Month-to-month,Yes,Electronic check,82.81,659.1,Yes
CUST-104905,Female,0,No,No,57,Yes,Yes,No,No internet service,No internet service,No internet service,No internet service,No internet service,No internet service,One year,Yes,Electronic check,32.79,1953.13,No
CUST-104906,Male,0,Yes,No,35,Yes,Yes,No,No internet service,No internet service,No internet service,No internet service,No internet service,No internet service,Month-to-month,No,Bank transfer (automatic),45.46,1661.16,No
CUST-104907,Female,0,Yes,No,3,Yes,No,DSL,No,Yes,Yes,Yes,Yes,Yes,One year,Yes,Credit card (automatic),93.09,281.65,No
CUST-104908,Female,1,Yes,Yes,55,Yes,No,No,No internet service,No internet service,No internet service,No internet service,No internet service,No internet service,Month-to-month,Yes,Credit card (automatic),37.89,1998.76,Yes
CUST-104909,Female,0,Yes,No,25,Yes,Yes,DSL,Yes,No,Yes,No,Yes,Yes,Two year,No,Bank transfer (automatic),85.49,2227.46,Yes
CUST-104910,Female,0,No,No,12,Yes,Yes,No,No internet service,No internet service,No internet service,No internet service,No internet service,No internet service,One year,Yes,Mailed check,38.85,461.24,No
CUST-104911,Female,0,No,No,48,Yes,Yes,Fiber optic,No,No,No,No,No,Yes,One year,Yes,Mailed check,99.84,4953.55,Yes
CUST-104912,Male,0,No,No,57,Yes,Yes,Fiber optic,No,No,No,No,No,No,Two year,Yes,Electronic check,91.52,5329.88,Yes
CUST-104913,Female,0,No,No,56,Yes,Yes,No,No internet service,No internet service,No internet service,No internet service,No internet service,No internet service,Two year,No,Electronic check,39.09,2103.68,No
CUST-104914,Female,0,Yes,Yes,20,Yes,Yes,DSL,No,No,Yes,No,No,No,One year,Yes,Credit card (automatic),71.1,1467.67,No
CUST-104915,Male,0,Yes,No,43,Yes,Yes,Fiber optic,No,No,No,No,Yes,Yes,One year,Yes,Credit card (automatic),100.28,4235.21,Yes
CUST-104916,Male,1,Yes,No,34,Yes,No,Fiber optic,Yes,No,Yes,No,No,No,Two year,No,Electronic check,100.45,3538.05,No
CUST-104917,Male,1,No,Yes,63,Yes,Yes,DSL,No,No,Yes,No,No,Yes,Month-to-month,No,Mailed check,69.18,4474.54,Yes
CUST-104918,Female,0,Yes,Yes,13,Yes,No,DSL,No,Yes,Yes,No,No,No,One year,No,Credit card (automatic),74.06,963.41,No
CUST-104919,Female,0,Yes,Yes,59,Yes,No,Fiber optic,No,No,Yes,No,No,No,One year,Yes,Mailed check,102.03,5747.02,No
CUST-104920,Female,0,No,No,25,Yes,Yes,DSL,No,Yes,No,Yes,Yes,No,One year,No,Electronic check,92.57,2410.17,Yes
CUST-104921,Female,1,Yes,No,45,Yes,Yes,Fiber optic,No,Yes,No,Yes,Yes,Yes,Two year,No,Electronic check,115.54,5414.94,Yes
CUST-104922,Female,0,No,Yes,36,Yes,No,Fiber optic,No,No,No,Yes,No,No,One year,No,Mailed check,97.12,3663.09,No
CUST-104923,Female,1,Yes,No,25,Yes,Yes,Fiber optic,No,No,Yes,No,No,No,One year,No,Mailed check,92.37,2406.48,Yes
CUST-104924,Male,0,No,No,16,Yes,No,DSL,No,No,No,No,Yes,No,Two year,No,Bank transfer (automatic),67.16,1071.82,Yes
CUST-104925,Male,0,Yes,No,26,Yes,No,DSL,No,No,Yes,No,No,Yes,One year,No,Mailed check,81.04,2180.98,No
CUST-104926,Male,0,No,No,44,Yes,No,DSL,Yes,Yes,Yes,No,Yes,No,Month-to-month,No,Mailed check,93.58,4147.99,No
CUST-104927,Female,0,No,No,44,Yes,No,Fiber optic,No,Yes,No,Yes,No,Yes,Month-to-month,No,Electronic check,108.04,4863.26,Yes
CUST-104928,Male,1,Yes,No,45,Yes,Yes,DSL,Yes,Yes,No,No,Yes,Yes,Month-to-month,Yes,Electronic check,87.37,3775.12,No
CUST-104929,Male,0,No,No,47,Yes,No,No,No internet service,No internet service,No internet service,No internet service,No internet service,No internet service,Month-to-month,No,Electronic check,43.01,2063.22,No
CUST-104930,Male,0,No,No,3,Yes,Yes,DSL,No,No,No,No,No,No,One year,Yes,Mailed check,63.95,184.96,No
CUST-104931,Female,0,No,No,28,Yes,No,DSL,No,Yes,No,No,No,No,Two year,Yes,Mailed check,70.2,1918.12,No
CUST-104932,Female,1,No,No,22,Yes,No,No,No internet service,No internet service,No internet service,No internet service,No internet service,No internet service,Month-to-month,Yes,Electronic check,36.49,785.09,No
CUST-104933,Female,0,No,No,29,Yes,Yes,DSL,No,Yes,Yes,No,No,Yes,Two year,Yes,Credit card (automatic),89.73,2539.71,No
CUST-104934,Male,0,Yes,No,27,Yes,Yes,Fiber optic,Yes,No,Yes,Yes,Yes,No,One year,Yes,Mailed check,114.21,2958.54,Yes
CUST-104935,Female,0,Yes,Yes,12,Yes,No,DSL,Yes,No,No,No,Yes,Yes,Two year,Yes,Bank transfer (automatic),88.27,1055.16,No
CUST-104936,Female,0,Yes,No,70,Yes,Yes,No,No internet service,No internet service,No internet service,No internet service,No internet service,No internet service,Month-to-month,No,Credit card (automatic),36.49,2625.91,No
CUST-104937,Female,0,No,Yes,0,Yes,No,DSL,Yes,Yes,Yes,No,Yes,No,Month-to-month,No,Electronic check,88.91,0.0,Yes
CUST-104938,Male,1,No,Yes,43,Yes,No,DSL,Yes,No,No,No,No,No,One year,Yes,Electronic check,67.79,2837.84,No
CUST-104939,Male,0,No,No,33,Yes,Yes,Fiber optic,No,No,No,No,Yes,Yes,One year,Yes,Electronic check,94.83,3089.14,No
CUST-104940,Female,0,Yes,Yes,51,Yes,Yes,Fiber optic,No,No,No,No,Yes,No,Two year,Yes,Credit card (automatic),93.15,4809.72,No
CUST-104941,Male,0,No,No,60,Yes,Yes,No,No internet service,No internet service,No internet service,No internet service,No internet service,No internet service,Two year,No,Mailed check,44.4,2688.21,No
CUST-104942,Female,0,No,No,47,Yes,Yes,No,No internet service,No internet service,No internet service,No internet service,No internet service,No internet service,Month-to-month,Yes,Electronic check,38.09,1714.26,No
CUST-104943,Female,0,Yes,No,55,Yes,Yes,No,No internet service,No internet service,No internet service,No internet service,No internet service,No internet service,Month-to-month,Yes,Electronic check,32.42,1720.19,Yes
CUST-104944,Male,1,No,No,19,Yes,Yes,DSL,Yes,Yes,No,No,No,No,One year,Yes,Electronic check,75.5,1443.25,Yes
CUST-104945,Female,0,Yes,Yes,72,Yes,No,Fiber optic,No,Yes,Yes,No,No,No,Month-to-month,Yes,Bank transfer (automatic),95.88,6580.91,Yes
CUST-104946,Male,0,No,Yes,6,Yes,No,DSL,No,Yes,No,Yes,No,No,Two year,No,Bank transfer (automatic),82.59,517.3,No
CUST-104947,Female,0,Yes,No,48,Yes,Yes,DSL,No,No,No,No,No,Yes,One year,No,Mailed check,75.36,3517.84,No
CUST-104948,Male,0,No,Yes,10,Yes,No,DSL,Yes,No,No,No,No,No,Two year,Yes,Electronic check,74.37,735.03,Yes
CUST-104949,Male,0,Yes,No,17,Yes,No,Fiber optic,No,No,No,Yes,No,Yes,Two year,Yes,Credit card (automatic),86.9,1515.44,No
CUST-104950,Male,1,Yes,Yes,60,Yes,No,Fiber optic,No,Yes,Yes,Yes,Yes,No,Month-to-month,No,Credit card (automatic),118.78,7037.42,No
CUST-104951,Male,0,No,No,49,Yes,No,Fiber optic,No,No,No,No,No,No,Month-to-month,No,Mailed check,89.43,4303.12,Yes
CUST-104952,Female,0,No,Yes,46,No,No phone service,Fiber optic,No,No,No,Yes,No,Yes,One year,No,Bank transfer (automatic),85.68,3749.7,No
CUST-104953,Male,1,Yes,No,60,Yes,No,DSL,Yes,No,Yes,No,No,No,Two year,No,Credit card (automatic),72.48,4145.34,No
CUST-104954,Male,0,Yes,Yes,20,Yes,Yes,DSL,No,Yes,Yes,No,No,Yes,One year,No,Mailed check,81.2,1570.43,Yes
CUST-104955,Male,0,No,No,46,Yes,Yes,Fiber optic,No,No,No,No,No,Yes,Month-to-month,Yes,Electronic check,91.25,3998.61,No
CUST-104956,Male,1,No,Yes,14,Yes,Yes,Fiber optic,No,No,No,No,No,Yes,One year,Yes,Mailed check,92.59,1352.71,No
CUST-104957,Male,1,Yes,Yes,35,Yes,Yes,DSL,Yes,No,Yes,No,No,No,Month-to-month,No,Electronic check,70.44,2560.06,No
CUST-104958,Female,0,Yes,Yes,29,Yes,No,Fiber optic,No,No,Yes,No,Yes,No,Month-to-month,Yes,Electronic check,95.42,2893.2,Yes
CUST-104959,Female,0,Yes,No,45,Yes,No,No,No internet service,No internet service,No internet service,No internet service,No internet service,No internet service,Two year,Yes,Credit card (automatic),38.87,1823.44,No
CUST-104960,Male,1,No,No,4,Yes,Yes,DSL,Yes,Yes,No,Yes,No,Yes,Month-to-month,No,Credit card (automatic),94.47,392.81,No
CUST-104961,Female,0,No,No,1,Yes,No,No,No internet service,No internet service,No internet service,No internet service,No internet service,No internet service,Month-to-month,Yes,Bank transfer (automatic),42.5,43.0,Yes
CUST-104962,Female,0,No,No,2,Yes,Yes,No,No internet service,No internet service,No internet service,No internet service,No internet service,No internet service,Month-to-month,Yes,Credit card (automatic),39.35,80.45,Yes
CUST-104963,Male,1,Yes,No,19,Yes,Yes,No,No internet service,No internet service,No internet service,No internet service,No internet service,No internet service,Two year,Yes,Credit card (automatic),41.27,771.13,No
CUST-104964,Female,0,No,Yes,42,Yes,No,DSL,No,Yes,Yes,No,No,Yes,Month-to-month,Yes,Bank transfer (automatic),78.73,3159.75,No
CUST-104965,Male,0,Yes,No,11,Yes,Yes,DSL,Yes,No,No,No,No,Yes,Month-to-month,Yes,Credit card (automatic),74.4,806.86,Yes
CUST-104966,Male,0,No,No,72,Yes,No,Fiber optic,Yes,Yes,No,No,No,No,Month-to-month,Yes,Credit card (automatic),93.23,6853.01,No
CUST-104967,Male,0,Yes,Yes,30,Yes,No,Fiber optic,No,No,Yes,No,Yes,Yes,One year,Yes,Electronic check,112.35,3397.62,Yes
CUST-104968,Male,0,Yes,Yes,22,Yes,Yes,DSL,No,Yes,No,No,Yes,No,Month-to-month,No,Credit card (automatic),67.12,1485.34,No
CUST-104969,Female,0,Yes,No,65,Yes,Yes,Fiber optic,Yes,No,No,No,No,No,Two year,Yes,Credit card (automatic),94.26,6325.62,No
CUST-104970,Female,0,Yes,Yes,12,Yes,Yes,Fiber optic,No,No,No,No,No,No,Two year,No,Electronic check,92.36,1083.17,No
CUST-104971,Male,0,Yes,Yes,13,Yes,No,DSL,No,No,No,No,No,No,Month-to-month,No,Bank transfer (automatic),60.25,757.55,No
CUST-104972,Female,0,No,No,27,No,No phone service,DSL,No,Yes,No,Yes,Yes,No,Month-to-month,Yes,Electronic check,56.34,1551.6,No
CUST-104973,Female,0,No,Yes,5,No,No phone service,No,No internet service,No internet service,No internet service,No internet service,No internet service,No internet service,Month-to-month,Yes,Mailed check,18.0,89.47,No
CUST-104974,Female,0,No,No,49,Yes,No,Fiber optic,No,No,Yes,No,No,Yes,Month-to-month,No,Bank transfer (automatic),99.17,5067.58,No
CUST-104975,Female,0,No,No,56,Yes,Yes,DSL,No,No,No,No,No,No,Month-to-month,Yes,Electronic check,72.72,4046.78,No
CUST-104976,Female,0,Yes,No,25,Yes,Yes,No,No internet service,No internet service,No internet service,No internet service,No internet service,No internet service,One year,Yes,Bank transfer (automatic),32.87,806.56,No
CUST-104977,Male,0,No,No,63,No,No phone service,Fiber optic,Yes,No,No,No,No,No,Month-to-month,Yes,Mailed check,79.85,5170.89,Yes
CUST-104978,Female,0,Yes,No,0,Yes,Yes,Fiber optic,No,Yes,No,No,Yes,No,Month-to-month,No,Electronic check,109.55,0.0,Yes
CUST-104979,Female,0,Yes,No,38,Yes,No,DSL,Yes,Yes,No,Yes,No,No,Month-to-month,No,Bank transfer (automatic),75.36,2914.15,No
CUST-104980,Female,0,Yes,No,53,Yes,No,Fiber optic,No,No,No,No,No,No,Month-to-month,No,Credit card (automatic),85.78,4561.82,No
CUST-104981,Female,0,Yes,No,27,No,No phone service,Fiber optic,Yes,No,Yes,No,No,No,Month-to-month,Yes,Electronic check,81.32,2246.89,Yes
CUST-104982,Male,0,No,No,69,Yes,No,No,No internet service,No internet service,No internet service,No internet service,No internet service,No internet service,Month-to-month,Yes,Mailed check,39.6,2838.6,No
CUST-104983,Male,0,Yes,No,31,No,No phone service,DSL,Yes,No,Yes,No,No,Yes,One year,Yes,Electronic check,68.99,2087.79,No
CUST-104984,Male,0,Yes,No,67,Yes,Yes,Fiber optic,No,No,No,No,No,No,Month-to-month,No,Electronic check,88.32,6061.21,Yes
CUST-104985,Male,0,No,Yes,48,No,No phone service,DSL,No,No,Yes,No,No,Yes,Month-to-month,No,Mailed check,59.73,2951.78,No
CUST-104986,Female,1,Yes,Yes,16,Yes,Yes,No,No internet service,No internet service,No internet service,No internet service,No internet service,No internet service,Two year,Yes,Electronic check,42.77,703.16,No
CUST-104987,Female,0,No,No,60,No,No phone service,DSL,No,Yes,Yes,Yes,No,No,One year,Yes,Bank transfer (automatic),59.46,3543.1,No
CUST-104988,Female,0,Yes,No,2,Yes,No,Fiber optic,Yes,No,Yes,No,No,No,Two year,Yes,Electronic check,97.13,188.23,Yes
CUST-104989,Female,0,No,No,13,Yes,Yes,Fiber optic,No,No,No,Yes,Yes,No,Month-to-month,No,Bank transfer (automatic),97.5,1318.68,No
CUST-104990,Female,0,No,No,56,Yes,No,Fiber optic,No,No,No,No,Yes,No,Month-to-month,No,Electronic check,95.29,5389.03,Yes
CUST-104991,Female,1,Yes,Yes,65,Yes,No,Fiber optic,No,No,No,No,No,Yes,Month-to-month,Yes,Credit card (automatic),85.28,5360.06,No
CUST-104992,Female,0,No,No,28,Yes,Yes,Fiber optic,No,No,No,No,No,No,One year,Yes,Mailed check,82.23,2344.69,No
CUST-104993,Female,1,Yes,No,47,Yes,No,No,No internet service,No internet service,No internet service,No internet service,No internet service,No internet service,Two year,No,Electronic check,33.76,1598.07,No
CUST-104994,Female,0,Yes,No,50,Yes,Yes,Fiber optic,No,Yes,No,No,No,No,Month-to-month,Yes,Electronic check,95.59,4906.62,Yes
CUST-104995,Male,0,No,No,53,Yes,Yes,Fiber optic,Yes,No,No,No,No,Yes,Month-to-month,No,Mailed check,103.48,5675.49,No
CUST-104996,Female,0,No,No,66,Yes,Yes,No,No internet service,No internet service,No internet service,No internet service,No internet service,No internet service,Month-to-month,No,Credit card (automatic),39.98,2643.69,No
CUST-104997,Female,1,Yes,No,6,Yes,Yes,Fiber optic,No,No,No,Yes,No,Yes,Month-to-month,No,Mailed check,100.8,582.25,No
CUST-104998,Female,0,Yes,No,14,Yes,No,Fiber optic,No,No,No,Yes,No,Yes,Month-to-month,Yes,Mailed check,100.73,1438.12,Yes
CUST-104999,Male,0,Yes,No,67,No,No phone service,DSL,No,No,Yes,No,No,No,Two year,No,Bank transfer (automatic),46.54,3081.43,No
CUST-105000,Male,0,No,No,39,Yes,Yes,DSL,No,Yes,Yes,Yes,No,No,Month-to-month,Yes,Electronic check,79.83,3069.98,No
CUST-105001,Male,0,No,Yes,38,No,No phone service,Fiber optic,No,No,Yes,Yes,No,No,Month-to-month,Yes,Bank transfer (automatic),80.55,2932.99,Yes
CUST-105002,Female,0,Yes,Yes,29,Yes,No,DSL,No,No,No,No,No,No,One year,Yes,Electronic check,67.36,2014.25,No
CUST-105003,Female,0,No,No,26,Yes,No,DSL,No,Yes,No,No,No,Yes,Month-to-month,Yes,Credit card (automatic),78.24,1959.57,Yes
CUST-105004,Female,0,Yes,No,17,Yes,Yes,Fiber optic,No,Yes,Yes,No,Yes,No,Two year,No,Credit card (automatic),111.88,1925.94,Yes
CUST-105005,Female,0,No,No,29,Yes,No,Fiber optic,Yes,No,No,Yes,No,Yes,Month-to-month,No,Electronic check,98.84,2756.88,Yes
CUST-105006,Male,0,No,No,5,Yes,No,DSL,No,Yes,Yes,Yes,No,Yes,Two year,Yes,Electronic check,91.53,439.11,No
CUST-105007,Female,0,No,No,21,Yes,Yes,Fiber optic,No,Yes,Yes,Yes,Yes,No,Month-to-month,Yes,Bank transfer (automatic),115.42,2313.41,No
CUST-105008,Female,1,Yes,No,72,Yes,No,DSL,No,No,Yes,Yes,No,Yes,Month-to-month,No,Bank transfer (automatic),79.77,5834.3,No
CUST-105009,Male,1,Yes,No,11,Yes,Yes,DSL,Yes,No,No,Yes,No,Yes,Month-to-month,Yes,Bank transfer (automatic),80.6,928.05,No
CUST-105010,Female,0,Yes,No,53,Yes,Yes,DSL,No,Yes,Yes,No,No,No,Two year,Yes,Mailed check,75.42,3963.01,No
CUST-105011,Male,0,No,No,2,No,No phone service,Fiber optic,Yes,No,No,No,No,No,Month-to-month,Yes,Electronic check,80.18,165.44,Yes
CUST-105012,Female,0,No,No,53,Yes,Yes,Fiber optic,No,Yes,No,Yes,No,No,Month-to-month,No,Bank transfer (automatic),102.95,5612.4,No
CUST-105013,Female,1,Yes,No,19,Yes,No,No,No internet service,No internet service,No internet service,No internet service,No internet service,No internet service,Month-to-month,Yes,Electronic check,40.03,752.81,Yes
CUST-105014,Female,0,Yes,No,51,Yes,No,Fiber optic,No,No,No,No,Yes,No,Month-to-month,No,Mailed check,97.62,4893.46,Yes
CUST-105015,Female,0,Yes,Yes,36,Yes,No,No,No internet service,No internet service,No internet service,No internet service,No internet service,No internet service,Two year,No,Mailed check,38.52,1426.96,No
CUST-105016,Male,1,No,No,56,Yes,No,DSL,Yes,No,No,No,No,Yes,Two year,Yes,Electronic check,73.37,4310.0,No
CUST-105017,Female,0,No,No,48,Yes,No,Fiber optic,No,Yes,No,No,No,No,One year,Yes,Credit card (automatic),97.56,4795.67,No
CUST-105018,Female,0,Yes,Yes,40,No,No phone service,Fiber optic,No,Yes,No,No,No,Yes,Month-to-month,Yes,Mailed check,80.05,3331.14,No
CUST-105019,Female,0,No,No,53,No,No phone service,Fiber optic,Yes,No,No,No,Yes,No,One year,Yes,Mailed check,79.23,4202.48,No
CUST-105020,Female,0,Yes,Yes,70,No,No phone service,No,No internet service,No internet service,No internet service,No internet service,No internet service,No internet service,One year,Yes,Credit card (automatic),21.78,1561.7,No
CUST-105021,Male,0,No,No,43,Yes,Yes,Fiber optic,No,No,Yes,No,No,Yes,Month-to-month,No,Mailed check,100.37,4525.51,Yes
CUST-105022,Female,1,Yes,No,12,Yes,No,DSL,No,Yes,No,Yes,Yes,No,Month-to-month,Yes,Credit card (automatic),88.52,1067.87,Yes
CUST-105023,Male,0,Yes,Yes,8,No,No phone service,Fiber optic,No,No,Yes,No,No,No,One year,Yes,Credit card (automatic),79.43,621.88,Yes
CUST-105024,Female,0,No,No,39,Yes,Yes,DSL,No,Yes,No,No,No,Yes,Two year,Yes,Bank transfer (automatic),81.98,3269.64,No
CUST-105025,Male,0,No,No,31,Yes,Yes,DSL,No,Yes,Yes,Yes,Yes,No,Month-to-month,Yes,Electronic check,92.28,2877.83,No
CUST-105026,Male,0,Yes,No,44,Yes,No,Fiber optic,No,No,No,No,No,Yes,Two year,No,Electronic check,102.33,4347.86,No
CUST-105027,Male,0,No,No,48,Yes,Yes,DSL,No,No,No,Yes,No,No,One year,Yes,Mailed check,66.03,3299.88,No
CUST-105028,Female,0,No,Yes,13,Yes,Yes,Fiber optic,No,No,No,Yes,No,Yes,Two year,Yes,Electronic check,113.07,1463.76,No
CUST-105029,Male,0,Yes,Yes,54,Yes,Yes,Fiber optic,No,No,No,Yes,Yes,No,Two year,No,Electronic check,99.12,5122.75,No
CUST-105030,Male,0,No,No,72,Yes,Yes,No,No internet service,No internet service,No internet service,No internet service,No internet service,No internet service,Month-to-month,Yes,Electronic check,37.96,2744.54,No
CUST-105031,Female,0,No,No,23,Yes,Yes,Fiber optic,No,No,Yes,Yes,No,No,Month-to-month,Yes,Electronic check,92.77,2121.64,Yes
CUST-105032,Male,0,Yes,No,67,Yes,No,Fiber optic,No,No,No,No,No,Yes,One year,No,Mailed check,98.11,6773.06,No
CUST-105033,Male,1,No,Yes,67,Yes,Yes,Fiber optic,Yes,No,No,No,Yes,No,Two year,No,Electronic check,106.42,7108.54,No
CUST-105034,Male,0,No,No,30,Yes,No,Fiber optic,Yes,Yes,No,No,No,No,Month-to-month,No,Electronic check,102.46,2937.02,Yes
CUST-105035,Male,0,Yes,No,58,Yes,No,DSL,Yes,No,Yes,Yes,No,Yes,One year,Yes,Bank transfer (automatic),93.3,5412.56,No
CUST-105036,Female,0,No,No,68,Yes,Yes,Fiber optic,Yes,No,No,No,Yes,Yes,Two year,Yes,Credit card (automatic),113.73,7482.99,Yes
CUST-105037,Female,1,Yes,Yes,62,No,No phone service,DSL,No,Yes,Yes,No,No,Yes,Month-to-month,Yes,Bank transfer (automatic),63.35,3898.99,No
CUST-105038,Female,0,No,No,28,Yes,No,Fiber optic,Yes,No,Yes,No,No,Yes,Month-to-month,Yes,Credit card (automatic),108.15,3122.94,No
CUST-105039,Male,0,No,No,48,Yes,No,No,No internet service,No internet service,No internet service,No internet service,No internet service,No internet service,Month-to-month,No,Electronic check,45.12,2092.6,No
CUST-105040,Male,0,Yes,Yes,43,Yes,Yes,Fiber optic,No,No,No,No,Yes,No,Month-to-month,Yes,Bank transfer (automatic),96.03,3988.22,No
CUST-105041,Male,0,No,No,30,Yes,No,Fiber optic,Yes,No,No,No,Yes,No,One year,Yes,Mailed check,94.71,2880.55,No
CUST-105042,Male,0,Yes,No,46,Yes,No,DSL,No,No,Yes,No,No,No,Month-to-month,Yes,Mailed check,67.95,3107.65,No
CUST-105043,Female,1,No,Yes,68,Yes,Yes,Fiber optic,No,No,Yes,No,No,No,One year,Yes,Bank transfer (automatic),96.89,6262.41,Yes
CUST-105044,Female,0,No,Yes,1,Yes,No,No,No internet service,No internet service,No internet service,No internet service,No internet service,No internet service,Month-to-month,Yes,Bank transfer (automatic),41.91,41.65,No
CUST-105045,Male,0,Yes,No,65,Yes,No,Fiber optic,No,Yes,No,Yes,No,No,Two year,Yes,Electronic check,103.21,7008.1,Yes
CUST-105046,Female,0,No,Yes,26,Yes,Yes,No,No internet service,No internet service,No internet service,No internet service,No internet service,No internet service,Month-to-month,No,Mailed check,42.29,1096.92,No
CUST-105047,Female,0,Yes,Yes,60,Yes,No,Fiber optic,No,Yes,Yes,No,No,No,One year,Yes,Bank transfer (automatic),96.18,5546.8,No
CUST-105048,Male,0,No,No,7,Yes,No,DSL,Yes,No,No,No,No,Yes,Month-to-month,Yes,Mailed check,75.14,536.2,Yes
CUST-105049,Female,0,No,No,65,Yes,No,No,No internet service,No internet service,No internet service,No internet service,No internet service,No internet service,One year,No,Mailed check,39.12,2534.56,No
CUST-105050,Male,0,No,No,32,Yes,No,Fiber optic,Yes,No,No,No,No,Yes,Month-to-month,Yes,Electronic check,98.56,3238.93,Yes
CUST-105051,Male,0,Yes,No,66,Yes,Yes,Fiber optic,No,Yes,No,No,Yes,Yes,Month-to-month,Yes,Electronic check,113.11,7238.48,Yes
CUST-105052,Female,0,No,No,31,Yes,No,No,No internet service,No internet service,No internet service,No internet service,No internet service,No internet service,Month-to-month,Yes,Mailed check,37.5,1215.74,No
CUST-105053,Female,0,No,No,54,Yes,No,No,No internet service,No internet service,No internet service,No internet service,No internet service,No internet service,Month-to-month,No,Mailed check,34.2,1754.82,No
CUST-105054,Male,0,No,Yes,43,Yes,Yes,No,No internet service,No internet service,No internet service,No internet service,No internet service,No internet service,One year,Yes,Electronic check,41.86,1868.52,No
CUST-105055,Female,0,No,No,14,No,No phone service,Fiber optic,No,Yes,Yes,Yes,Yes,No,Month-to-month,Yes,Credit card (automatic),100.31,1342.85,Yes
CUST-105056,Female,0,No,No,18,Yes,Yes,Fiber optic,No,No,No,Yes,Yes,No,Two year,No,Bank transfer (automatic),106.78,1885.14,Yes
CUST-105057,Female,0,Yes,No,39,Yes,No,Fiber optic,Yes,No,No,No,No,Yes,Month-to-month,Yes,Electronic check,107.92,4145.59,Yes
CUST-105058,Male,0,Yes,No,35,Yes,Yes,Fiber optic,No,Yes,No,No,Yes,Yes,Month-to-month,No,Electronic check,102.77,3725.84,Yes
CUST-105059,Female,1,No,No,44,Yes,Yes,DSL,Yes,Yes,No,No,No,No,Two year,Yes,Credit card (automatic),85.27,3815.02,Yes
CUST-105060,Female,0,Yes,No,58,Yes,No,No,No internet service,No internet service,No internet service,No internet service,No internet service,No internet service,Month-to-month,Yes,Credit card (automatic),40.25,2239.44,No
CUST-105061,Female,0,No,No,56,Yes,No,DSL,No,No,No,No,Yes,Yes,Two year,No,Credit card (automatic),75.23,4009.67,No
CUST-105062,Female,1,No,No,4,Yes,No,No,No internet service,No internet service,No internet service,No internet service,No internet service,No internet service,Month-to-month,No,Bank transfer (automatic),42.47,163.53,Yes
CUST-105063,Female,0,No,Yes,36,Yes,No,DSL,No,No,Yes,No,Yes,Yes,One year,Yes,Credit card (automatic),81.43,2959.74,Yes
CUST-105064,Female,0,No,No,10,Yes,No,DSL,No,Yes,No,No,No,Yes,Two year,No,Electronic check,79.26,778.1,Yes
CUST-105065,Female,0,No,Yes,37,Yes,No,DSL,No,No,No,Yes,Yes,Yes,Month-to-month,Yes,Electronic check,87.92,3411.6,No
CUST-105066,Female,1,No,No,39,Yes,No,Fiber optic,Yes,Yes,Yes,Yes,No,No,One year,Yes,Electronic check,114.2,4585.43,No
CUST-105067,Male,0,No,Yes,72,Yes,No,DSL,No,Yes,No,Yes,No,No,Month-to-month,Yes,Mailed check,76.83,5326.73,No
CUST-105068,Male,0,Yes,No,28,Yes,Yes,DSL,No,Yes,No,Yes,Yes,Yes,One year,Yes,Electronic check,79.92,2130.36,No
CUST-105069,Female,0,Yes,No,33,Yes,Yes,Fiber optic,No,No,No,No,No,No,Month-to-month,Yes,Mailed check,84.95,2767.71,No
CUST-105070,Female,0,Yes,No,37,Yes,No,Fiber optic,Yes,No,No,Yes,Yes,No,Month-to-month,No,Electronic check,113.88,4296.12,No
CUST-105071,Female,1,No,No,9,Yes,No,DSL,Yes,Yes,No,Yes,Yes,No,Month-to-month,Yes,Mailed check,83.28,745.96,Yes
CUST-105072,Male,0,Yes,Yes,4,Yes,No,DSL,Yes,Yes,Yes,No,No,Yes,One year,No,Credit card (automatic),81.29,309.71,No
CUST-105073,Female,0,No,No,51,Yes,Yes,DSL,No,No,No,No,No,No,Two year,Yes,Bank transfer (automatic),62.22,3081.26,No
CUST-105074,Male,1,No,No,21,Yes,No,No,No internet service,No internet service,No internet service,No internet service,No internet service,No internet service,Two year,Yes,Mailed check,43.53,894.29,No
CUST-105075,Male,0,Yes,No,26,Yes,No,No,No internet service,No internet service,No internet service,No internet service,No internet service,No internet service,One year,No,Electronic check,38.83,1035.44,No
CUST-105076,Male,0,No,No,72,Yes,No,Fiber optic,Yes,No,No,No,No,No,Two year,Yes,Electronic check,94.61,6577.48,No
CUST-105077,Male,0,Yes,No,18,Yes,No,DSL,No,No,No,No,No,Yes,Two year,Yes,Mailed check,68.02,1200.48,No
CUST-105078,Female,0,No,Yes,66,Yes,No,DSL,No,No,No,Yes,Yes,No,Month-to-month,Yes,Electronic check,80.28,5324.45,No
CUST-105079,Female,0,Yes,No,45,No,No phone service,Fiber optic,Yes,Yes,No,Yes,No,No,Month-to-month,Yes,Bank transfer (automatic),93.18,4226.56,No
CUST-105080,Male,0,Yes,Yes,19,Yes,No,DSL,Yes,No,No,Yes,No,No,One year,Yes,Credit card (automatic),80.88,1475.68,No
CUST-105081,Female,0,Yes,No,69,Yes,No,Fiber optic,Yes,No,No,No,Yes,No,Month-to-month,Yes,Electronic check,97.44,6411.88,Yes
CUST-105082,Male,0,No,No,45,Yes,Yes,DSL,No,No,Yes,No,No,No,Two year,Yes,Electronic check,76.12,3499.98,No
CUST-105083,Male,0,Yes,No,22,Yes,No,Fiber optic,No,No,No,No,No,No,Month-to-month,Yes,Electronic check,85.03,1850.73,No
CUST-105084,Female,1,No,Yes,32,Yes,No,Fiber optic,No,No,Yes,No,Yes,Yes,Month-to-month,Yes,Credit card (automatic),110.55,3361.76,No
CUST-105085,Male,0,No,No,27,Yes,No,DSL,No,No,Yes,No,No,No,Two year,Yes,Electronic check,75.89,2123.79,Yes
CUST-105086,Female,0,Yes,No,61,Yes,No,DSL,Yes,No,No,No,No,Yes,Month-to-month,No,Bank transfer (automatic),76.82,4463.47,No
CUST-105087,Male,0,Yes,No,33,Yes,No,Fiber optic,Yes,Yes,No,No,No,No,Two year,No,Mailed check,103.55,3368.25,No
CUST-105088,Male,0,Yes,No,2,Yes,No,Fiber optic,No,Yes,No,No,No,No,Two year,Yes,Mailed check,94.41,196.92,Yes
CUST-105089,Female,0,No,No,50,Yes,No,Fiber optic,No,Yes,Yes,No,No,No,One year,Yes,Bank transfer (automatic),105.66,5198.78,No
CUST-105090,Female,0,No,Yes,55,Yes,No,DSL,No,No,No,No,Yes,No,One year,Yes,Electronic check,64.96,3623.86,No
CUST-105091,Male,0,Yes,No,28,Yes,Yes,Fiber optic,No,No,No,No,Yes,No,Month-to-month,Yes,Credit card (automatic),93.51,2747.45,Yes
CUST-105092,Male,1,No,Yes,67,Yes,No,DSL,No,No,No,No,Yes,No,Month-to-month,No,Electronic check,71.35,4593.48,No
CUST-105093,Female,0,No,No,31,Yes,No,Fiber optic,Yes,Yes,No,Yes,Yes,Yes,Two year,Yes,Bank transfer (automatic),124.49,3818.29,Yes
CUST-105094,Male,0,No,No,19,Yes,No,No,No internet service,No internet service,No internet service,No internet service,No internet service,No internet service,Month-to-month,No,Credit card (automatic),38.0,712.69,No
CUST-105095,Male,0,Yes,Yes,51,Yes,Yes,DSL,No,No,No,Yes,No,No,Month-to-month,No,Electronic check,71.3,3489.07,Yes
CUST-105096,Female,0,Yes,Yes,9,Yes,No,No,No internet service,No internet service,No internet service,No internet service,No internet service,No internet service,Month-to-month,No,Mailed check,33.69,298.32,No
CUST-105097,Male,0,Yes,No,71,Yes,Yes,No,No internet service,No internet service,No internet service,No internet service,No internet service,No internet service,One year,Yes,Bank transfer (automatic),46.42,3253.39,No
CUST-105098,Female,0,No,No,49,Yes,Yes,No,No internet service,No internet service,No internet service,No internet service,No internet service,No internet service,One year,Yes,Electronic check,37.94,1945.23,No
CUST-105099,Male,0,No,No,23,Yes,Yes,DSL,No,No,No,No,Yes,Yes,Month-to-month,No,Mailed check,69.81,1539.39,Yes
CUST-105100,Female,0,Yes,No,5,Yes,Yes,No,No internet service,No internet service,No internet service,No internet service,No internet service,No internet service,Month-to-month,No,Electronic check,45.65,236.44,No
CUST-105101,Female,0,Yes,No,42,Yes,Yes,DSL,No,No,No,No,Yes,No,Two year,Yes,Bank transfer (automatic),71.83,2994.05,No
CUST-105102,Male,0,No,No,42,Yes,No,Fiber optic,No,No,Yes,No,No,Yes,Month-to-month,Yes,Mailed check,106.59,4255.63,Yes
CUST-105103,Male,1,Yes,No,57,No,No phone service,Fiber optic,Yes,No,No,No,No,Yes,Month-to-month,Yes,Mailed check,83.62,4693.31,No
CUST-105104,Male,0,No,Yes,20,Yes,No,DSL,No,No,Yes,No,No,Yes,Month-to-month,Yes,Bank transfer (automatic),77.12,1492.47,Yes
CUST-105105,Female,0,Yes,No,15,Yes,No,Fiber optic,No,Yes,No,No,No,No,One year,Yes,Bank transfer (automatic),83.52,1235.87,No
CUST-105106,Female,0,Yes,Yes,30,Yes,No,No,No internet service,No internet service,No internet service,No internet service,No internet service,No internet service,Month-to-month,Yes,Electronic check,38.58,1189.43,No
CUST-105107,Female,0,No,No,59,Yes,No,DSL,No,No,Yes,Yes,No,Yes,Month-to-month,No,Electronic check,83.56,5121.42,No
CUST-105108,Male,0,Yes,No,66,No,No phone service,Fiber optic,Yes,No,No,No,No,No,Month-to-month,No,Electronic check,78.53,5001.2,No
CUST-105109,Male,0,No,Yes,25,Yes,No,No,No internet service,No internet service,No internet service,No internet service,No internet service,No internet service,Month-to-month,No,Credit card (automatic),38.98,1007.13,No
CUST-105110,Female,0,Yes,No,3,Yes,Yes,DSL,Yes,Yes,No,No,No,No,Two year,No,Mailed check,77.25,235.34,No
CUST-105111,Female,0,Yes,Yes,8,Yes,No,No,No internet service,No internet service,No internet service,No internet service,No internet service,No internet service,Two year,No,Electronic check,32.9,250.25,No
CUST-105112,Female,0,No,No,39,Yes,Yes,No,No internet service,No internet service,No internet service,No internet service,No internet service,No internet service,One year,Yes,Mailed check,39.46,1533.58,No
CUST-105113,Male,0,Yes,No,1,Yes,Yes,DSL,Yes,No,No,No,No,Yes,Month-to-month,No,Mailed check,69.64,71.7,Yes
CUST-105114,Male,0,No,No,52,Yes,Yes,Fiber optic,No,Yes,No,No,Yes,No,Month-to-month,Yes,Mailed check,103.43,5455.1,No
CUST-105115,Male,0,No,No,2,Yes,No,DSL,Yes,No,No,Yes,No,No,One year,No,Mailed check,76.78,147.16,Yes
CUST-105116,Male,0,No,No,30,Yes,No,No,No internet service,No internet service,No internet service,No internet service,No internet service,No internet service,Month-to-month,Yes,Electronic check,41.9,1282.04,No
CUST-105117,Male,0,Yes,No,58,Yes,No,DSL,No,Yes,No,No,Yes,No,One year,No,Electronic check,70.51,3980.57,No
CUST-105118,Female,0,Yes,Yes,34,No,No phone service,Fiber optic,No,Yes,No,No,No,Yes,Month-to-month,Yes,Credit card (automatic),83.54,2953.82,No
CUST-105119,Male,0,Yes,No,49,Yes,Yes,Fiber optic,Yes,Yes,No,No,No,No,One year,Yes,Bank transfer (automatic),105.44,5335.15,No
CUST-105120,Female,1,No,No,24,Yes,Yes,Fiber optic,Yes,No,No,Yes,No,No,Month-to-month,Yes,Bank transfer (automatic),98.91,2306.4,Yes
CUST-105121,Female,0,Yes,Yes,57,Yes,No,Fiber optic,No,No,No,No,No,No,Month-to-month,Yes,Electronic check,96.18,5731.61,Yes
CUST-105122,Female,0,Yes,Yes,31,Yes,Yes,DSL,No,Yes,Yes,Yes,No,No,Month-to-month,No,Credit card (automatic),77.97,2477.83,No
CUST-105123,Female,0,No,Yes,54,Yes,No,Fiber optic,Yes,Yes,Yes,Yes,No,No,Month-to-month,Yes,Electronic check,118.16,6458.6,No
CUST-105124,Male,0,Yes,Yes,69,Yes,Yes,Fiber optic,Yes,No,No,No,No,No,Month-to-month,Yes,Bank transfer (automatic),95.76,6816.61,No
CUST-105125,Female,0,No,Yes,27,Yes,Yes,Fiber optic,No,No,No,No,No,Yes,Month-to-month,No,Bank transfer (automatic),102.11,2631.36,No
CUST-105126,Male,0,Yes,No,16,Yes,No,Fiber optic,No,No,No,No,Yes,Yes,Two year,Yes,Electronic check,103.27,1582.45,No
CUST-105127,Female,1,No,No,68,Yes,No,DSL,No,No,Yes,Yes,Yes,Yes,Month-to-month,No,Electronic check,84.04,5840.14,No
CUST-105128,Female,0,No,No,49,Yes,Yes,DSL,No,No,Yes,No,No,No,Month-to-month,Yes,Bank transfer (automatic),67.92,3202.13,No
CUST-105129,Female,1,Yes,Yes,64,Yes,No,DSL,No,Yes,No,No,No,No,Month-to-month,Yes,Mailed check,68.86,4488.98,No
CUST-105130,Male,0,No,No,27,Yes,Yes,DSL,No,No,No,No,Yes,No,Month-to-month,Yes,Credit card (automatic),65.75,1772.05,No
CUST-105131,Male,0,No,No,25,Yes,No,DSL,No,No,No,Yes,No,Yes,Two year,No,Bank transfer (automatic),86.26,2083.86,No
CUST-105132,Male,0,Yes,Yes,9,Yes,No,DSL,Yes,No,No,No,No,No,Month-to-month,No,Credit card (automatic),71.45,611.55,No
CUST-105133,Male,0,No,No,56,No,No phone service,Fiber optic,No,Yes,Yes,Yes,Yes,No,Two year,No,Bank transfer (automatic),89.9,4935.03,No
CUST-105134,Female,0,No,No,61,Yes,No,Fiber optic,No,No,No,No,Yes,Yes,One year,Yes,Mailed check,105.85,6185.12,No
CUST-105135,Male,0,No,Yes,59,Yes,Yes,Fiber optic,Yes,No,No,No,No,No,Month-to-month,Yes,Credit card (automatic),100.19,5875.21,No
CUST-105136,Male,0,No,No,21,Yes,No,No,No internet service,No internet service,No internet service,No internet service,No internet service,No internet service,Month-to-month,Yes,Credit card (automatic),42.27,892.39,Yes
CUST-105137,Female,0,Yes,No,35,Yes,Yes,Fiber optic,No,No,No,No,No,No,Month-to-month,Yes,Electronic check,92.56,3370.96,No
CUST-105138,Male,0,Yes,No,36,Yes,Yes,Fiber optic,Yes,Yes,No,Yes,Yes,No,Month-to-month,Yes,Bank transfer (automatic),102.29,3857.56,Yes
CUST-105139,Female,0,Yes,No,8,Yes,Yes,DSL,No,No,No,Yes,Yes,No,Month-to-month,No,Electronic check,78.38,604.98,No
CUST-105140,Male,0,Yes,No,0,Yes,No,Fiber optic,Yes,No,No,No,Yes,Yes,One year,No,Credit card (automatic),105.32,0.0,No
CUST-105141,Male,1,Yes,No,24,Yes,No,Fiber optic,No,No,Yes,No,No,No,One year,Yes,Bank transfer (automatic),94.92,2193.22,No
CUST-105142,Female,0,Yes,No,37,No,No phone service,DSL,No,Yes,No,No,No,No,Month-to-month,No,Mailed check,51.76,2004.38,Yes
CUST-105143,Female,0,Yes,No,72,Yes,No,DSL,No,No,No,No,Yes,Yes,One year,Yes,Credit card (automatic),65.39,4590.55,No
CUST-105144,Female,0,No,No,63,Yes,No,DSL,No,No,No,No,No,Yes,Two year,Yes,Electronic check,69.2,4311.47,Yes
CUST-105145,Female,0,Yes,No,52,No,No phone service,Fiber optic,No,No,No,Yes,No,No,Month-to-month,Yes,Mailed check,80.49,4062.58,No
CUST-105146,Male,0,No,No,70,Yes,No,DSL,Yes,No,Yes,No,Yes,Yes,Month-to-month,Yes,Mailed check,90.01,6320.52,No
CUST-105147,Female,0,No,Yes,56,Yes,No,Fiber optic,No,Yes,No,Yes,Yes,No,Month-to-month,No,Electronic check,104.93,5746.42,No
CUST-105148,Male,0,No,Yes,38,Yes,No,DSL,No,Yes,No,Yes,No,Yes,Month-to-month,Yes,Electronic check,74.77,2933.11,No
CUST-105149,Female,0,Yes,Yes,66,Yes,No,No,No internet service,No internet service,No internet service,No internet service,No internet service,No internet service,Month-to-month,Yes,Bank transfer (automatic),41.26,2717.71,No
CUST-105150,Male,0,No,No,67,Yes,No,DSL,No,Yes,No,No,No,No,Month-to-month,Yes,Electronic check,73.58,4910.53,Yes
CUST-105151,Female,1,No,No,14,Yes,Yes,Fiber optic,No,Yes,No,No,Yes,No,One year,No,Credit card (automatic),98.85,1333.51,Yes
CUST-105152,Male,1,No,No,20,No,No phone service,No,No internet service,No internet service,No internet service,No internet service,No internet service,No internet service,Month-to-month,Yes,Electronic check,20.16,413.97,No
CUST-105153,Female,0,Yes,No,70,Yes,No,DSL,Yes,No,Yes,Yes,No,No,One year,No,Electronic check,80.28,5841.81,Yes
CUST-105154,Female,0,Yes,No,0,Yes,Yes,No,No internet service,No internet service,No internet service,No internet service,No internet service,No internet service,Month-to-month,Yes,Electronic check,41.01,0.0,No
CUST-105155,Female,0,No,No,37,Yes,No,DSL,No,No,No,Yes,No,No,Month-to-month,No,Mailed check,68.01,2592.32,Yes
CUST-105156,Female,0,Yes,Yes,27,Yes,Yes,Fiber optic,No,No,Yes,Yes,No,No,Month-to-month,Yes,Bank transfer (automatic),101.7,2656.42,No
CUST-105157,Male,0,No,No,54,Yes,No,No,No internet service,No internet service,No internet service,No internet service,No internet service,No internet service,Month-to-month,Yes,Credit card (automatic),36.23,1961.76,No
CUST-105158,Male,0,No,No,69,Yes,No,DSL,Yes,No,No,No,Yes,No,Month-to-month,Yes,Electronic check,79.77,5576.05,Yes
CUST-105159,Female,0,No,No,23,Yes,No,DSL,Yes,No,Yes,Yes,Yes,No,Month-to-month,No,Electronic check,95.0,2211.36,No
CUST-105160,Male,0,No,No,16,Yes,Yes,DSL,No,No,No,No,No,No,One year,No,Electronic check,65.65,1014.06,Yes
CUST-105161,Male,0,No,No,24,Yes,No,DSL,Yes,No,No,Yes,No,No,Month-to-month,No,Bank transfer (automatic),78.35,1903.43,No
CUST-105162,Male,1,No,No,52,No,No phone service,Fiber optic,No,Yes,No,No,Yes,No,Month-to-month,Yes,Electronic check,79.61,4233.26,No
CUST-105163,Female,1,No,No,26,Yes,No,Fiber optic,No,No,Yes,No,Yes,No,Month-to-month,No,Electronic check,95.49,2559.24,Yes
CUST-105164,Male,0,Yes,Yes,46,Yes,No,DSL,Yes,No,No,No,No,No,Month-to-month,Yes,Bank transfer (automatic),78.36,3668.42,No
CUST-105165,Male,0,No,No,25,Yes,Yes,Fiber optic,No,No,No,No,No,No,Month-to-month,Yes,Credit card (automatic),86.64,2085.33,Yes
CUST-105166,Female,0,No,No,54,Yes,Yes,Fiber optic,No,No,No,No,No,Yes,Month-to-month,Yes,Electronic check,101.56,5307.89,Yes
CUST-105167,Male,0,No,No,4,Yes,No,No,No internet service,No internet service,No internet service,No internet service,No internet service,No internet service,Month-to-month,No,Bank transfer (automatic),42.91,165.93,No
CUST-105168,Male,0,Yes,No,25,No,No phone service,No,No internet service,No internet service,No internet service,No internet service,No internet service,No internet service,Month-to-month,No,Bank transfer (automatic),26.75,701.26,No
CUST-105169,Male,1,Yes,No,22,Yes,No,No,No internet service,No internet service,No internet service,No internet service,No internet service,No internet service,Two year,Yes,Electronic check,42.15,915.87,No
CUST-105170,Female,0,No,No,43,Yes,Yes,DSL,Yes,Yes,No,No,No,Yes,Two year,Yes,Bank transfer (automatic),92.6,4088.83,No
CUST-105171,Male,0,Yes,No,47,Yes,Yes,DSL,Yes,No,Yes,Yes,Yes,No,Month-to-month,Yes,Electronic check,88.78,4197.35,Yes
CUST-105172,Female,1,No,Yes,53,Yes,No,Fiber optic,No,No,No,No,No,Yes,Month-to-month,Yes,Mailed check,93.24,4848.7,Yes
CUST-105173,Male,0,No,No,65,Yes,No,DSL,No,No,No,No,No,No,Two year,Yes,Mailed check,57.06,3526.26,No
CUST-105174,Male,0,Yes,Yes,58,No,No phone service,DSL,No,No,No,No,No,Yes,Month-to-month,Yes,Bank transfer (automatic),48.4,2921.66,No
CUST-105175,Male,0,Yes,No,3,Yes,No,No,No internet service,No internet service,No internet service,No internet service,No internet service,No internet service,Month-to-month,Yes,Mailed check,44.77,138.16,No
CUST-105176,Male,0,No,No,49,Yes,No,Fiber optic,No,No,Yes,No,No,Yes,One year,No,Bank transfer (automatic),112.03,5726.65,Yes
CUST-105177,Male,0,Yes,No,1,Yes,No,Fiber optic,No,Yes,No,Yes,No,No,Month-to-month,Yes,Electronic check,102.32,101.94,Yes
CUST-105178,Male,0,No,No,30,Yes,Yes,Fiber optic,No,No,Yes,No,No,Yes,Month-to-month,No,Mailed check,94.35,2863.01,Yes
CUST-105179,Male,0,No,No,43,Yes,No,DSL,No,No,No,No,Yes,Yes,Month-to-month,No,Credit card (automatic),78.52,3470.94,Yes
CUST-105180,Female,0,No,No,23,Yes,No,DSL,Yes,No,No,No,Yes,Yes,Month-to-month,Yes,Mailed check,72.27,1711.82,No
CUST-105181,Female,0,Yes,No,51,No,No phone service,No,No internet service,No internet service,No internet service,No internet service,No internet service,No internet service,Month-to-month,Yes,Bank transfer (automatic),22.32,1140.69,No
CUST-105182,Female,0,Yes,No,58,Yes,No,DSL,No,Yes,No,No,No,Yes,Month-to-month,No,Bank transfer (automatic),74.23,4120.9,No
CUST-105183,Female,1,No,Yes,44,Yes,No,Fiber optic,No,Yes,No,No,No,No,One year,Yes,Credit card (automatic),98.54,4189.77,No
CUST-105184,Female,0,Yes,No,38,Yes,No,DSL,No,Yes,No,Yes,No,Yes,Month-to-month,Yes,Bank transfer (automatic),77.24,3056.57,Yes
CUST-105185,Female,0,Yes,No,71,Yes,No,DSL,No,No,No,No,Yes,Yes,Month-to-month,Yes,Bank transfer (automatic),80.18,5452.79,Yes
CUST-105186,Female,0,No,No,47,Yes,No,DSL,Yes,No,No,No,Yes,Yes,Month-to-month,No,Credit card (automatic),76.88,3436.24,No
CUST-105187,Male,0,Yes,No,16,Yes,Yes,DSL,Yes,Yes,Yes,Yes,No,Yes,Two year,Yes,Credit card (automatic),102.38,1678.93,No
CUST-105188,Female,0,Yes,Yes,47,Yes,Yes,Fiber optic,Yes,Yes,No,No,Yes,No,Month-to-month,Yes,Credit card (automatic),112.1,5006.07,No
CUST-105189,Male,0,No,No,35,Yes,No,DSL,Yes,Yes,Yes,Yes,No,No,Month-to-month,No,Electronic check,99.93,3388.37,No
CUST-105190,Female,0,Yes,No,1,Yes,Yes,Fiber optic,No,No,No,No,Yes,No,One year,Yes,Bank transfer (automatic),93.94,91.24,Yes
CUST-105191,Female,0,Yes,No,66,Yes,No,Fiber optic,No,No,Yes,No,Yes,Yes,Month-to-month,No,Electronic check,105.22,7082.72,No
CUST-105192,Male,0,Yes,No,58,Yes,No,Fiber optic,Yes,No,Yes,No,Yes,Yes,Month-to-month,Yes,Mailed check,114.8,6359.32,Yes
CUST-105193,Male,0,No,Yes,45,No,No phone service,DSL,Yes,No,No,Yes,No,No,Month-to-month,No,Bank transfer (automatic),57.27,2481.12,Yes
CUST-105194,Male,0,No,No,49,Yes,No,DSL,No,No,Yes,No,Yes,Yes,Two year,Yes,Electronic check,86.12,4087.48,Yes
CUST-105195,Male,0,No,No,42,Yes,No,DSL,No,No,No,No,No,No,One year,Yes,Bank transfer (automatic),68.59,2920.26,No
CUST-105196,Female,0,No,No,25,Yes,Yes,DSL,No,No,Yes,Yes,No,No,Month-to-month,Yes,Electronic check,83.92,2040.04,No
CUST-105197,Female,0,Yes,Yes,68,Yes,Yes,Fiber optic,Yes,No,No,Yes,No,Yes,Two year,Yes,Credit card (automatic),108.19,7613.92,No
CUST-105198,Female,0,No,Yes,40,Yes,No,Fiber optic,No,No,Yes,No,No,Yes,One year,Yes,Mailed check,104.66,4139.03,No
CUST-105199,Female,0,Yes,No,24,Yes,No,DSL,No,No,Yes,Yes,No,Yes,Month-to-month,Yes,Electronic check,92.67,2219.86,No
CUST-105200,Male,0,No,No,49,Yes,No,DSL,No,Yes,No,No,No,Yes,Month-to-month,Yes,Bank transfer (automatic),84.99,4112.9,No
CUST-105201,Male,0,No,No,11,Yes,Yes,Fiber optic,No,No,No,Yes,Yes,Yes,Month-to-month,Yes,Bank transfer (automatic),109.96,1197.66,Yes
CUST-105202,Female,0,Yes,Yes,23,Yes,Yes,DSL,Yes,No,Yes,No,Yes,No,Month-to-month,Yes,Bank transfer (automatic),86.42,1978.44,No
CUST-105203,Female,0,No,No,9,Yes,No,Fiber optic,Yes,No,Yes,Yes,Yes,No,One year,Yes,Bank transfer (automatic),117.26,1032.29,No
CUST-105204,Female,0,No,No,6,Yes,Yes,No,No internet service,No internet service,No internet service,No internet service,No internet service,No internet service,Month-to-month,No,Credit card (automatic),46.59,279.46,Yes
CUST-105205,Male,0,Yes,No,59,Yes,Yes,Fiber optic,No,No,No,Yes,Yes,No,Month-to-month,Yes,Electronic check,98.66,5757.91,Yes
CUST-105206,Female,0,No,No,31,Yes,No,DSL,Yes,No,Yes,No,No,No,Month-to-month,No,Electronic check,69.78,2101.88,No
CUST-105207,Female,0,No,Yes,62,Yes,No,Fiber optic,No,No,Yes,No,No,No,Month-to-month,Yes,Electronic check,92.81,5973.46,Yes
CUST-105208,Male,0,Yes,Yes,46,Yes,No,No,No internet service,No internet service,No internet service,No internet service,No internet service,No internet service,Two year,Yes,Electronic check,49.31,2181.26,No
CUST-105209,Male,0,Yes,Yes,17,Yes,Yes,Fiber optic,No,No,Yes,No,No,Yes,Month-to-month,Yes,Mailed check,96.74,1572.71,No
CUST-105210,Male,0,No,No,15,Yes,Yes,Fiber optic,No,No,No,No,No,No,Month-to-month,Yes,Electronic check,92.04,1335.95,Yes
CUST-105211,Male,0,Yes,No,33,No,No phone service,Fiber optic,No,No,No,No,No,No,One year,No,Mailed check,69.33,2284.4,No
CUST-105212,Male,0,Yes,Yes,6,Yes,No,No,No internet service,No internet service,No internet service,No internet service,No internet service,No internet service,One year,Yes,Mailed check,41.12,241.61,No
CUST-105213,Female,0,No,No,42,Yes,No,DSL,No,No,No,No,Yes,No,Month-to-month,No,Bank transfer (automatic),61.99,2728.04,Yes
CUST-105214,Female,0,No,No,33,Yes,No,Fiber optic,Yes,No,No,No,No,No,Month-to-month,No,Credit card (automatic),91.45,3168.66,No
CUST-105215,Male,0,Yes,No,10,Yes,Yes,Fiber optic,No,Yes,No,No,No,No,One year,Yes,Bank transfer (automatic),92.92,944.56,No
CUST-105216,Female,0,Yes,No,38,Yes,Yes,Fiber optic,Yes,Yes,Yes,No,Yes,Yes,Month-to-month,No,Electronic check,125.67,4856.23,No
CUST-105217,Female,0,No,No,61,Yes,No,DSL,No,No,No,No,Yes,Yes,One year,Yes,Mailed check,78.7,4973.39,No
CUST-105218,Male,0,No,Yes,66,Yes,Yes,No,No internet service,No internet service,No internet service,No internet service,No internet service,No internet service,One year,No,Electronic check,30.47,1930.72,No
CUST-105219,Male,0,No,No,30,Yes,No,DSL,No,No,No,Yes,No,No,Two year,Yes,Mailed check,66.47,2089.93,No
CUST-105220,Male,0,No,No,5,Yes,Yes,Fiber optic,Yes,No,Yes,Yes,Yes,No,Two year,Yes,Bank transfer (automatic),117.48,597.07,Yes
CUST-105221,Female,0,Yes,No,63,No,No phone service,No,No internet service,No internet service,No internet service,No internet service,No internet service,No internet service,Two year,Yes,Credit card (automatic),19.08,1217.53,No
CUST-105222,Female,0,No,Yes,40,Yes,No,DSL,No,Yes,No,No,Yes,No,Month-to-month,No,Electronic check,76.67,3147.87,Yes
CUST-105223,Female,0,No,No,55,Yes,Yes,DSL,No,No,No,Yes,No,No,Two year,Yes,Electronic check,66.91,3549.83,No
CUST-105224,Female,0,No,No,3,Yes,No,Fiber optic,Yes,No,Yes,Yes,No,No,One year,Yes,Electronic check,112.43,324.34,Yes
CUST-105225,Male,1,Yes,No,21,Yes,No,Fiber optic,No,Yes,No,Yes,Yes,No,Month-to-month,No,Bank transfer (automatic),99.61,2147.88,Yes
CUST-105226,Male,1,Yes,Yes,20,Yes,No,DSL,No,No,No,No,Yes,Yes,Two year,Yes,Credit card (automatic),78.34,1508.86,No
CUST-105227,Female,0,No,No,52,Yes,Yes,Fiber optic,Yes,No,Yes,Yes,Yes,Yes,Two year,No,Mailed check,117.32,6234.39,No
CUST-105228,Male,0,No,Yes,49,Yes,No,Fiber optic,No,No,Yes,No,Yes,No,One year,Yes,Mailed check,101.7,5159.43,Yes
CUST-105229,Male,0,No,No,54,Yes,Yes,DSL,Yes,No,Yes,Yes,Yes,Yes,Month-to-month,No,Electronic check,94.09,4960.59,No
CUST-105230,Male,0,Yes,Yes,28,Yes,No,Fiber optic,No,Yes,Yes,Yes,Yes,Yes,Month-to-month,Yes,Bank transfer (automatic),130.0,3675.08,No
CUST-105231,Male,0,No,No,22,Yes,No,Fiber optic,No,No,No,No,Yes,No,Two year,No,Electronic check,90.14,1978.28,No
CUST-105232,Male,0,Yes,Yes,13,Yes,No,Fiber optic,No,No,No,No,Yes,No,Two year,No,Electronic check,107.22,1433.15,No
CUST-105233,Male,0,No,No,18,Yes,Yes,No,No internet service,No internet service,No internet service,No internet service,No internet service,No internet service,Month-to-month,Yes,Bank transfer (automatic),44.9,818.62,No
CUST-105234,Male,0,No,No,11,Yes,Yes,Fiber optic,No,No,No,Yes,Yes,No,Month-to-month,No,Electronic check,101.02,1141.84,Yes
CUST-105235,Female,0,No,No,60,Yes,No,DSL,No,Yes,Yes,Yes,Yes,No,One year,No,Electronic check,99.08,6089.11,Yes
CUST-105236,Female,0,Yes,Yes,49,Yes,No,Fiber optic,Yes,Yes,No,No,No,No,Month-to-month,No,Electronic check,107.01,5314.54,No
CUST-105237,Female,0,No,Yes,49,Yes,Yes,Fiber optic,No,Yes,Yes,No,No,No,One year,No,Electronic check,102.79,4965.24,Yes
CUST-105238,Female,0,Yes,Yes,64,Yes,Yes,Fiber optic,No,Yes,Yes,No,No,No,Two year,No,Bank transfer (automatic),94.97,6108.45,Yes
CUST-105239,Female,0,No,Yes,53,Yes,Yes,DSL,No,Yes,No,No,No,Yes,Month-to-month,Yes,Electronic check,65.94,3620.66,No
CUST-105240,Male,0,No,No,23,Yes,Yes,DSL,No,No,Yes,No,No,Yes,One year,No,Bank transfer (automatic),81.45,1937.71,No
CUST-105241,Female,0,No,No,22,Yes,Yes,Fiber optic,No,No,No,No,No,Yes,Month-to-month,No,Mailed check,95.83,2118.58,No
CUST-105242,Female,0,No,No,9,Yes,No,DSL,Yes,Yes,No,No,No,Yes,Month-to-month,Yes,Mailed check,88.3,763.16,Yes
CUST-105243,Female,0,No,No,52,Yes,No,DSL,No,Yes,No,Yes,Yes,Yes,Month-to-month,Yes,Electronic check,96.79,4816.45,No
CUST-105244,Male,0,Yes,No,63,Yes,No,No,No internet service,No internet service,No internet service,No internet service,No internet service,No internet service,One year,Yes,Bank transfer (automatic),36.56,2248.53,No
CUST-105245,Male,0,Yes,No,52,Yes,Yes,Fiber optic,No,Yes,Yes,No,No,Yes,One year,No,Mailed check,106.96,5826.77,No
CUST-105246,Female,0,No,No,34,Yes,Yes,DSL,No,Yes,Yes,Yes,Yes,No,Month-to-month,No,Bank transfer (automatic),79.66,2577.28,No
CUST-105247,Female,1,No,No,24,No,No phone service,DSL,No,Yes,No,Yes,Yes,No,Two year,No,Mailed check,59.51,1481.17,No
CUST-105248,Female,0,No,No,31,Yes,Yes,Fiber optic,No,Yes,No,No,No,No,Month-to-month,Yes,Credit card (automatic),94.92,3081.45,Yes
CUST-105249,Female,0,Yes,Yes,19,Yes,Yes,Fiber optic,No,Yes,No,No,No,No,Two year,Yes,Mailed check,100.22,1843.04,Yes
CUST-105250,Male,0,Yes,No,12,Yes,Yes,DSL,Yes,No,No,No,No,Yes,One year,Yes,Credit card (automatic),80.72,953.42,Yes
CUST-105251,Male,0,No,No,31,Yes,No,Fiber optic,Yes,Yes,No,No,No,No,Month-to-month,No,Mailed check,107.47,3475.61,No
CUST-105252,Female,0,No,No,17,Yes,No,DSL,No,No,Yes,No,No,Yes,Month-to-month,No,Credit card (automatic),84.25,1381.04,No
CUST-105253,Female,0,No,No,53,Yes,Yes,DSL,No,Yes,No,No,No,No,Month-to-month,No,Credit card (automatic),72.55,3963.51,Yes
CUST-105254,Male,0,Yes,Yes,66,Yes,Yes,Fiber optic,No,No,Yes,No,No,No,Month-to-month,Yes,Electronic check,99.19,6633.42,Yes
CUST-105255,Male,0,Yes,No,14,Yes,Yes,Fiber optic,Yes,Yes,No,No,No,Yes,Two year,No,Bank transfer (automatic),104.21,1511.73,No
CUST-105256,Male,0,Yes,No,0,Yes,Yes,Fiber optic,No,Yes,No,No,Yes,No,One year,No,Electronic check,101.5,0.0,Yes
CUST-105257,Male,0,Yes,No,63,No,No phone service,DSL,No,Yes,No,No,Yes,Yes,Month-to-month,No,Credit card (automatic),57.46,3479.46,No
CUST-105258,Female,0,No,No,21,Yes,No,Fiber optic,No,No,No,Yes,No,Yes,Month-to-month,No,Mailed check,99.28,2108.03,No
CUST-105259,Male,0,Yes,No,18,Yes,Yes,DSL,Yes,No,No,No,Yes,No,Month-to-month,Yes,Mailed check,77.86,1433.48,No
CUST-105260,Female,0,Yes,No,62,Yes,Yes,DSL,No,No,Yes,No,Yes,Yes,Two year,No,Electronic check,85.09,5085.96,No
CUST-105261,Male,0,No,No,61,Yes,Yes,Fiber optic,No,No,No,No,No,No,One year,Yes,Credit card (automatic),87.36,5189.44,No
CUST-105262,Female,0,Yes,No,42,Yes,No,Fiber optic,No,No,No,No,Yes,No,Month-to-month,No,Credit card (automatic),97.59,4075.49,Yes
CUST-105263,Male,0,No,No,11,No,No phone service,No,No internet service,No internet service,No internet service,No internet service,No internet service,No internet service,Month-to-month,No,Mailed check,18.0,199.23,No
CUST-105264,Female,0,Yes,No,51,Yes,No,No,No internet service,No internet service,No internet service,No internet service,No internet service,No internet service,Month-to-month,No,Electronic check,38.83,1959.45,Yes
CUST-105265,Female,0,Yes,No,53,Yes,No,Fiber optic,No,Yes,Yes,Yes,Yes,No,Month-to-month,Yes,Bank transfer (automatic),110.05,5886.82,No
CUST-105266,Female,0,Yes,No,32,No,No phone service,No,No internet service,No internet service,No internet service,No internet service,No internet service,No internet service,Month-to-month,No,Electronic check,22.34,719.59,No
CUST-105267,Female,1,No,No,40,Yes,No,DSL,Yes,No,No,No,Yes,No,Month-to-month,Yes,Credit card (automatic),84.47,3235.3,No
CUST-105268,Female,0,Yes,No,39,Yes,No,No,No internet service,No internet service,No internet service,No internet service,No internet service,No internet service,Two year,No,Electronic check,43.82,1675.61,No
CUST-105269,Female,0,No,No,48,Yes,Yes,DSL,No,No,Yes,No,Yes,No,Month-to-month,No,Bank transfer (automatic),75.73,3594.41,Yes
CUST-105270,Male,0,No,Yes,37,Yes,Yes,Fiber optic,No,Yes,No,No,Yes,Yes,Two year,Yes,Electronic check,117.32,4361.8,No
CUST-105271,Male,1,Yes,Yes,71,Yes,No,DSL,No,No,Yes,No,No,No,One year,No,Credit card (automatic),70.93,5204.74,No
CUST-105272,Male,0,No,Yes,2,Yes,No,Fiber optic,No,No,No,No,Yes,No,Month-to-month,No,Bank transfer (automatic),92.18,189.72,Yes
CUST-105273,Male,0,Yes,Yes,3,Yes,No,Fiber optic,No,No,No,No,No,No,Month-to-month,No,Credit card (automatic),88.48,273.54,Yes
CUST-105274,Female,0,Yes,No,11,Yes,Yes,DSL,No,Yes,No,No,No,No,Month-to-month,Yes,Electronic check,72.29,801.99,Yes
CUST-105275,Male,0,No,No,10,Yes,Yes,No,No internet service,No internet service,No internet service,No internet service,No internet service,No internet service,One year,No,Mailed check,40.84,411.54,No
CUST-105276,Male,0,Yes,No,36,Yes,No,No,No internet service,No internet service,No internet service,No internet service,No internet service,No internet service,Month-to-month,No,Electronic check,40.05,1487.29,No
CUST-105277,Female,0,No,No,5,Yes,Yes,Fiber optic,No,Yes,No,No,No,No,Two year,No,Bank transfer (automatic),89.74,435.13,Yes
CUST-105278,Male,1,No,Yes,13,Yes,Yes,DSL,No,No,No,No,No,Yes,One year,Yes,Electronic check,78.24,981.6,Yes
CUST-105279,Male,0,Yes,No,37,Yes,Yes,Fiber optic,Yes,No,No,No,No,No,Month-to-month,No,Mailed check,99.4,3528.53,No
CUST-105280,Female,0,Yes,Yes,65,Yes,No,DSL,No,Yes,No,Yes,Yes,Yes,Month-to-month,Yes,Bank transfer (automatic),84.97,5778.19,No
CUST-105281,Female,0,No,Yes,58,No,No phone service,DSL,Yes,No,No,No,No,Yes,Month-to-month,No,Electronic check,57.11,3433.58,No
CUST-105282,Female,1,No,No,15,Yes,No,DSL,No,No,Yes,No,No,No,Month-to-month,Yes,Bank transfer (automatic),69.88,1063.78,No
CUST-105283,Female,0,Yes,Yes,4,Yes,Yes,Fiber optic,No,Yes,Yes,Yes,Yes,No,Month-to-month,Yes,Credit card (automatic),126.7,490.01,No
CUST-105284,Female,0,No,No,53,No,No phone service,DSL,Yes,No,No,No,No,No,Two year,Yes,Mailed check,51.04,2571.99,No
CUST-105285,Female,0,Yes,No,56,Yes,Yes,DSL,No,No,No,No,No,Yes,Month-to-month,No,Bank transfer (automatic),69.95,3971.86,No
CUST-105286,Male,0,No,No,67,Yes,No,Fiber optic,Yes,No,No,Yes,No,No,Month-to-month,No,Electronic check,100.93,6904.96,No
CUST-105287,Female,0,Yes,No,31,Yes,No,Fiber optic,No,No,No,No,No,Yes,One year,No,Mailed check,87.51,2769.86,No
CUST-105288,Male,0,No,No,4,Yes,Yes,No,No internet service,No internet service,No internet service,No internet service,No internet service,No internet service,One year,Yes,Credit card (automatic),35.62,143.28,No
CUST-105289,Male,0,No,No,68,Yes,No,No,No internet service,No internet service,No internet service,No internet service,No internet service,No internet service,Month-to-month,Yes,Electronic check,41.14,2667.03,Yes
CUST-105290,Female,1,No,No,20,Yes,No,DSL,No,Yes,No,Yes,Yes,Yes,Month-to-month,Yes,Credit card (automatic),89.82,1788.01,No
CUST-105291,Female,1,No,No,27,Yes,No,No,No internet service,No internet service,No internet service,No internet service,No internet service,No internet service,One year,No,Mailed check,50.9,1329.2,No
CUST-105292,Male,0,No,Yes,30,Yes,No,Fiber optic,No,No,No,Yes,No,No,Month-to-month,Yes,Electronic check,97.6,2876.45,Yes
CUST-105293,Female,0,Yes,No,71,Yes,No,DSL,No,No,No,No,Yes,No,Month-to-month,No,Electronic check,76.78,5682.44,No
CUST-105294,Female,0,Yes,Yes,26,Yes,Yes,Fiber optic,No,Yes,No,No,No,No,One year,Yes,Mailed check,91.54,2351.77,No
CUST-105295,Female,0,No,Yes,40,Yes,Yes,Fiber optic,Yes,No,Yes,Yes,No,Yes,One year,No,Credit card (automatic),110.2,4590.58,No
CUST-105296,Male,0,Yes,No,36,Yes,Yes,Fiber optic,No,No,Yes,Yes,No,Yes,Month-to-month,Yes,Bank transfer (automatic),115.89,4080.59,No
CUST-105297,Female,0,No,No,72,No,No phone service,No,No internet service,No internet service,No internet service,No internet service,No internet service,No internet service,Month-to-month,Yes,Bank transfer (automatic),20.06,1410.41,No
CUST-105298,Male,0,Yes,Yes,69,Yes,No,Fiber optic,Yes,Yes,No,No,Yes,No,One year,Yes,Credit card (automatic),104.01,7386.37,No
CUST-105299,Female,0,No,No,46,Yes,No,DSL,No,Yes,No,No,No,No,Month-to-month,Yes,Electronic check,71.21,3208.2,No
CUST-105300,Male,0,No,Yes,7,Yes,No,Fiber optic,Yes,Yes,Yes,No,No,No,Two year,Yes,Mailed check,103.53,706.37,No
CUST-105301,Female,0,No,No,25,Yes,Yes,No,No internet service,No internet service,No internet service,No internet service,No internet service,No internet service,Month-to-month,No,Bank transfer (automatic),39.76,1010.76,No
CUST-105302,Male,0,Yes,No,48,Yes,No,Fiber optic,No,Yes,No,No,No,Yes,One year,No,Bank transfer (automatic),107.51,5012.66,No
CUST-105303,Male,0,No,No,58,Yes,Yes,Fiber optic,Yes,No,Yes,Yes,Yes,No,Two year,Yes,Electronic check,118.42,7095.41,No
CUST-105304,Male,0,No,Yes,54,Yes,No,Fiber optic,No,No,No,No,Yes,No,Month-to-month,No,Bank transfer (automatic),96.57,5316.3,Yes
CUST-105305,Female,0,No,No,35,Yes,No,DSL,Yes,No,No,No,Yes,No,One year,Yes,Electronic check,74.78,2572.71,Yes
CUST-105306,Male,0,No,No,48,Yes,No,Fiber optic,No,No,Yes,No,No,Yes,Month-to-month,No,Mailed check,108.53,5193.29,Yes
CUST-105307,Female,0,Yes,No,22,Yes,No,No,No internet service,No internet service,No internet service,No internet service,No internet service,No internet service,One year,Yes,Credit card (automatic),38.39,856.61,No
CUST-105308,Male,1,Yes,Yes,46,Yes,No,No,No internet service,No internet service,No internet service,No internet service,No internet service,No internet service,Two year,Yes,Electronic check,35.16,1651.0,No
CUST-105309,Male,1,Yes,No,34,Yes,Yes,DSL,No,No,Yes,Yes,No,No,Two year,No,Bank transfer (automatic),77.46,2535.03,Yes
CUST-105310,Female,0,No,No,49,Yes,Yes,No,No internet service,No internet service,No internet service,No internet service,No internet service,No internet service,Month-to-month,Yes,Credit card (automatic),40.74,1942.24,No
CUST-105311,Female,1,No,No,63,Yes,No,DSL,No,No,Yes,Yes,Yes,Yes,Two year,Yes,Electronic check,91.49,6041.06,No
CUST-105312,Male,0,Yes,No,59,Yes,No,Fiber optic,No,Yes,Yes,No,No,No,Two year,No,Electronic check,105.41,6051.83,No
CUST-105313,Male,1,No,No,53,Yes,No,Fiber optic,Yes,No,No,No,Yes,Yes,Month-to-month,No,Credit card (automatic),103.47,5300.15,No
CUST-105314,Male,1,Yes,No,56,Yes,No,DSL,Yes,No,No,Yes,No,No,Two year,No,Mailed check,79.77,4417.58,No
CUST-105315,Female,0,No,No,12,Yes,Yes,DSL,No,No,Yes,Yes,Yes,No,Month-to-month,No,Electronic check,92.8,1141.8,No
CUST-105316,Female,1,No,Yes,13,Yes,No,Fiber optic,No,No,No,No,Yes,No,Two year,Yes,Electronic check,95.93,1197.38,No
CUST-105317,Male,0,Yes,No,61,Yes,No,DSL,Yes,Yes,No,No,No,No,Two year,No,Electronic check,72.87,4375.28,No
CUST-105318,Female,0,Yes,No,39,No,No phone service,Fiber optic,Yes,No,Yes,No,No,No,Month-to-month,No,Mailed check,78.13,2915.28,No
CUST-105319,Male,1,No,No,31,Yes,Yes,Fiber optic,Yes,No,No,No,No,Yes,Month-to-month,Yes,Credit card (automatic),110.43,3314.78,No
CUST-105320,Male,0,No,No,48,Yes,No,Fiber optic,Yes,No,No,No,Yes,Yes,Two year,Yes,Mailed check,97.2,4883.23,No
CUST-105321,Female,0,Yes,No,6,Yes,Yes,No,No internet service,No internet service,No internet service,No internet service,No internet service,No internet service,Month-to-month,No,Electronic check,35.87,215.65,Yes
CUST-105322,Female,0,No,No,12,Yes,Yes,No,No internet service,No internet service,No internet service,No internet service,No internet service,No internet service,Month-to-month,No,Credit card (automatic),36.03,452.08,No
CUST-105323,Male,0,No,No,10,Yes,No,No,No internet service,No internet service,No internet service,No internet service,No internet service,No internet service,Month-to-month,Yes,Mailed check,42.29,437.14,Yes
CUST-105324,Female,1,Yes,No,41,Yes,Yes,Fiber optic,No,Yes,No,Yes,No,Yes,Month-to-month,No,Electronic check,107.42,4618.02,Yes
CUST-105325,Male,1,No,No,4,Yes,No,DSL,Yes,No,No,Yes,No,Yes,Month-to-month,Yes,Credit card (automatic),78.24,306.23,Yes
CUST-105326,Female,0,Yes,No,3,Yes,Yes,Fiber optic,No,No,No,Yes,Yes,Yes,Month-to-month,Yes,Mailed check,111.73,335.93,No
CUST-105327,Male,1,No,Yes,49,Yes,Yes,No,No internet service,No internet service,No internet service,No internet service,No internet service,No internet service,Two year,No,Mailed check,37.41,1836.39,No
CUST-105328,Male,0,No,No,53,Yes,No,Fiber optic,No,No,Yes,Yes,Yes,No,Two year,Yes,Credit card (automatic),121.16,6434.73,No
CUST-105329,Male,1,Yes,Yes,18,Yes,Yes,Fiber optic,No,No,No,No,No,No,Two year,Yes,Electronic check,92.62,1590.35,No
CUST-105330,Female,0,No,No,50,No,No phone service,No,No internet service,No internet service,No internet service,No internet service,No internet service,No internet service,Month-to-month,No,Mailed check,20.84,1053.34,Yes
CUST-105331,Female,0,Yes,No,7,Yes,No,Fiber optic,Yes,Yes,No,No,Yes,Yes,One year,Yes,Credit card (automatic),121.6,868.64,No
CUST-105332,Male,0,No,Yes,29,Yes,Yes,Fiber optic,No,No,No,No,Yes,No,Month-to-month,No,Electronic check,108.72,3276.55,No
CUST-105333,Female,0,No,No,26,Yes,Yes,DSL,No,Yes,No,Yes,Yes,Yes,One year,No,Credit card (automatic),76.56,2049.59,No
CUST-105334,Female,0,Yes,No,25,Yes,No,Fiber optic,No,No,No,No,Yes,Yes,Two year,No,Electronic check,100.87,2489.1,Yes
CUST-105335,Male,0,No,Yes,63,Yes,No,Fiber optic,Yes,Yes,No,Yes,No,No,Month-to-month,No,Credit card (automatic),105.27,6482.13,Yes
CUST-105336,Female,0,Yes,No,5,Yes,No,DSL,Yes,Yes,No,Yes,No,Yes,Two year,No,Mailed check,79.73,401.84,No
CUST-105337,Female,0,No,Yes,45,Yes,No,DSL,No,Yes,Yes,No,Yes,No,Two year,No,Mailed check,85.39,4011.11,No
CUST-105338,Male,0,No,Yes,19,Yes,No,Fiber optic,No,No,No,No,Yes,Yes,Month-to-month,No,Mailed check,104.49,1902.42,No
CUST-105339,Male,0,No,No,35,Yes,Yes,Fiber optic,No,Yes,No,No,No,No,Two year,Yes,Electronic check,90.42,3123.97,Yes
CUST-105340,Male,0,No,Yes,14,Yes,Yes,No,No internet service,No internet service,No internet service,No internet service,No internet service,No internet service,Two year,No,Electronic check,32.01,452.64,No
CUST-105341,Female,0,No,No,53,No,No phone service,No,No internet service,No internet service,No internet service,No internet service,No internet service,No internet service,Month-to-month,Yes,Bank transfer (automatic),22.02,1123.64,No
CUST-105342,Female,0,Yes,No,4,Yes,No,DSL,No,Yes,Yes,Yes,No,No,Month-to-month,Yes,Credit card (automatic),78.68,322.12,Yes
CUST-105343,Male,0,Yes,No,5,Yes,Yes,DSL,Yes,Yes,No,No,No,No,One year,Yes,Electronic check,69.53,356.44,No
CUST-105344,Male,0,No,No,24,Yes,Yes,DSL,No,Yes,No,No,Yes,Yes,One year,Yes,Bank transfer (automatic),87.75,2120.51,No
CUST-105345,Male,0,Yes,No,64,Yes,No,DSL,Yes,No,No,Yes,No,Yes,Month-to-month,Yes,Electronic check,72.09,4441.09,No
CUST-105346,Male,0,Yes,No,1,No,No phone service,Fiber optic,No,No,Yes,No,Yes,No,Month-to-month,No,Bank transfer (automatic),81.78,84.54,No
CUST-105347,Male,0,Yes,No,12,Yes,No,Fiber optic,No,Yes,Yes,No,No,Yes,Month-to-month,Yes,Mailed check,102.46,1176.24,No
CUST-105348,Male,0,No,No,35,Yes,No,DSL,No,No,Yes,No,No,No,Month-to-month,No,Bank transfer (automatic),64.74,2376.73,Yes
CUST-105349,Female,1,No,No,1,Yes,No,Fiber optic,No,No,No,Yes,No,Yes,Month-to-month,No,Mailed check,102.12,102.47,Yes
CUST-105350,Male,0,Yes,No,39,Yes,No,No,No internet service,No internet service,No internet service,No internet service,No internet service,No internet service,Month-to-month,No,Electronic check,39.68,1547.97,No
CUST-105351,Female,0,Yes,No,26,Yes,No,DSL,Yes,No,No,No,No,No,Two year,Yes,Electronic check,70.53,1804.65,No
CUST-105352,Male,0,No,No,47,Yes,No,No,No internet service,No internet service,No internet service,No internet service,No internet service,No internet service,Month-to-month,Yes,Mailed check,44.29,2091.5,No
CUST-105353,Male,0,Yes,No,4,Yes,Yes,DSL,No,No,No,No,Yes,No,One year,Yes,Bank transfer (automatic),68.07,282.55,No
CUST-105354,Female,0,No,No,12,Yes,No,DSL,No,Yes,No,Yes,Yes,No,One year,No,Electronic check,84.8,1006.46,No
CUST-105355,Female,0,No,No,12,Yes,Yes,Fiber optic,No,No,No,No,No,No,Two year,Yes,Electronic check,95.21,1127.86,No
CUST-105356,Female,1,No,Yes,53,Yes,No,DSL,No,No,No,No,No,Yes,Two year,Yes,Electronic check,70.73,3894.53,No
CUST-105357,Female,1,Yes,No,53,Yes,No,DSL,No,No,No,No,Yes,No,Two year,Yes,Electronic check,71.63,3711.22,No
CUST-105358,Male,0,No,No,8,Yes,Yes,DSL,No,No,Yes,No,Yes,No,Month-to-month,No,Mailed check,72.07,568.81,No
CUST-105359,Male,0,No,No,29,Yes,Yes,DSL,No,No,No,Yes,No,No,Month-to-month,Yes,Credit card (automatic),66.84,1854.4,Yes
CUST-105360,Female,0,Yes,No,51,Yes,No,Fiber optic,Yes,No,No,No,No,Yes,Month-to-month,Yes,Electronic check,104.7,5182.21,No
CUST-105361,Female,0,No,No,0,Yes,No,DSL,No,Yes,No,No,No,Yes,Month-to-month,Yes,Electronic check,76.18,0.0,Yes
CUST-105362,Female,1,Yes,No,7,Yes,No,DSL,No,No,No,No,No,Yes,Month-to-month,Yes,Mailed check,78.2,564.94,Yes
CUST-105363,Female,0,No,Yes,46,Yes,No,Fiber optic,No,Yes,Yes,No,Yes,No,Month-to-month,No,Bank transfer (automatic),110.53,5326.58,Yes
CUST-105364,Male,0,No,No,41,Yes,No,Fiber optic,Yes,No,No,No,Yes,No,Month-to-month,Yes,Bank transfer (automatic),100.06,3936.38,No
CUST-105365,Male,0,Yes,No,51,Yes,No,Fiber optic,No,Yes,Yes,Yes,Yes,No,Month-to-month,Yes,Mailed check,112.72,5637.2,Yes
CUST-105366,Male,0,Yes,No,34,Yes,No,Fiber optic,No,No,No,No,Yes,No,One year,Yes,Electronic check,99.92,3275.36,Yes
CUST-105367,Female,0,Yes,No,65,Yes,Yes,No,No internet service,No internet service,No internet service,No internet service,No internet service,No internet service,Two year,Yes,Credit card (automatic),43.69,2903.14,No
CUST-105368,Female,0,Yes,No,9,No,No phone service,DSL,No,Yes,No,No,Yes,No,Month-to-month,No,Mailed check,58.22,521.29,Yes
CUST-105369,Male,0,No,No,11,Yes,No,No,No internet service,No internet service,No internet service,No internet service,No internet service,No internet service,Month-to-month,No,Bank transfer (automatic),39.94,434.27,No
CUST-105370,Female,0,Yes,No,46,Yes,No,Fiber optic,No,No,No,No,No,Yes,Month-to-month,No,Mailed check,92.76,4396.84,Yes
CUST-105371,Female,1,No,No,62,Yes,Yes,No,No internet service,No internet service,No internet service,No internet service,No internet service,No internet service,Month-to-month,Yes,Credit card (automatic),43.16,2711.49,No
CUST-105372,Male,0,Yes,No,1,Yes,Yes,DSL,No,No,Yes,No,No,No,Two year,No,Bank transfer (automatic),74.12,74.09,No
CUST-105373,Male,0,No,No,51,Yes,No,No,No internet service,No internet service,No internet service,No internet service,No internet service,No internet service,Month-to-month,No,Electronic check,35.61,1747.88,No
CUST-105374,Female,0,No,No,70,Yes,No,No,No internet service,No internet service,No internet service,No internet service,No internet service,No internet service,Month-to-month,No,Electronic check,35.4,2446.0,No
CUST-105375,Female,0,No,No,41,Yes,Yes,DSL,Yes,Yes,No,No,Yes,No,One year,Yes,Electronic check,79.5,3107.93,No
CUST-105376,Male,1,No,Yes,60,Yes,Yes,Fiber optic,No,No,Yes,No,Yes,No,Month-to-month,No,Credit card (automatic),104.61,6130.33,Yes
CUST-105377,Male,0,No,Yes,19,Yes,No,DSL,No,Yes,Yes,No,No,No,One year,No,Electronic check,77.04,1524.62,Yes
CUST-105378,Male,0,No,No,58,No,No phone service,DSL,Yes,No,Yes,No,No,No,Month-to-month,Yes,Mailed check,57.85,3288.57,No
CUST-105379,Female,0,No,No,33,Yes,No,Fiber optic,No,No,No,No,Yes,No,Month-to-month,Yes,Bank transfer (automatic),95.79,3198.55,Yes
CUST-105380,Male,0,Yes,No,21,Yes,No,Fiber optic,Yes,Yes,Yes,No,No,No,Month-to-month,No,Bank transfer (automatic),105.99,2287.11,Yes
CUST-105381,Female,1,Yes,No,14,Yes,No,Fiber optic,No,Yes,Yes,Yes,No,Yes,One year,Yes,Mailed check,114.89,1582.51,Yes
CUST-105382,Male,0,Yes,No,62,Yes,No,DSL,Yes,No,No,Yes,Yes,Yes,Month-to-month,Yes,Mailed check,97.68,5841.66,No
CUST-105383,Male,0,No,Yes,52,Yes,No,DSL,No,No,No,No,Yes,Yes,Month-to-month,No,Electronic check,78.11,3941.46,No
CUST-105384,Male,0,No,Yes,57,Yes,No,DSL,No,No,Yes,No,No,No,One year,Yes,Electronic check,78.0,4467.88,No
CUST-105385,Female,0,No,No,51,No,No phone service,DSL,No,Yes,Yes,Yes,No,No,One year,Yes,Electronic check,67.95,3312.76,No
CUST-105386,Male,0,No,Yes,18,Yes,Yes,Fiber optic,Yes,Yes,No,No,Yes,Yes,Month-to-month,Yes,Credit card (automatic),119.54,2069.76,No
CUST-105387,Female,0,Yes,Yes,13,Yes,Yes,DSL,No,Yes,No,No,Yes,No,Two year,No,Credit card (automatic),79.49,1081.15,No
CUST-105388,Male,0,No,No,47,Yes,Yes,No,No internet service,No internet service,No internet service,No internet service,No internet service,No internet service,One year,Yes,Credit card (automatic),37.57,1776.7,No
CUST-105389,Female,0,Yes,No,18,Yes,No,Fiber optic,No,No,No,No,No,No,Two year,No,Electronic check,93.35,1636.6,Yes
CUST-105390,Male,0,Yes,No,47,Yes,No,No,No internet service,No internet service,No internet service,No internet service,No internet service,No internet service,Month-to-month,Yes,Electronic check,35.02,1608.14,No
CUST-105391,Male,0,No,Yes,65,No,No phone service,DSL,No,Yes,No,No,No,No,One year,Yes,Mailed check,47.61,3248.12,No
CUST-105392,Female,0,Yes,No,54,Yes,Yes,DSL,Yes,No,Yes,Yes,No,No,Month-to-month,Yes,Electronic check,86.37,4676.45,No
CUST-105393,Female,0,No,No,34,Yes,No,DSL,No,No,No,No,No,No,Month-to-month,Yes,Credit card (automatic),71.69,2344.32,Yes
CUST-105394,Female,0,No,No,66,Yes,Yes,Fiber optic,No,Yes,No,No,Yes,Yes,Month-to-month,Yes,Bank transfer (automatic),103.15,6608.62,Yes
CUST-105395,Male,0,No,No,40,Yes,No,No,No internet service,No internet service,No internet service,No internet service,No internet service,No internet service,Month-to-month,Yes,Credit card (automatic),44.18,1813.44,No
CUST-105396,Female,0,Yes,No,34,Yes,Yes,Fiber optic,Yes,No,No,No,Yes,No,Two year,Yes,Credit card (automatic),99.16,3429.2,No
CUST-105397,Male,0,Yes,Yes,69,Yes,No,No,No internet service,No internet service,No internet service,No internet service,No internet service,No internet service,Two year,Yes,Mailed check,41.86,2879.49,No
CUST-105398,Female,0,Yes,Yes,24,Yes,Yes,No,No internet service,No internet service,No internet service,No internet service,No internet service,No internet service,Month-to-month,No,Electronic check,39.21,923.47,No
CUST-105399,Female,0,No,No,15,Yes,No,Fiber optic,No,No,No,No,No,No,Month-to-month,No,Credit card (automatic),89.46,1371.89,No
CUST-105400,Female,0,Yes,Yes,10,Yes,Yes,Fiber optic,No,No,No,No,No,No,Month-to-month,Yes,Bank transfer (automatic),87.3,850.02,No
CUST-105401,Female,1,Yes,Yes,45,Yes,No,DSL,Yes,No,No,No,No,Yes,One year,Yes,Credit card (automatic),81.36,3613.65,No
CUST-105402,Female,0,No,Yes,37,Yes,No,Fiber optic,No,No,No,No,Yes,No,Month-to-month,Yes,Electronic check,95.53,3674.63,No
CUST-105403,Female,0,No,No,56,Yes,No,Fiber optic,No,No,No,No,Yes,Yes,One year,Yes,Mailed check,107.11,5871.13,Yes
CUST-105404,Male,1,No,No,10,Yes,No,DSL,Yes,No,No,No,Yes,Yes,Month-to-month,Yes,Mailed check,87.9,878.92,No
CUST-105405,Male,0,Yes,No,23,Yes,No,No,No internet service,No internet service,No internet service,No internet service,No internet service,No internet service,One year,No,Electronic check,37.53,834.42,Yes
CUST-105406,Female,0,No,No,8,Yes,No,No,No internet service,No internet service,No internet service,No internet service,No internet service,No internet service,Two year,Yes,Mailed check,45.95,349.65,No
CUST-105407,Female,0,Yes,No,22,Yes,Yes,No,No internet service,No internet service,No internet service,No internet service,No internet service,No internet service,Month-to-month,No,Electronic check,43.29,944.51,No
CUST-105408,Female,0,Yes,Yes,70,Yes,No,DSL,No,Yes,No,No,No,No,Two year,Yes,Mailed check,66.56,4498.65,Yes
CUST-105409,Female,0,Yes,No,65,Yes,Yes,Fiber optic,No,No,No,No,No,No,Two year,Yes,Mailed check,92.03,6150.85,No
CUST-105410,Male,0,No,No,36,Yes,No,Fiber optic,No,Yes,No,No,No,No,Month-to-month,Yes,Electronic check,90.6,3135.35,Yes
CUST-105411,Male,0,No,No,7,Yes,Yes,DSL,No,No,Yes,No,Yes,No,Month-to-month,Yes,Bank transfer (automatic),79.12,575.94,No
CUST-105412,Female,0,Yes,Yes,72,Yes,Yes,DSL,Yes,No,No,No,Yes,Yes,One year,No,Electronic check,81.07,5943.56,Yes
CUST-105413,Female,0,No,No,11,Yes,No,DSL,No,No,No,No,No,Yes,Month-to-month,No,Bank transfer (automatic),76.72,806.58,Yes
CUST-105414,Male,0,No,No,7,Yes,No,DSL,No,No,No,No,No,No,Two year,Yes,Electronic check,63.47,435.45,Yes
CUST-105415,Male,0,Yes,Yes,29,Yes,No,Fiber optic,No,No,Yes,No,No,No,Month-to-month,Yes,Bank transfer (automatic),94.15,2653.89,Yes
CUST-105416,Male,0,No,No,68,Yes,No,No,No internet service,No internet service,No internet service,No internet service,No internet service,No internet service,Two year,Yes,Mailed check,36.38,2596.49,No
CUST-105417,Male,0,Yes,Yes,58,Yes,No,No,No internet service,No internet service,No internet service,No internet service,No internet service,No internet service,One year,Yes,Credit card (automatic),31.36,1796.62,No
CUST-105418,Female,1,Yes,Yes,26,No,No phone service,DSL,Yes,Yes,No,No,No,Yes,Month-to-month,No,Mailed check,65.68,1639.99,No
CUST-105419,Female,0,No,Yes,33,No,No phone service,Fiber optic,No,No,Yes,Yes,Yes,Yes,Month-to-month,Yes,Mailed check,95.6,3243.0,No
CUST-105420,Female,0,Yes,No,4,Yes,No,DSL,No,No,No,Yes,No,Yes,Two year,Yes,Bank transfer (automatic),69.53,271.51,No
CUST-105421,Female,0,No,Yes,19,Yes,No,DSL,No,No,Yes,No,No,Yes,Month-to-month,No,Mailed check,82.21,1518.89,No
CUST-105422,Male,0,Yes,No,48,Yes,No,No,No internet service,No internet service,No internet service,No internet service,No internet service,No internet service,Month-to-month,Yes,Mailed check,34.88,1609.77,No
CUST-105423,Male,0,No,No,30,Yes,Yes,No,No internet service,No internet service,No internet service,No internet service,No internet service,No internet service,Two year,Yes,Mailed check,42.56,1321.04,No
CUST-105424,Male,0,No,No,71,Yes,Yes,No,No internet service,No internet service,No internet service,No internet service,No internet service,No internet service,Month-to-month,Yes,Bank transfer (automatic),38.62,2714.41,Yes
CUST-105425,Male,0,No,No,32,Yes,No,Fiber optic,No,Yes,No,No,No,No,Two year,No,Bank transfer (automatic),100.62,3375.76,No
CUST-105426,Female,0,No,Yes,61,Yes,No,Fiber optic,No,Yes,No,No,No,No,Month-to-month,No,Credit card (automatic),93.87,5619.96,Yes
CUST-105427,Male,1,No,No,53,Yes,Yes,Fiber optic,Yes,No,Yes,Yes,No,No,Two year,No,Electronic check,104.86,5342.14,Yes
CUST-105428,Male,0,Yes,No,37,Yes,No,Fiber optic,No,No,No,Yes,Yes,No,One year,Yes,Electronic check,96.8,3494.99,Yes
CUST-105429,Female,0,Yes,No,63,Yes,No,DSL,No,No,No,No,No,Yes,Month-to-month,No,Mailed check,71.13,4325.57,No
CUST-105430,Female,0,No,Yes,63,Yes,Yes,DSL,No,No,No,No,Yes,No,Month-to-month,Yes,Bank transfer (automatic),69.23,4286.03,No
CUST-105431,Male,0,No,No,23,Yes,Yes,No,No internet service,No internet service,No internet service,No internet service,No internet service,No internet service,Month-to-month,Yes,Electronic check,35.78,845.12,No
CUST-105432,Male,0,Yes,No,20,Yes,No,DSL,No,No,No,No,No,No,One year,Yes,Electronic check,65.09,1343.32,No
CUST-105433,Female,1,No,No,51,Yes,Yes,No,No internet service,No internet service,No internet service,No internet service,No internet service,No internet service,Month-to-month,Yes,Credit card (automatic),34.65,1799.21,Yes
CUST-105434,Female,0,Yes,No,1,Yes,No,DSL,No,No,Yes,No,No,No,Month-to-month,Yes,Electronic check,72.27,74.36,Yes
CUST-105435,Female,1,Yes,No,51,Yes,No,No,No internet service,No internet service,No internet service,No internet service,No internet service,No internet service,One year,No,Mailed check,41.61,2110.94,No
CUST-105436,Male,0,No,No,31,Yes,Yes,No,No internet service,No internet service,No internet service,No internet service,No internet service,No internet service,Two year,No,Electronic check,37.73,1134.87,No
CUST-105437,Male,0,No,Yes,55,Yes,No,DSL,Yes,No,No,No,No,Yes,Month-to-month,No,Electronic check,77.54,4197.14,No
CUST-105438,Male,0,No,No,9,Yes,No,Fiber optic,No,No,No,Yes,No,No,One year,Yes,Electronic check,103.95,947.13,Yes
CUST-105439,Female,1,Yes,Yes,41,Yes,No,No,No internet service,No internet service,No internet service,No internet service,No internet service,No internet service,Two year,Yes,Electronic check,45.06,1926.02,No
CUST-105440,Female,0,Yes,Yes,39,Yes,No,DSL,No,No,Yes,No,No,No,Month-to-month,No,Mailed check,70.87,2680.46,No
CUST-105441,Female,0,No,Yes,1,Yes,No,DSL,No,No,No,Yes,Yes,Yes,Two year,Yes,Electronic check,83.27,84.58,No
CUST-105442,Female,0,Yes,Yes,38,Yes,Yes,DSL,No,No,No,Yes,No,No,One year,Yes,Mailed check,66.21,2627.47,No
CUST-105443,Female,0,No,No,47,Yes,No,DSL,Yes,Yes,No,No,Yes,No,One year,Yes,Electronic check,85.28,3881.39,No
CUST-105444,Male,0,Yes,No,29,No,No phone service,DSL,Yes,No,No,No,Yes,No,Two year,No,Credit card (automatic),53.43,1480.01,No
CUST-105445,Male,0,Yes,No,44,Yes,No,DSL,Yes,Yes,Yes,No,No,Yes,Month-to-month,Yes,Electronic check,96.73,4224.22,No
CUST-105446,Female,0,Yes,No,23,Yes,No,DSL,Yes,No,No,Yes,No,No,One year,No,Electronic check,73.46,1618.33,No
CUST-105447,Male,0,Yes,No,44,Yes,No,No,No internet service,No internet service,No internet service,No internet service,No internet service,No internet service,One year,Yes,Bank transfer (automatic),42.68,1890.17,No
CUST-105448,Male,0,Yes,No,17,Yes,No,DSL,No,No,Yes,No,No,No,Month-to-month,Yes,Credit card (automatic),75.28,1292.48,No
CUST-105449,Male,0,No,No,20,Yes,Yes,DSL,Yes,No,No,Yes,Yes,No,Month-to-month,No,Mailed check,81.21,1686.46,No
CUST-105450,Male,0,No,No,5,Yes,No,No,No internet service,No internet service,No internet service,No internet service,No internet service,No internet service,One year,Yes,Mailed check,38.9,188.4,No
CUST-105451,Female,0,Yes,No,7,Yes,No,Fiber optic,No,Yes,No,No,No,Yes,Month-to-month,Yes,Credit card (automatic),103.76,749.4,Yes
CUST-105452,Female,0,No,No,9,Yes,Yes,Fiber optic,Yes,Yes,No,Yes,No,No,Month-to-month,No,Bank transfer (automatic),97.9,860.11,Yes
CUST-105453,Female,1,Yes,No,13,Yes,Yes,Fiber optic,No,No,No,No,No,Yes,Month-to-month,Yes,Mailed check,90.55,1209.77,No
CUST-105454,Male,0,Yes,No,52,Yes,No,Fiber optic,No,No,No,No,No,Yes,Month-to-month,Yes,Mailed check,86.88,4441.69,Yes
CUST-105455,Male,0,No,No,15,Yes,No,No,No internet service,No internet service,No internet service,No internet service,No internet service,No internet service,Month-to-month,Yes,Electronic check,44.16,694.99,Yes
CUST-105456,Male,0,No,No,25,Yes,No,No,No internet service,No internet service,No internet service,No internet service,No internet service,No internet service,Month-to-month,Yes,Electronic check,42.45,1081.48,Yes
CUST-105457,Male,0,No,Yes,12,Yes,No,DSL,Yes,No,No,No,No,Yes,Month-to-month,Yes,Electronic check,75.39,948.17,Yes
CUST-105458,Female,0,Yes,No,30,Yes,No,Fiber optic,Yes,No,No,No,No,No,Month-to-month,No,Electronic check,99.03,3066.8,No
CUST-105459,Female,0,Yes,No,17,Yes,No,Fiber optic,No,Yes,No,No,No,No,Two year,No,Credit card (automatic),93.15,1614.21,No
CUST-105460,Female,0,No,No,24,Yes,Yes,No,No internet service,No internet service,No internet service,No internet service,No internet service,No internet service,Two year,Yes,Credit card (automatic),34.59,859.46,No
CUST-105461,Male,0,No,Yes,5,Yes,No,DSL,No,No,No,No,Yes,Yes,Month-to-month,Yes,Electronic check,74.98,376.83,Yes
CUST-105462,Female,0,No,No,36,Yes,Yes,No,No internet service,No internet service,No internet service,No internet service,No internet service,No internet service,Month-to-month,Yes,Electronic check,34.07,1200.11,No
CUST-105463,Male,0,No,Yes,19,Yes,Yes,No,No internet service,No internet service,No internet service,No internet service,No internet service,No internet service,Month-to-month,No,Bank transfer (automatic),43.92,845.17,No
CUST-105464,Male,0,Yes,No,47,Yes,No,Fiber optic,No,No,Yes,No,No,No,Month-to-month,Yes,Mailed check,99.29,4491.68,Yes
CUST-105465,Female,0,No,No,72,No,No phone service,Fiber optic,No,No,No,No,No,No,One year,No,Credit card (automatic),67.73,4812.64,No
CUST-105466,Male,0,No,No,35,Yes,No,Fiber optic,Yes,Yes,No,Yes,No,No,One year,Yes,Credit card (automatic),102.69,3727.05,No
CUST-105467,Male,0,Yes,No,37,Yes,No,No,No internet service,No internet service,No internet service,No internet service,No internet service,No internet service,Month-to-month,Yes,Mailed check,43.43,1621.6,No
CUST-105468,Female,1,Yes,Yes,60,Yes,No,Fiber optic,No,Yes,No,No,Yes,No,Two year,Yes,Electronic check,90.09,5585.35,No
CUST-105469,Male,0,No,No,25,Yes,Yes,No,No internet service,No internet service,No internet service,No internet service,No internet service,No internet service,Two year,No,Credit card (automatic),39.1,1017.71,No
CUST-105470,Female,1,Yes,Yes,10,Yes,No,No,No internet service,No internet service,No internet service,No internet service,No internet service,No internet service,Month-to-month,Yes,Mailed check,44.31,425.39,No
CUST-105471,Male,0,No,No,52,Yes,Yes,Fiber optic,Yes,No,Yes,No,No,No,One year,No,Mailed check,95.43,4915.05,No
CUST-105472,Female,0,No,No,47,Yes,Yes,DSL,No,No,No,Yes,No,Yes,Month-to-month,Yes,Bank transfer (automatic),68.37,3157.1,No
CUST-105473,Male,0,Yes,Yes,34,Yes,No,Fiber optic,No,Yes,No,Yes,Yes,No,One year,Yes,Mailed check,105.85,3664.69,No
CUST-105474,Male,0,No,No,28,Yes,No,DSL,No,No,No,Yes,No,No,Month-to-month,Yes,Electronic check,74.71,2058.19,No
CUST-105475,Female,0,No,No,2,Yes,Yes,DSL,No,No,No,No,No,Yes,Month-to-month,Yes,Bank transfer (automatic),72.54,146.04,Yes
CUST-105476,Male,0,Yes,Yes,40,Yes,No,Fiber optic,No,No,Yes,No,No,Yes,Month-to-month,No,Electronic check,98.96,4080.51,Yes
CUST-105477,Female,1,No,No,39,Yes,No,Fiber optic,No,Yes,Yes,No,No,No,Month-to-month,No,Electronic check,107.04,4201.25,No
CUST-105478,Male,0,Yes,Yes,37,Yes,Yes,DSL,No,Yes,No,No,Yes,Yes,Month-to-month,Yes,Mailed check,77.01,2835.79,Yes
CUST-105479,Female,0,No,Yes,22,Yes,Yes,Fiber optic,No,No,Yes,Yes,No,No,One year,Yes,Electronic check,99.36,2116.38,No
CUST-105480,Female,0,Yes,No,11,Yes,Yes,DSL,No,Yes,Yes,No,Yes,No,Month-to-month,Yes,Credit card (automatic),82.49,924.55,No
CUST-105481,Male,0,Yes,No,41,No,No phone service,No,No internet service,No internet service,No internet service,No internet service,No internet service,No internet service,Two year,Yes,Credit card (automatic),18.0,721.14,No
CUST-105482,Male,0,No,No,45,Yes,Yes,Fiber optic,No,No,No,No,Yes,No,Month-to-month,Yes,Credit card (automatic),94.41,4299.77,No
CUST-105483,Female,0,Yes,No,12,Yes,Yes,DSL,No,Yes,No,No,Yes,Yes,Two year,No,Electronic check,81.73,980.72,Yes
CUST-105484,Female,0,Yes,No,8,Yes,No,No,No internet service,No internet service,No internet service,No internet service,No internet service,No internet service,Month-to-month,Yes,Credit card (automatic),39.99,334.39,No
CUST-105485,Male,0,Yes,No,35,Yes,Yes,DSL,Yes,Yes,No,Yes,No,Yes,Month-to-month,Yes,Electronic check,82.41,2768.51,No
CUST-105486,Male,0,No,Yes,3,Yes,Yes,DSL,No,Yes,No,No,No,No,Month-to-month,No,Mailed check,65.51,192.39,Yes
CUST-105487,Female,1,No,Yes,14,Yes,No,Fiber optic,No,No,No,No,Yes,No,Month-to-month,No,Electronic check,98.72,1375.14,Yes
CUST-105488,Female,0,Yes,No,46,Yes,Yes,DSL,No,No,No,Yes,No,No,Month-to-month,Yes,Credit card (automatic),68.57,3163.1,No
CUST-105489,Male,0,Yes,No,21,Yes,Yes,No,No internet service,No internet service,No internet service,No internet service,No internet service,No internet service,One year,Yes,Electronic check,43.25,879.45,Yes
CUST-105490,Male,1,Yes,No,33,Yes,No,No,No internet service,No internet service,No internet service,No internet service,No internet service,No internet service,Month-to-month,Yes,Bank transfer (automatic),32.54,1066.87,No
CUST-105491,Female,0,No,Yes,50,Yes,No,No,No internet service,No internet service,No internet service,No internet service,No internet service,No internet service,Month-to-month,Yes,Bank transfer (automatic),33.59,1750.57,No
CUST-105492,Male,0,Yes,No,12,Yes,No,Fiber optic,No,Yes,No,Yes,No,No,Month-to-month,No,Mailed check,98.8,1226.33,Yes
CUST-105493,Male,0,No,Yes,16,Yes,Yes,DSL,No,No,No,No,No,Yes,One year,No,Bank transfer (automatic),74.29,1153.65,No
CUST-105494,Female,0,No,No,21,Yes,No,Fiber optic,Yes,No,Yes,Yes,No,No,Month-to-month,Yes,Electronic check,111.61,2291.16,No
CUST-105495,Male,1,No,No,30,Yes,No,DSL,No,No,Yes,No,Yes,No,Month-to-month,Yes,Electronic check,75.2,2163.31,Yes
CUST-105496,Female,0,No,Yes,40,Yes,Yes,No,No internet service,No internet service,No internet service,No internet service,No internet service,No internet service,Month-to-month,No,Mailed check,39.68,1520.37,No
CUST-105497,Male,0,Yes,No,5,Yes,No,DSL,Yes,No,Yes,No,No,Yes,One year,Yes,Bank transfer (automatic),74.06,360.74,No
CUST-105498,Female,1,No,No,34,Yes,No,DSL,No,No,No,No,No,Yes,One year,No,Electronic check,74.35,2447.38,Yes
CUST-105499,Male,0,Yes,No,50,No,No phone service,Fiber optic,Yes,No,Yes,No,Yes,No,Month-to-month,No,Credit card (automatic),79.89,4093.02,Yes
CUST-105500,Female,1,No,No,62,Yes,Yes,Fiber optic,Yes,No,No,No,Yes,Yes,Month-to-month,Yes,Electronic check,112.24,7202.58,No
CUST-105501,Male,0,Yes,Yes,39,Yes,Yes,No,No internet service,No internet service,No internet service,No internet service,No internet service,No internet service,Month-to-month,No,Bank transfer (automatic),36.01,1436.77,Yes
CUST-105502,Male,0,Yes,Yes,45,Yes,Yes,No,No internet service,No internet service,No internet service,No internet service,No internet service,No internet service,Month-to-month,Yes,Electronic check,39.43,1764.26,No
CUST-105503,Female,0,Yes,Yes,59,Yes,Yes,Fiber optic,Yes,Yes,No,Yes,No,No,One year,Yes,Mailed check,101.61,6053.54,No
CUST-105504,Female,0,Yes,Yes,53,Yes,Yes,No,No internet service,No internet service,No internet service,No internet service,No internet service,No internet service,One year,Yes,Mailed check,38.17,2118.75,Yes
CUST-105505,Female,0,No,No,39,Yes,Yes,No,No internet service,No internet service,No internet service,No internet service,No internet service,No internet service,Month-to-month,No,Mailed check,45.07,1747.3,No
CUST-105506,Male,0,No,No,41,Yes,No,No,No internet service,No internet service,No internet service,No internet service,No internet service,No internet service,One year,Yes,Electronic check,37.09,1481.59,No
CUST-105507,Male,0,Yes,No,72,Yes,No,No,No internet service,No internet service,No internet service,No internet service,No internet service,No internet service,Month-to-month,Yes,Mailed check,37.19,2551.0,No
CUST-105508,Female,0,No,No,55,Yes,No,Fiber optic,No,No,No,Yes,Yes,Yes,One year,Yes,Electronic check,103.9,5637.29,No
CUST-105509,Female,0,No,No,17,Yes,Yes,DSL,No,No,No,No,Yes,Yes,One year,No,Electronic check,76.27,1241.3,No
CUST-105510,Male,0,Yes,Yes,33,No,No phone service,No,No internet service,No internet service,No internet service,No internet service,No internet service,No internet service,One year,No,Electronic check,21.42,691.1,No
CUST-105511,Female,0,Yes,Yes,54,Yes,Yes,DSL,No,No,No,Yes,Yes,No,Month-to-month,Yes,Credit card (automatic),76.46,4309.48,Yes
CUST-105512,Female,1,No,No,38,No,No phone service,No,No internet service,No internet service,No internet service,No internet service,No internet service,No internet service,Month-to-month,Yes,Electronic check,18.0,698.02,No
CUST-105513,Female,0,Yes,No,31,Yes,No,Fiber optic,No,Yes,No,No,No,No,Month-to-month,Yes,Mailed check,96.68,2961.43,No
CUST-105514,Female,1,No,Yes,44,Yes,No,Fiber optic,No,No,No,Yes,Yes,No,Month-to-month,No,Electronic check,105.29,4488.51,Yes
CUST-105515,Female,1,Yes,No,27,Yes,No,No,No internet service,No internet service,No internet service,No internet service,No internet service,No internet service,Month-to-month,Yes,Bank transfer (automatic),35.67,949.97,No
CUST-105516,Female,0,Yes,Yes,49,Yes,Yes,Fiber optic,No,No,No,No,No,Yes,One year,No,Mailed check,96.15,4939.26,No
CUST-105517,Female,0,No,No,53,No,No phone service,DSL,No,No,No,No,No,No,One year,No,Electronic check,42.2,2342.25,No
CUST-105518,Female,0,No,No,65,No,No phone service,No,No internet service,No internet service,No internet service,No internet service,No internet service,No internet service,One year,No,Credit card (automatic),22.26,1436.26,No
CUST-105519,Female,0,No,Yes,69,Yes,No,DSL,No,No,No,No,No,Yes,One year,Yes,Credit card (automatic),78.57,5572.74,Yes
CUST-105520,Male,0,Yes,No,51,Yes,No,No,No internet service,No internet service,No internet service,No internet service,No internet service,No internet service,Month-to-month,No,Electronic check,38.4,1887.67,No
CUST-105521,Female,1,No,No,55,Yes,No,No,No internet service,No internet service,No internet service,No internet service,No internet service,No internet service,Month-to-month,Yes,Bank transfer (automatic),41.16,2280.9,No
CUST-105522,Female,1,No,No,56,Yes,No,Fiber optic,No,No,No,Yes,No,No,Month-to-month,No,Credit card (automatic),100.55,5471.78,Yes
CUST-105523,Female,0,No,No,24,Yes,Yes,Fiber optic,Yes,Yes,No,No,No,Yes,One year,Yes,Credit card (automatic),113.19,2591.78,No
CUST-105524,Female,0,No,No,66,No,No phone service,DSL,Yes,No,Yes,Yes,No,No,Month-to-month,No,Electronic check,49.82,3327.43,No
CUST-105525,Male,0,No,Yes,37,Yes,No,No,No internet service,No internet service,No internet service,No internet service,No internet service,No internet service,Month-to-month,Yes,Bank transfer (automatic),38.19,1401.1,No
CUST-105526,Female,0,No,Yes,63,Yes,Yes,Fiber optic,No,No,No,Yes,No,No,Month-to-month,No,Electronic check,97.22,6307.38,Yes
CUST-105527,Male,0,No,No,15,Yes,No,DSL,Yes,No,No,No,No,No,One year,No,Bank transfer (automatic),78.26,1163.92,No
CUST-105528,Male,0,No,No,22,Yes,Yes,No,No internet service,No internet service,No internet service,No internet service,No internet service,No internet service,Two year,No,Mailed check,42.25,883.23,No
CUST-105529,Male,0,No,Yes,45,Yes,Yes,Fiber optic,Yes,Yes,No,Yes,No,No,Two year,Yes,Bank transfer (automatic),97.81,4315.02,No
CUST-105530,Female,0,No,No,42,Yes,Yes,No,No internet service,No internet service,No internet service,No internet service,No internet service,No internet service,Month-to-month,No,Credit card (automatic),45.99,1996.17,No
CUST-105531,Female,1,No,No,29,No,No phone service,Fiber optic,No,Yes,Yes,No,No,Yes,Month-to-month,Yes,Electronic check,94.25,2763.81,Yes
CUST-105532,Female,0,Yes,Yes,16,No,No phone service,No,No internet service,No internet service,No internet service,No internet service,No internet service,No internet service,Month-to-month,No,Electronic check,22.77,358.79,No
CUST-105533,Male,1,Yes,Yes,16,Yes,No,Fiber optic,No,Yes,Yes,No,Yes,No,Two year,No,Bank transfer (automatic),108.35,1692.87,Yes
CUST-105534,Male,0,Yes,No,53,Yes,No,Fiber optic,No,No,Yes,No,Yes,No,Month-to-month,No,Mailed check,93.23,5007.04,No
CUST-105535,Female,0,No,Yes,1,Yes,Yes,DSL,No,Yes,No,Yes,No,No,Month-to-month,Yes,Mailed check,70.79,68.88,Yes
CUST-105536,Male,1,Yes,No,8,Yes,Yes,Fiber optic,Yes,No,No,No,Yes,Yes,Month-to-month,No,Bank transfer (automatic),102.2,837.73,No
CUST-105537,Female,0,Yes,No,67,Yes,Yes,Fiber optic,No,Yes,No,No,No,No,Month-to-month,Yes,Bank transfer (automatic),99.59,6363.56,No
CUST-105538,Female,0,No,Yes,71,Yes,Yes,Fiber optic,No,Yes,Yes,No,Yes,No,Two year,Yes,Bank transfer (automatic),114.5,8455.26,Yes
CUST-105539,Female,0,Yes,No,5,Yes,No,No,No internet service,No internet service,No internet service,No internet service,No internet service,No internet service,Month-to-month,No,Electronic check,44.76,212.7,Yes
CUST-105540,Male,0,No,Yes,10,Yes,Yes,Fiber optic,No,No,No,Yes,No,No,Two year,Yes,Electronic check,93.38,930.88,Yes
CUST-105541,Male,0,No,No,24,Yes,Yes,Fiber optic,No,No,Yes,No,Yes,Yes,Month-to-month,Yes,Credit card (automatic),106.47,2610.3,No
CUST-105542,Male,0,Yes,Yes,42,Yes,Yes,No,No internet service,No internet service,No internet service,No internet service,No internet service,No internet service,Month-to-month,No,Mailed check,45.55,1949.66,No
CUST-105543,Female,0,Yes,No,13,Yes,No,Fiber optic,No,Yes,No,No,Yes,Yes,One year,Yes,Bank transfer (automatic),124.02,1587.46,No
CUST-105544,Male,0,No,No,71,Yes,No,Fiber optic,Yes,No,Yes,Yes,Yes,No,Month-to-month,No,Electronic check,107.21,7649.04,Yes
CUST-105545,Female,0,No,No,36,Yes,Yes,No,No internet service,No internet service,No internet service,No internet service,No internet service,No internet service,Two year,Yes,Bank transfer (automatic),44.38,1596.75,No
CUST-105546,Male,0,Yes,Yes,39,Yes,Yes,DSL,Yes,No,No,No,Yes,No,Month-to-month,No,Electronic check,73.22,2959.19,Yes
CUST-105547,Male,0,Yes,No,14,Yes,No,Fiber optic,No,No,No,Yes,No,No,Month-to-month,Yes,Bank transfer (automatic),98.32,1313.63,Yes
CUST-105548,Male,1,No,No,22,Yes,No,DSL,No,No,No,No,Yes,Yes,Month-to-month,No,Electronic check,89.06,2010.14,Yes
CUST-105549,Female,0,No,No,53,Yes,No,Fiber optic,Yes,No,No,No,No,Yes,Two year,No,Electronic check,96.4,5049.11,No
CUST-105550,Female,0,No,No,46,Yes,Yes,Fiber optic,Yes,No,Yes,Yes,No,No,One year,No,Mailed check,110.81,5196.33,No
CUST-105551,Male,0,Yes,No,16,Yes,No,Fiber optic,No,No,No,No,Yes,Yes,One year,Yes,Electronic check,97.15,1615.74,Yes
CUST-105552,Female,1,No,No,32,No,No phone service,DSL,No,No,No,Yes,No,Yes,Two year,No,Credit card (automatic),58.66,1964.81,Yes
CUST-105553,Female,0,No,No,13,Yes,No,Fiber optic,No,No,No,Yes,No,No,Month-to-month,Yes,Mailed check,90.44,1147.1,No
CUST-105554,Female,0,Yes,No,29,Yes,Yes,DSL,No,No,No,Yes,Yes,Yes,Two year,Yes,Mailed check,80.09,2209.67,No
CUST-105555,Female,1,No,No,15,Yes,No,Fiber optic,No,Yes,No,Yes,No,Yes,Month-to-month,Yes,Electronic check,106.49,1521.77,No
CUST-105556,Male,0,No,No,71,Yes,Yes,Fiber optic,Yes,No,Yes,Yes,No,No,Two year,Yes,Mailed check,99.99,7165.08,No
CUST-105557,Male,1,No,No,21,Yes,No,Fiber optic,No,No,No,No,Yes,No,One year,No,Electronic check,85.66,1788.21,Yes
CUST-105558,Female,0,No,Yes,34,Yes,Yes,Fiber optic,No,No,Yes,No,No,No,Month-to-month,Yes,Bank transfer (automatic),97.1,3394.07,Yes
CUST-105559,Male,0,Yes,No,46,Yes,Yes,Fiber optic,Yes,No,Yes,Yes,Yes,No,One year,No,Credit card (automatic),114.21,5445.93,Yes
CUST-105560,Male,1,No,No,2,Yes,Yes,DSL,Yes,No,Yes,Yes,Yes,No,One year,No,Electronic check,80.8,156.36,No
CUST-105561,Male,1,Yes,No,15,Yes,No,Fiber optic,No,No,No,No,No,No,Month-to-month,Yes,Credit card (automatic),90.61,1304.57,Yes
CUST-105562,Female,0,No,No,72,Yes,No,Fiber optic,No,No,No,No,No,Yes,One year,Yes,Credit card (automatic),105.71,7840.39,Yes
CUST-105563,Male,0,Yes,No,50,Yes,Yes,DSL,No,No,No,No,No,No,Month-to-month,Yes,Credit card (automatic),59.33,3061.56,No
CUST-105564,Male,0,Yes,Yes,17,Yes,Yes,No,No internet service,No internet service,No internet service,No internet service,No internet service,No internet service,Two year,Yes,Bank transfer (automatic),41.38,692.41,No
CUST-105565,Female,0,No,No,31,No,No phone service,No,No internet service,No internet service,No internet service,No internet service,No internet service,No internet service,Two year,Yes,Credit card (automatic),20.06,605.68,No
CUST-105566,Male,0,Yes,No,62,Yes,Yes,DSL,No,No,Yes,Yes,Yes,No,Month-to-month,No,Mailed check,79.83,4714.66,No
CUST-105567,Male,0,No,Yes,14,Yes,Yes,DSL,No,Yes,Yes,No,Yes,No,Month-to-month,No,Bank transfer (automatic),89.41,1255.64,No
CUST-105568,Male,0,Yes,Yes,21,Yes,No,Fiber optic,No,No,No,No,No,No,Month-to-month,Yes,Bank transfer (automatic),89.2,1897.83,No
CUST-105569,Male,0,Yes,No,17,Yes,Yes,No,No internet service,No internet service,No internet service,No internet service,No internet service,No internet service,One year,Yes,Electronic check,44.29,759.97,No
CUST-105570,Female,0,Yes,No,48,Yes,No,Fiber optic,Yes,Yes,No,Yes,No,No,Two year,No,Electronic check,101.93,4869.02,No
CUST-105571,Female,0,Yes,No,38,Yes,No,No,No internet service,No internet service,No internet service,No internet service,No internet service,No internet service,One year,No,Mailed check,39.94,1455.99,No
CUST-105572,Male,0,Yes,No,36,Yes,No,DSL,No,Yes,No,No,No,No,Two year,No,Electronic check,70.78,2556.52,No
CUST-105573,Female,0,Yes,No,27,Yes,Yes,DSL,No,No,No,No,Yes,Yes,One year,No,Mailed check,72.64,1934.27,No
CUST-105574,Female,0,No,Yes,23,Yes,No,DSL,Yes,No,No,Yes,Yes,No,Month-to-month,Yes,Bank transfer (automatic),90.54,2125.92,No
CUST-105575,Female,0,No,No,37,Yes,No,Fiber optic,No,No,Yes,No,Yes,No,Two year,No,Bank transfer (automatic),101.05,3920.54,Yes
CUST-105576,Female,0,Yes,No,58,No,No phone service,Fiber optic,No,Yes,No,No,Yes,No,Month-to-month,Yes,Bank transfer (automatic),78.17,4580.24,No
CUST-105577,Female,0,Yes,No,59,Yes,No,Fiber optic,No,No,No,No,No,No,Month-to-month,Yes,Bank transfer (automatic),86.28,5092.2,No
CUST-105578,Male,0,Yes,No,57,Yes,Yes,DSL,No,No,Yes,No,Yes,No,Month-to-month,No,Electronic check,71.81,4013.27,No
CUST-105579,Male,0,Yes,Yes,3,Yes,Yes,DSL,No,Yes,No,Yes,Yes,Yes,Month-to-month,Yes,Electronic check,91.15,263.99,Yes
CUST-105580,Female,0,Yes,No,35,Yes,Yes,Fiber optic,Yes,No,No,No,No,No,One year,No,Electronic check,99.43,3367.88,No
CUST-105581,Female,0,No,No,28,Yes,Yes,Fiber optic,No,Yes,No,No,No,Yes,Month-to-month,No,Credit card (automatic),104.19,2807.44,Yes
CUST-105582,Female,0,No,No,68,Yes,No,Fiber optic,No,No,No,No,No,Yes,Month-to-month,No,Credit card (automatic),98.15,6767.85,No
CUST-105583,Male,0,No,Yes,30,Yes,Yes,Fiber optic,No,No,Yes,No,No,Yes,Month-to-month,Yes,Bank transfer (automatic),116.22,3621.83,No
CUST-105584,Male,0,No,Yes,18,Yes,No,Fiber optic,No,No,No,No,Yes,No,Month-to-month,Yes,Mailed check,95.33,1671.86,Yes
CUST-105585,Female,0,No,No,18,No,No phone service,No,No internet service,No internet service,No internet service,No internet service,No internet service,No internet service,Month-to-month,No,Credit card (automatic),18.0,318.08,No
CUST-105586,Male,0,Yes,No,14,Yes,No,Fiber optic,No,No,Yes,Yes,Yes,No,Two year,Yes,Electronic check,110.89,1600.01,No
CUST-105587,Female,0,Yes,No,32,Yes,Yes,DSL,No,No,No,Yes,No,No,Month-to-month,Yes,Electronic check,69.36,2302.12,Yes
CUST-105588,Female,0,No,No,19,No,No phone service,No,No internet service,No internet service,No internet service,No internet service,No internet service,No internet service,Two year,Yes,Bank transfer (automatic),18.0,342.47,No
CUST-105589,Female,0,Yes,Yes,41,Yes,No,Fiber optic,No,Yes,No,No,No,Yes,Month-to-month,No,Mailed check,100.58,4116.29,Yes
CUST-105590,Male,0,Yes,No,16,Yes,No,Fiber optic,No,No,No,Yes,No,Yes,Month-to-month,No,Credit card (automatic),104.1,1603.56,No
CUST-105591,Female,0,No,No,42,Yes,No,Fiber optic,No,No,No,No,Yes,No,One year,No,Credit card (automatic),98.68,4276.74,No
CUST-105592,Female,0,Yes,Yes,44,Yes,No,No,No internet service,No internet service,No internet service,No internet service,No internet service,No internet service,Month-to-month,No,Credit card (automatic),39.56,1700.23,No
CUST-105593,Female,0,Yes,No,48,Yes,No,DSL,No,Yes,No,No,No,Yes,Month-to-month,No,Bank transfer (automatic),79.58,3845.14,No
CUST-105594,Female,0,No,Yes,64,Yes,No,DSL,No,No,No,No,Yes,No,Month-to-month,Yes,Credit card (automatic),65.94,4325.76,No
CUST-105595,Male,0,Yes,No,5,Yes,Yes,No,No internet service,No internet service,No internet service,No internet service,No internet service,No internet service,One year,Yes,Bank transfer (automatic),34.3,176.52,No
CUST-105596,Female,0,Yes,No,3,Yes,Yes,Fiber optic,No,No,No,Yes,Yes,Yes,Two year,No,Mailed check,109.55,328.08,No
CUST-105597,Female,0,Yes,Yes,33,Yes,Yes,No,No internet service,No internet service,No internet service,No internet service,No internet service,No internet service,Month-to-month,No,Bank transfer (automatic),36.84,1181.01,No
CUST-105598,Female,0,Yes,No,37,Yes,No,Fiber optic,Yes,Yes,No,No,No,No,One year,Yes,Credit card (automatic),99.16,3576.66,No
CUST-105599,Female,1,No,No,55,Yes,No,No,No internet service,No internet service,No internet service,No internet service,No internet service,No internet service,Month-to-month,No,Electronic check,40.97,2185.38,Yes
CUST-105600,Male,0,No,Yes,16,Yes,No,DSL,No,No,Yes,No,No,No,One year,No,Mailed check,70.97,1137.5,No
CUST-105601,Female,0,Yes,No,33,Yes,No,No,No internet service,No internet service,No internet service,No internet service,No internet service,No internet service,Two year,Yes,Mailed check,42.95,1416.62,No
CUST-105602,Male,0,Yes,No,44,Yes,Yes,No,No internet service,No internet service,No internet service,No internet service,No internet service,No internet service,Month-to-month,Yes,Bank transfer (automatic),37.1,1675.46,No
CUST-105603,Male,0,Yes,No,47,Yes,No,No,No internet service,No internet service,No internet service,No internet service,No internet service,No internet service,Month-to-month,Yes,Bank transfer (automatic),39.27,1823.01,No
CUST-105604,Female,0,No,Yes,39,Yes,Yes,DSL,Yes,No,No,No,Yes,No,Two year,No,Mailed check,81.58,3210.72,No
CUST-105605,Male,0,Yes,No,43,Yes,No,Fiber optic,No,Yes,No,Yes,No,Yes,Month-to-month,Yes,Bank transfer (automatic),122.67,5185.26,No
CUST-105606,Male,0,Yes,Yes,11,Yes,Yes,DSL,Yes,No,No,No,No,Yes,Two year,No,Mailed check,78.09,849.59,No
CUST-105607,Female,0,No,Yes,33,Yes,No,No,No internet service,No internet service,No internet service,No internet service,No internet service,No internet service,One year,Yes,Electronic check,36.09,1200.62,No
CUST-105608,Female,0,No,Yes,39,Yes,No,DSL,No,No,No,No,Yes,No,Two year,No,Bank transfer (automatic),78.87,3142.86,Yes
CUST-105609,Male,0,No,Yes,5,No,No phone service,Fiber optic,No,No,Yes,No,No,No,Month-to-month,Yes,Electronic check,80.62,408.38,No
CUST-105610,Male,1,No,No,70,Yes,No,DSL,Yes,No,Yes,No,No,Yes,One year,No,Credit card (automatic),81.14,5750.44,No
CUST-105611,Male,0,No,No,46,Yes,Yes,Fiber optic,No,No,No,No,Yes,No,Month-to-month,No,Credit card (automatic),90.34,4317.41,No
CUST-105612,Female,0,No,No,52,Yes,No,Fiber optic,No,Yes,No,Yes,No,No,One year,No,Electronic check,98.45,4888.98,No
CUST-105613,Male,0,No,No,39,Yes,Yes,DSL,No,No,Yes,No,No,No,Two year,Yes,Electronic check,69.1,2564.64,No
CUST-105614,Female,0,Yes,Yes,67,Yes,Yes,Fiber optic,No,Yes,No,Yes,No,Yes,One year,No,Electronic check,107.48,7339.27,No
CUST-105615,Female,1,Yes,No,0,Yes,No,DSL,No,No,No,Yes,No,No,One year,No,Bank transfer (automatic),73.6,0.0,Yes
CUST-105616,Female,0,Yes,No,69,Yes,Yes,No,No internet service,No internet service,No internet service,No internet service,No internet service,No internet service,Month-to-month,No,Electronic check,44.75,3180.4,Yes
CUST-105617,Male,0,No,Yes,15,Yes,No,No,No internet service,No internet service,No internet service,No internet service,No internet service,No internet service,Month-to-month,Yes,Mailed check,40.29,615.6,Yes
CUST-105618,Female,0,No,No,64,Yes,Yes,DSL,Yes,No,Yes,No,No,Yes,One year,No,Mailed check,82.71,5288.48,Yes
CUST-105619,Male,1,No,Yes,4,Yes,Yes,Fiber optic,No,Yes,No,Yes,Yes,Yes,Month-to-month,Yes,Bank transfer (automatic),113.43,449.89,Yes
CUST-105620,Male,0,Yes,No,22,No,No phone service,Fiber optic,No,Yes,No,Yes,Yes,No,Month-to-month,Yes,Bank transfer (automatic),93.45,1998.17,Yes
CUST-105621,Male,1,No,No,41,Yes,No,No,No internet service,No internet service,No internet service,No internet service,No internet service,No internet service,One year,No,Mailed check,37.66,1525.85,No
CUST-105622,Male,1,Yes,Yes,48,Yes,Yes,No,No internet service,No internet service,No internet service,No internet service,No internet service,No internet service,One year,Yes,Mailed check,43.06,2006.51,No
CUST-105623,Female,0,Yes,No,1,No,No phone service,Fiber optic,No,No,No,No,No,Yes,Month-to-month,Yes,Bank transfer (automatic),78.58,77.5,No
CUST-105624,Male,1,No,No,26,No,No phone service,Fiber optic,No,No,Yes,No,Yes,No,Month-to-month,Yes,Mailed check,76.73,1949.74,Yes
CUST-105625,Female,1,No,Yes,61,Yes,Yes,DSL,Yes,Yes,No,No,No,No,Month-to-month,Yes,Mailed check,79.29,5064.66,No
CUST-105626,Male,0,No,No,13,Yes,Yes,Fiber optic,Yes,No,No,No,No,Yes,One year,No,Electronic check,106.27,1399.36,No
CUST-105627,Male,0,Yes,No,69,Yes,No,No,No internet service,No internet service,No internet service,No internet service,No internet service,No internet service,Two year,Yes,Electronic check,41.98,2948.4,No
CUST-105628,Male,0,Yes,Yes,51,Yes,No,No,No internet service,No internet service,No internet service,No internet service,No internet service,No internet service,Month-to-month,Yes,Mailed check,43.93,2145.67,No
CUST-105629,Male,0,Yes,Yes,71,Yes,Yes,Fiber optic,No,No,No,No,Yes,Yes,Month-to-month,No,Bank transfer (automatic),107.66,7731.45,No
CUST-105630,Male,0,Yes,No,65,Yes,Yes,DSL,Yes,No,Yes,Yes,No,No,Two year,No,Bank transfer (automatic),81.13,5333.91,No
CUST-105631,Female,0,No,No,16,Yes,No,Fiber optic,Yes,No,No,No,Yes,No,Month-to-month,Yes,Credit card (automatic),105.17,1658.71,Yes
CUST-105632,Female,0,Yes,No,68,Yes,No,Fiber optic,No,No,No,No,No,No,One year,Yes,Electronic check,90.96,6291.53,Yes
CUST-105633,Male,0,Yes,No,36,Yes,No,Fiber optic,No,Yes,No,Yes,No,No,Month-to-month,No,Mailed check,99.15,3404.78,No
CUST-105634,Female,0,Yes,No,18,Yes,No,Fiber optic,Yes,Yes,Yes,No,No,No,Two year,No,Bank transfer (automatic),111.55,2074.0,Yes
CUST-105635,Female,0,No,No,65,Yes,Yes,Fiber optic,No,No,No,No,Yes,No,One year,No,Electronic check,98.82,6311.27,No
CUST-105636,Male,0,No,No,34,Yes,Yes,Fiber optic,Yes,No,No,No,Yes,No,Month-to-month,Yes,Mailed check,97.21,3259.49,Yes
CUST-105637,Male,0,Yes,Yes,50,Yes,Yes,Fiber optic,No,No,No,No,Yes,No,Month-to-month,Yes,Mailed check,99.04,5029.91,Yes
CUST-105638,Male,0,Yes,Yes,44,Yes,Yes,Fiber optic,No,Yes,No,No,Yes,No,Month-to-month,No,Mailed check,94.35,4085.85,Yes
CUST-105639,Female,0,No,Yes,21,Yes,Yes,Fiber optic,No,Yes,Yes,No,No,No,Month-to-month,No,Electronic check,95.05,1992.58,Yes
CUST-105640,Female,0,No,No,71,Yes,Yes,Fiber optic,No,No,No,No,Yes,No,Month-to-month,No,Electronic check,100.44,7468.63,Yes
CUST-105641,Male,1,Yes,No,60,Yes,Yes,No,No internet service,No internet service,No internet service,No internet service,No internet service,No internet service,Month-to-month,Yes,Electronic check,46.31,2736.67,No
CUST-105642,Female,0,Yes,No,38,Yes,No,DSL,No,No,No,Yes,No,No,Two year,Yes,Credit card (automatic),74.89,2824.59,No
CUST-105643,Female,0,No,No,41,Yes,Yes,DSL,No,Yes,No,No,No,Yes,Month-to-month,No,Electronic check,72.41,2861.42,Yes
CUST-105644,Female,0,No,No,5,Yes,Yes,DSL,No,Yes,Yes,No,No,Yes,Month-to-month,No,Electronic check,76.5,399.76,Yes
CUST-105645,Male,0,Yes,Yes,53,Yes,Yes,Fiber optic,No,No,Yes,No,Yes,No,Two year,No,Bank transfer (automatic),98.61,5328.59,No
CUST-105646,Female,0,Yes,No,66,Yes,No,DSL,Yes,No,No,No,No,Yes,Month-to-month,Yes,Credit card (automatic),89.07,5844.73,No
CUST-105647,Female,0,Yes,No,70,Yes,Yes,Fiber optic,Yes,No,No,No,No,No,Month-to-month,No,Electronic check,94.6,6657.82,Yes
CUST-105648,Female,0,Yes,No,40,No,No phone service,DSL,No,Yes,No,Yes,Yes,No,One year,Yes,Bank transfer (automatic),59.05,2415.45,Yes
CUST-105649,Female,0,Yes,No,72,Yes,No,No,No internet service,No internet service,No internet service,No internet service,No internet service,No internet service,One year,Yes,Electronic check,35.61,2529.85,No
CUST-105650,Female,0,Yes,Yes,58,Yes,No,Fiber optic,Yes,No,No,No,No,No,Month-to-month,Yes,Electronic check,106.19,6417.61,Yes
CUST-105651,Female,0,Yes,No,36,Yes,Yes,DSL,Yes,Yes,No,No,Yes,Yes,Two year,Yes,Credit card (automatic),87.72,3030.78,No
CUST-105652,Male,0,Yes,No,58,Yes,Yes,Fiber optic,Yes,Yes,Yes,No,No,No,Month-to-month,Yes,Bank transfer (automatic),116.05,6933.65,No
CUST-105653,Male,1,No,No,11,Yes,No,DSL,No,No,No,No,No,Yes,Month-to-month,Yes,Mailed check,69.59,748.83,No
CUST-105654,Male,0,Yes,No,49,Yes,No,No,No internet service,No internet service,No internet service,No internet service,No internet service,No internet service,Month-to-month,Yes,Electronic check,41.92,1953.2,No
CUST-105655,Male,1,No,No,45,Yes,No,No,No internet service,No internet service,No internet service,No internet service,No internet service,No internet service,Month-to-month,Yes,Mailed check,47.29,2189.29,No
CUST-105656,Female,0,Yes,Yes,36,Yes,No,No,No internet service,No internet service,No internet service,No internet service,No internet service,No internet service,Month-to-month,Yes,Electronic check,36.27,1252.09,No
CUST-105657,Female,0,No,No,47,Yes,No,Fiber optic,No,Yes,No,No,Yes,No,Month-to-month,No,Mailed check,103.18,4801.29,Yes
CUST-105658,Female,0,No,Yes,62,Yes,Yes,No,No internet service,No internet service,No internet service,No internet service,No internet service,No internet service,One year,No,Bank transfer (automatic),48.73,3145.04,No
CUST-105659,Female,0,No,Yes,41,Yes,No,DSL,No,Yes,No,No,Yes,Yes,Month-to-month,Yes,Mailed check,85.92,3617.19,No
CUST-105660,Male,0,Yes,Yes,27,Yes,Yes,Fiber optic,No,No,No,No,Yes,No,Two year,No,Bank transfer (automatic),90.85,2448.38,No
CUST-105661,Male,1,Yes,No,30,Yes,Yes,Fiber optic,Yes,No,Yes,No,No,Yes,Month-to-month,Yes,Electronic check,109.31,3232.6,Yes
CUST-105662,Female,0,No,No,41,Yes,Yes,Fiber optic,No,Yes,Yes,No,Yes,Yes,One year,Yes,Bank transfer (automatic),120.94,4830.14,No
CUST-105663,Male,0,Yes,No,42,Yes,No,DSL,Yes,Yes,No,Yes,No,Yes,Month-to-month,Yes,Credit card (automatic),96.82,3881.2,No
CUST-105664,Female,0,Yes,No,22,Yes,No,DSL,No,Yes,No,No,No,No,Month-to-month,No,Credit card (automatic),70.34,1530.25,No
CUST-105665,Male,0,Yes,Yes,38,Yes,Yes,No,No internet service,No internet service,No internet service,No internet service,No internet service,No internet service,One year,Yes,Electronic check,38.08,1445.3,No
CUST-105666,Male,0,No,No,20,Yes,No,Fiber optic,No,Yes,Yes,Yes,No,No,Month-to-month,No,Electronic check,105.2,2046.11,No
CUST-105667,Female,0,No,No,68,Yes,No,No,No internet service,No internet service,No internet service,No internet service,No internet service,No internet service,One year,No,Mailed check,35.88,2393.13,No
CUST-105668,Female,0,Yes,Yes,39,Yes,No,Fiber optic,No,No,No,No,No,Yes,One year,Yes,Mailed check,98.63,3887.13,No
CUST-105669,Female,0,No,No,61,Yes,Yes,DSL,No,No,Yes,No,No,Yes,One year,No,Credit card (automatic),75.62,4589.72,No
CUST-105670,Male,0,No,No,27,Yes,No,DSL,Yes,Yes,Yes,No,Yes,Yes,One year,Yes,Mailed check,96.4,2723.6,No
CUST-105671,Female,0,Yes,No,28,No,No phone service,Fiber optic,No,No,No,No,No,Yes,Two year,No,Mailed check,70.39,1891.33,No
CUST-105672,Female,0,Yes,No,21,Yes,Yes,DSL,No,Yes,No,Yes,No,Yes,Month-to-month,No,Electronic check,78.89,1661.91,Yes
CUST-105673,Female,0,Yes,No,41,Yes,Yes,DSL,No,No,No,No,No,No,Two year,Yes,Credit card (automatic),68.96,2819.66,No
CUST-105674,Male,1,No,No,44,Yes,No,Fiber optic,No,No,No,Yes,No,No,Month-to-month,Yes,Electronic check,100.88,4567.44,No
CUST-105675,Male,1,No,No,41,Yes,No,Fiber optic,Yes,No,No,No,Yes,No,Month-to-month,No,Credit card (automatic),100.39,4288.56,Yes
CUST-105676,Female,0,No,Yes,61,Yes,Yes,Fiber optic,No,No,No,No,No,No,Two year,Yes,Credit card (automatic),85.07,5104.29,No
CUST-105677,Male,0,No,No,37,Yes,Yes,DSL,No,No,Yes,Yes,No,Yes,Month-to-month,No,Electronic check,77.8,2967.49,Yes
CUST-105678,Female,0,Yes,No,59,Yes,No,No,No internet service,No internet service,No internet service,No internet service,No internet service,No internet service,Two year,Yes,Bank transfer (automatic),41.38,2533.62,No
CUST-105679,Male,0,No,No,4,Yes,No,No,No internet service,No internet service,No internet service,No internet service,No internet service,No internet service,One year,Yes,Electronic check,44.94,180.72,No
CUST-105680,Male,0,No,No,26,Yes,No,No,No internet service,No internet service,No internet service,No internet service,No internet service,No internet service,Two year,Yes,Electronic check,35.57,950.22,No
CUST-105681,Female,0,No,Yes,52,Yes,Yes,DSL,No,No,Yes,No,No,Yes,Month-to-month,Yes,Mailed check,82.56,4120.75,No
CUST-105682,Male,0,Yes,No,27,Yes,No,No,No internet service,No internet service,No internet service,No internet service,No internet service,No internet service,One year,No,Credit card (automatic),36.21,1014.25,Yes
CUST-105683,Male,1,Yes,No,53,Yes,No,Fiber optic,Yes,No,Yes,No,Yes,No,Month-to-month,Yes,Mailed check,116.82,6476.86,No
CUST-105684,Female,0,Yes,No,43,Yes,Yes,DSL,No,Yes,No,No,No,Yes,Month-to-month,No,Electronic check,78.38,3481.94,No
CUST-105685,Male,1,Yes,Yes,35,Yes,Yes,Fiber optic,No,Yes,No,No,Yes,Yes,One year,Yes,Mailed check,106.52,3585.47,No
CUST-105686,Female,0,No,Yes,40,Yes,No,No,No internet service,No internet service,No internet service,No internet service,No internet service,No internet service,One year,Yes,Mailed check,39.57,1504.06,No
CUST-105687,Male,0,No,No,65,Yes,Yes,Fiber optic,No,No,Yes,Yes,Yes,Yes,One year,Yes,Electronic check,107.76,6896.23,No
CUST-105688,Female,0,No,No,49,Yes,Yes,DSL,No,Yes,No,Yes,Yes,No,One year,Yes,Electronic check,86.51,4144.82,No
CUST-105689,Male,0,Yes,No,71,Yes,No,DSL,No,No,No,No,No,Yes,Two year,No,Electronic check,69.6,4978.03,Yes
CUST-105690,Male,0,Yes,No,6,No,No phone service,Fiber optic,No,No,Yes,Yes,No,No,Month-to-month,Yes,Mailed check,87.87,501.02,Yes
CUST-105691,Female,0,Yes,No,59,Yes,No,No,No internet service,No internet service,No internet service,No internet service,No internet service,No internet service,Month-to-month,No,Bank transfer (automatic),32.96,1950.96,Yes
CUST-105692,Female,0,No,Yes,65,Yes,Yes,DSL,No,No,No,Yes,No,Yes,One year,Yes,Bank transfer (automatic),77.93,5272.56,No
CUST-105693,Male,0,No,No,67,Yes,Yes,DSL,No,No,No,No,No,Yes,One year,No,Electronic check,68.72,4611.82,No
CUST-105694,Female,0,No,No,39,Yes,No,No,No internet service,No internet service,No internet service,No internet service,No internet service,No internet service,Month-to-month,Yes,Credit card (automatic),36.55,1360.38,No
CUST-105695,Male,0,No,Yes,35,Yes,Yes,No,No internet service,No internet service,No internet service,No internet service,No internet service,No internet service,Month-to-month,No,Mailed check,41.58,1453.67,No
CUST-105696,Male,0,No,No,42,Yes,No,No,No internet service,No internet service,No internet service,No internet service,No internet service,No internet service,Month-to-month,Yes,Electronic check,43.93,1876.27,No
CUST-105697,Female,0,Yes,Yes,66,Yes,No,DSL,Yes,No,No,Yes,No,Yes,One year,Yes,Credit card (automatic),84.12,5446.16,No
CUST-105698,Female,0,Yes,No,63,Yes,Yes,No,No internet service,No internet service,No internet service,No internet service,No internet service,No internet service,Month-to-month,No,Bank transfer (automatic),32.76,2150.46,No
CUST-105699,Male,0,Yes,Yes,68,Yes,No,DSL,No,Yes,Yes,No,No,Yes,One year,No,Mailed check,85.24,6057.78,No
CUST-105700,Female,0,Yes,No,70,Yes,Yes,Fiber optic,No,Yes,Yes,No,No,No,One year,Yes,Electronic check,106.75,7627.76,No
CUST-105701,Male,1,No,No,45,Yes,Yes,Fiber optic,No,No,No,No,Yes,No,Two year,No,Electronic check,95.31,4310.87,No
CUST-105702,Male,0,Yes,Yes,18,Yes,No,No,No internet service,No internet service,No internet service,No internet service,No internet service,No internet service,Month-to-month,Yes,Mailed check,37.52,667.65,Yes
CUST-105703,Male,0,No,No,11,Yes,No,DSL,No,No,Yes,No,No,No,Two year,Yes,Credit card (automatic),67.38,740.48,No
CUST-105704,Male,0,No,No,65,Yes,Yes,No,No internet service,No internet service,No internet service,No internet service,No internet service,No internet service,One year,No,Bank transfer (automatic),45.39,2913.15,No
CUST-105705,Female,1,No,No,11,Yes,No,No,No internet service,No internet service,No internet service,No internet service,No internet service,No internet service,Month-to-month,No,Electronic check,37.2,412.63,Yes
CUST-105706,Male,0,No,No,5,Yes,No,No,No internet service,No internet service,No internet service,No internet service,No internet service,No internet service,Month-to-month,Yes,Bank transfer (automatic),45.31,220.2,Yes
CUST-105707,Male,0,Yes,No,34,Yes,Yes,Fiber optic,No,No,No,No,No,No,Month-to-month,No,Mailed check,101.15,3307.64,No
CUST-105708,Female,0,No,No,54,Yes,No,Fiber optic,No,Yes,Yes,No,Yes,No,Month-to-month,No,Electronic check,108.15,6118.72,Yes
CUST-105709,Female,0,Yes,No,53,Yes,No,DSL,Yes,No,No,No,No,No,Month-to-month,No,Credit card (automatic),74.62,3861.6,No
CUST-105710,Male,1,No,No,18,No,No phone service,Fiber optic,No,No,No,No,Yes,Yes,Month-to-month,Yes,Bank transfer (automatic),83.84,1522.73,No
CUST-105711,Female,0,No,No,36,No,No phone service,DSL,No,No,No,No,Yes,Yes,Two year,Yes,Bank transfer (automatic),55.48,2037.26,No
CUST-105712,Male,0,Yes,No,65,Yes,No,Fiber optic,Yes,Yes,Yes,No,Yes,No,Month-to-month,Yes,Electronic check,116.76,7651.47,Yes
CUST-105713,Female,0,Yes,No,58,Yes,Yes,No,No internet service,No internet service,No internet service,No internet service,No internet service,No internet service,Month-to-month,Yes,Electronic check,40.88,2421.48,No
CUST-105714,Female,0,No,No,66,Yes,No,No,No internet service,No internet service,No internet service,No internet service,No internet service,No internet service,One year,No,Mailed check,43.22,2783.29,No
CUST-105715,Male,0,No,No,56,Yes,Yes,Fiber optic,No,Yes,Yes,Yes,Yes,Yes,Two year,Yes,Mailed check,113.35,6594.63,Yes
CUST-105716,Male,1,No,No,6,Yes,No,Fiber optic,No,Yes,Yes,No,Yes,No,Two year,Yes,Bank transfer (automatic),113.65,675.06,Yes
CUST-105717,Female,1,Yes,No,14,Yes,No,Fiber optic,Yes,No,No,No,No,No,Two year,No,Bank transfer (automatic),89.58,1262.34,No
CUST-105718,Male,0,No,No,12,Yes,No,No,No internet service,No internet service,No internet service,No internet service,No internet service,No internet service,Two year,Yes,Bank transfer (automatic),39.06,453.36,No
CUST-105719,Male,0,No,No,9,Yes,Yes,DSL,Yes,No,No,Yes,Yes,No,Month-to-month,No,Bank transfer (automatic),83.13,741.13,Yes
CUST-105720,Female,1,Yes,Yes,62,Yes,Yes,DSL,No,No,Yes,No,Yes,No,Month-to-month,No,Electronic check,65.46,4128.73,No
CUST-105721,Male,0,No,No,51,Yes,Yes,DSL,Yes,No,No,No,No,Yes,Month-to-month,No,Mailed check,73.67,3794.25,No
CUST-105722,Female,0,No,Yes,66,Yes,No,Fiber optic,No,No,Yes,No,Yes,No,Two year,Yes,Bank transfer (automatic),98.32,6453.02,No
CUST-105723,Female,0,No,No,23,Yes,Yes,Fiber optic,No,Yes,No,Yes,Yes,Yes,Month-to-month,Yes,Mailed check,111.86,2479.05,Yes
CUST-105724,Male,0,Yes,Yes,71,Yes,Yes,No,No internet service,No internet service,No internet service,No internet service,No internet service,No internet service,One year,Yes,Electronic check,33.78,2326.54,No
CUST-105725,Male,0,Yes,Yes,67,Yes,Yes,No,No internet service,No internet service,No internet service,No internet service,No internet service,No internet service,Month-to-month,No,Credit card (automatic),41.59,2909.45,No
CUST-105726,Female,1,No,Yes,7,Yes,No,No,No internet service,No internet service,No internet service,No internet service,No internet service,No internet service,Two year,No,Electronic check,38.39,276.62,No
CUST-105727,Male,0,No,Yes,63,No,No phone service,Fiber optic,No,No,Yes,No,No,Yes,Month-to-month,No,Credit card (automatic),87.97,5501.81,Yes
CUST-105728,Male,0,Yes,No,8,Yes,No,No,No internet service,No internet service,No internet service,No internet service,No internet service,No internet service,Two year,Yes,Bank transfer (automatic),42.12,350.47,No
CUST-105729,Male,0,No,Yes,32,Yes,Yes,Fiber optic,No,No,No,No,Yes,No,Two year,No,Bank transfer (automatic),93.12,2887.33,No
CUST-105730,Female,0,Yes,Yes,13,Yes,No,Fiber optic,Yes,No,No,No,Yes,No,Month-to-month,Yes,Electronic check,103.1,1283.81,No
CUST-105731,Male,0,No,No,42,Yes,No,Fiber optic,No,No,No,No,No,Yes,One year,Yes,Mailed check,93.95,4142.75,Yes
CUST-105732,Female,0,Yes,No,1,Yes,Yes,Fiber optic,No,No,No,No,No,No,Month-to-month,Yes,Electronic check,84.52,84.77,Yes
CUST-105733,Male,1,Yes,No,61,Yes,Yes,DSL,Yes,No,Yes,No,Yes,Yes,Month-to-month,No,Credit card (automatic),87.67,5587.95,No
CUST-105734,Female,0,No,No,34,Yes,No,Fiber optic,No,No,No,Yes,Yes,No,Month-to-month,No,Electronic check,99.94,3411.97,Yes
CUST-105735,Female,0,Yes,Yes,63,Yes,No,No,No internet service,No internet service,No internet service,No internet service,No internet service,No internet service,One year,No,Mailed check,35.43,2228.38,No
CUST-105736,Male,0,No,No,31,Yes,No,DSL,No,Yes,No,No,No,No,Month-to-month,Yes,Bank transfer (automatic),70.24,2226.31,No
CUST-105737,Female,0,No,No,40,Yes,Yes,DSL,No,Yes,No,Yes,No,No,One year,No,Electronic check,73.76,2944.01,No
CUST-105738,Male,0,Yes,No,53,Yes,Yes,No,No internet service,No internet service,No internet service,No internet service,No internet service,No internet service,One year,Yes,Mailed check,41.14,2171.99,Yes
CUST-105739,Male,1,No,No,70,Yes,Yes,No,No internet service,No internet service,No internet service,No internet service,No internet service,No internet service,Month-to-month,No,Bank transfer (automatic),41.2,2897.24,No
CUST-105740,Female,0,No,No,27,Yes,No,DSL,No,Yes,No,No,No,No,Month-to-month,Yes,Electronic check,66.9,1755.32,No
CUST-105741,Female,0,No,No,38,Yes,No,Fiber optic,No,No,No,No,No,Yes,Month-to-month,No,Electronic check,97.71,3684.82,No
CUST-105742,Female,0,No,No,23,Yes,No,DSL,Yes,No,Yes,Yes,No,No,Month-to-month,No,Mailed check,87.86,2064.89,No
CUST-105743,Male,0,Yes,No,3,Yes,No,DSL,Yes,Yes,No,No,Yes,No,Two year,Yes,Mailed check,80.08,239.65,No
CUST-105744,Male,0,Yes,Yes,63,Yes,No,DSL,No,No,No,No,No,No,Month-to-month,Yes,Mailed check,66.14,4230.06,No
CUST-105745,Male,0,Yes,No,41,Yes,Yes,DSL,No,Yes,No,No,No,No,One year,Yes,Electronic check,75.6,3246.82,No
CUST-105746,Male,0,No,No,27,Yes,Yes,Fiber optic,No,No,No,No,Yes,Yes,Two year,Yes,Mailed check,94.42,2592.47,Yes
CUST-105747,Male,0,Yes,No,56,Yes,Yes,DSL,No,No,Yes,No,No,No,Month-to-month,No,Electronic check,74.5,4171.27,No
CUST-105748,Female,0,Yes,No,59,Yes,No,DSL,No,No,No,No,Yes,Yes,One year,Yes,Electronic check,75.03,4609.54,No
CUST-105749,Male,0,No,No,71,Yes,No,DSL,No,Yes,No,No,No,Yes,Two year,No,Mailed check,80.14,5864.71,No
CUST-105750,Female,0,Yes,No,31,Yes,Yes,DSL,No,Yes,No,No,No,No,One year,Yes,Mailed check,64.81,1990.29,No
CUST-105751,Male,0,No,No,7,No,No phone service,Fiber optic,No,Yes,No,Yes,No,No,Month-to-month,No,Mailed check,77.56,553.92,No
CUST-105752,Male,0,Yes,Yes,35,Yes,No,Fiber optic,No,Yes,Yes,Yes,No,No,One year,No,Electronic check,108.39,3797.11,No
CUST-105753,Male,0,Yes,No,32,Yes,No,No,No internet service,No internet service,No internet service,No internet service,No internet service,No internet service,Two year,No,Bank transfer (automatic),48.85,1581.12,No
CUST-105754,Male,0,Yes,Yes,15,Yes,No,DSL,Yes,No,No,No,No,No,One year,Yes,Electronic check,75.04,1140.58,No
CUST-105755,Male,0,Yes,No,42,Yes,Yes,DSL,No,Yes,No,No,No,No,One year,Yes,Electronic check,75.84,3192.74,No
CUST-105756,Male,0,No,No,30,Yes,No,Fiber optic,No,Yes,No,No,No,Yes,One year,Yes,Credit card (automatic),101.24,3016.17,No
CUST-105757,Female,1,Yes,No,64,Yes,No,DSL,No,No,Yes,Yes,No,No,One year,No,Credit card (automatic),76.55,4801.96,Yes
CUST-105758,Female,0,No,No,3,Yes,No,Fiber optic,Yes,Yes,No,No,No,Yes,Month-to-month,Yes,Credit card (automatic),110.3,324.21,Yes
CUST-105759,Male,0,No,No,52,Yes,Yes,Fiber optic,Yes,Yes,No,No,No,No,Two year,Yes,Bank transfer (automatic),101.33,5487.34,No
CUST-105760,Male,1,Yes,No,43,Yes,Yes,Fiber optic,Yes,No,Yes,No,No,No,Month-to-month,No,Electronic check,104.98,4442.91,Yes
CUST-105761,Male,0,No,No,16,Yes,No,Fiber optic,No,No,Yes,No,Yes,Yes,Two year,No,Credit card (automatic),104.33,1675.4,No
CUST-105762,Male,0,No,No,25,Yes,Yes,Fiber optic,Yes,No,No,Yes,No,No,Month-to-month,Yes,Bank transfer (automatic),104.93,2495.0,No
CUST-105763,Male,1,Yes,No,62,Yes,Yes,Fiber optic,No,No,No,No,Yes,Yes,One year,Yes,Credit card (automatic),94.9,6075.01,No
CUST-105764,Male,0,No,Yes,26,Yes,No,DSL,No,No,No,No,Yes,No,Two year,No,Mailed check,73.34,1997.58,No
CUST-105765,Female,0,Yes,Yes,48,Yes,No,DSL,Yes,No,No,Yes,No,No,Two year,No,Mailed check,73.83,3476.64,No
CUST-105766,Male,0,No,No,37,Yes,Yes,Fiber optic,Yes,No,Yes,No,No,No,Month-to-month,No,Electronic check,100.18,3799.25,No
CUST-105767,Male,1,Yes,No,65,No,No phone service,DSL,No,No,No,Yes,No,Yes,One year,Yes,Electronic check,56.01,3758.09,No
CUST-105768,Male,1,No,No,48,Yes,Yes,DSL,No,No,Yes,No,No,No,Month-to-month,No,Bank transfer (automatic),60.28,2980.27,No
CUST-105769,Female,1,No,No,60,Yes,No,Fiber optic,No,Yes,No,No,No,No,Month-to-month,Yes,Credit card (automatic),95.0,5865.81,Yes
CUST-105770,Male,0,No,Yes,65,Yes,No,Fiber optic,No,No,No,No,No,No,Month-to-month,Yes,Mailed check,89.8,5770.1,Yes
CUST-105771,Male,0,No,No,9,No,No phone service,DSL,No,No,No,No,No,Yes,Two year,Yes,Electronic check,49.18,430.22,No
CUST-105772,Male,1,Yes,No,60,Yes,No,No,No internet service,No internet service,No internet service,No internet service,No internet service,No internet service,Two year,Yes,Mailed check,39.07,2352.71,No
CUST-105773,Male,0,No,No,70,Yes,Yes,DSL,No,No,No,No,No,No,One year,Yes,Electronic check,65.07,4721.46,No
CUST-105774,Male,0,Yes,No,2,Yes,No,No,No internet service,No internet service,No internet service,No internet service,No internet service,No internet service,One year,Yes,Credit card (automatic),35.49,71.09,No
CUST-105775,Female,0,Yes,Yes,33,Yes,No,No,No internet service,No internet service,No internet service,No internet service,No internet service,No internet service,Month-to-month,Yes,Electronic check,41.29,1422.08,No
CUST-105776,Male,1,Yes,No,18,Yes,No,DSL,No,No,Yes,No,Yes,No,Month-to-month,Yes,Electronic check,76.89,1332.09,No
CUST-105777,Male,0,No,No,71,Yes,No,DSL,Yes,No,Yes,No,Yes,Yes,One year,No,Mailed check,87.37,6076.37,No
CUST-105778,Female,0,No,No,25,No,No phone service,DSL,No,No,No,No,No,Yes,One year,No,Mailed check,52.81,1368.89,No
CUST-105779,Male,1,Yes,Yes,13,Yes,Yes,No,No internet service,No internet service,No internet service,No internet service,No internet service,No internet service,One year,No,Bank transfer (automatic),43.21,588.19,No
CUST-105780,Male,1,No,No,6,Yes,No,No,No internet service,No internet service,No internet service,No internet service,No internet service,No internet service,Month-to-month,No,Mailed check,34.16,207.59,No
CUST-105781,Male,1,No,No,57,Yes,Yes,Fiber optic,No,No,No,No,Yes,No,Month-to-month,No,Credit card (automatic),94.85,5432.1,No
CUST-105782,Female,0,Yes,No,4,Yes,Yes,No,No internet service,No internet service,No internet service,No internet service,No internet service,No internet service,Month-to-month,Yes,Bank transfer (automatic),46.7,186.72,Yes
CUST-105783,Female,0,Yes,No,22,Yes,No,Fiber optic,No,No,No,Yes,No,Yes,One year,No,Electronic check,102.82,2170.01,No
CUST-105784,Female,0,No,Yes,40,Yes,No,Fiber optic,No,No,No,Yes,No,No,Month-to-month,Yes,Electronic check,92.84,3803.87,Yes
CUST-105785,Female,0,No,Yes,3,Yes,Yes,No,No internet service,No internet service,No internet service,No internet service,No internet service,No internet service,Month-to-month,Yes,Mailed check,33.13,95.2,Yes
CUST-105786,Female,1,Yes,Yes,12,Yes,No,Fiber optic,Yes,No,No,No,No,Yes,One year,No,Mailed check,109.72,1289.63,No
CUST-105787,Female,0,No,Yes,72,Yes,Yes,Fiber optic,Yes,No,No,No,Yes,No,Month-to-month,Yes,Mailed check,100.12,6875.86,No
CUST-105788,Female,0,Yes,Yes,33,Yes,No,Fiber optic,No,No,No,No,Yes,Yes,Month-to-month,Yes,Electronic check,105.96,3660.49,No
CUST-105789,Female,0,No,Yes,22,Yes,No,Fiber optic,No,No,Yes,No,Yes,No,One year,No,Electronic check,99.35,2190.76,No
CUST-105790,Female,0,Yes,No,63,No,No phone service,Fiber optic,No,No,No,No,No,No,Month-to-month,Yes,Electronic check,76.1,4900.94,No
CUST-105791,Male,1,Yes,No,5,Yes,No,Fiber optic,No,No,No,No,Yes,Yes,One year,Yes,Bank transfer (automatic),99.4,491.14,No
CUST-105792,Male,0,Yes,No,19,Yes,Yes,DSL,Yes,No,No,Yes,No,Yes,Two year,No,Bank transfer (automatic),81.71,1550.46,No
CUST-105793,Female,0,No,No,62,Yes,Yes,DSL,No,No,No,Yes,Yes,Yes,Month-to-month,No,Electronic check,90.56,5876.26,No
CUST-105794,Male,0,Yes,Yes,54,Yes,No,Fiber optic,Yes,No,No,Yes,Yes,Yes,Month-to-month,No,Mailed check,109.64,6111.77,No
CUST-105795,Male,0,Yes,No,31,Yes,Yes,Fiber optic,Yes,Yes,Yes,Yes,No,No,One year,Yes,Credit card (automatic),117.04,3503.2,No
CUST-105796,Female,0,Yes,No,71,Yes,No,DSL,No,No,No,No,No,Yes,One year,No,Electronic check,69.11,4750.39,Yes
CUST-105797,Female,1,No,Yes,42,Yes,Yes,DSL,No,Yes,No,No,Yes,No,Two year,No,Electronic check,77.1,3319.06,No
CUST-105798,Female,0,Yes,No,54,Yes,No,DSL,No,No,No,No,No,Yes,Month-to-month,No,Mailed check,66.63,3427.72,Yes
CUST-105799,Male,0,Yes,No,71,Yes,Yes,No,No internet service,No internet service,No internet service,No internet service,No internet service,No internet service,Two year,Yes,Electronic check,44.7,3133.79,No
CUST-105800,Male,0,Yes,No,36,Yes,No,Fiber optic,Yes,Yes,Yes,No,Yes,No,Month-to-month,Yes,Electronic check,118.27,4373.14,No
CUST-105801,Male,0,No,No,35,Yes,No,DSL,No,No,No,Yes,No,No,Month-to-month,Yes,Credit card (automatic),71.33,2389.3,No
CUST-105802,Male,0,Yes,Yes,48,Yes,No,Fiber optic,No,No,No,No,No,No,Month-to-month,No,Bank transfer (automatic),86.01,4070.07,Yes
CUST-105803,Female,0,Yes,Yes,4,Yes,No,Fiber optic,No,Yes,No,No,Yes,No,Month-to-month,Yes,Bank transfer (automatic),107.71,449.66,No
CUST-105804,Male,0,No,Yes,31,Yes,Yes,Fiber optic,Yes,No,No,No,No,Yes,Month-to-month,No,Credit card (automatic),106.13,3164.92,Yes
CUST-105805,Male,0,No,No,50,Yes,No,No,No internet service,No internet service,No internet service,No internet service,No internet service,No internet service,Month-to-month,Yes,Electronic check,42.43,2064.87,No
CUST-105806,Male,1,No,No,27,Yes,Yes,Fiber optic,No,No,No,No,No,No,Month-to-month,Yes,Credit card (automatic),90.97,2364.89,Yes
CUST-105807,Female,1,Yes,No,51,Yes,Yes,DSL,No,No,Yes,No,Yes,Yes,One year,Yes,Credit card (automatic),81.92,4026.93,No
CUST-105808,Male,0,No,No,29,Yes,Yes,No,No internet service,No internet service,No internet service,No internet service,No internet service,No internet service,Month-to-month,No,Bank transfer (automatic),42.92,1205.51,No
CUST-105809,Male,0,No,No,14,No,No phone service,DSL,No,Yes,No,No,Yes,No,Month-to-month,No,Credit card (automatic),59.33,866.87,No
CUST-105810,Female,0,No,Yes,10,Yes,Yes,No,No internet service,No internet service,No internet service,No internet service,No internet service,No internet service,Month-to-month,Yes,Credit card (automatic),38.95,397.26,No
CUST-105811,Female,0,No,No,39,Yes,Yes,No,No internet service,No internet service,No internet service,No internet service,No internet service,No internet service,One year,Yes,Electronic check,41.61,1678.23,No
CUST-105812,Male,0,No,Yes,14,Yes,No,Fiber optic,No,No,No,No,Yes,No,Two year,Yes,Electronic check,93.87,1250.96,Yes
CUST-105813,Female,0,No,No,26,Yes,No,Fiber optic,No,Yes,No,No,Yes,No,Month-to-month,Yes,Bank transfer (automatic),96.34,2416.64,No
CUST-105814,Female,0,Yes,No,37,Yes,Yes,No,No internet service,No internet service,No internet service,No internet service,No internet service,No internet service,Two year,Yes,Mailed check,35.4,1355.91,No
CUST-105815,Male,1,No,No,3,Yes,Yes,No,No internet service,No internet service,No internet service,No internet service,No internet service,No internet service,One year,Yes,Mailed check,29.51,85.92,Yes
CUST-105816,Male,1,No,No,30,Yes,Yes,DSL,No,Yes,No,No,Yes,No,Two year,Yes,Electronic check,78.24,2249.6,Yes
CUST-105817,Female,0,No,No,22,Yes,No,DSL,Yes,Yes,Yes,No,Yes,Yes,Month-to-month,No,Electronic check,97.14,2100.04,Yes
CUST-105818,Male,0,Yes,Yes,22,Yes,Yes,Fiber optic,No,No,No,Yes,No,Yes,Month-to-month,Yes,Electronic check,97.79,2120.4,Yes
CUST-105819,Female,0,Yes,No,66,Yes,No,Fiber optic,No,Yes,Yes,No,No,Yes,One year,Yes,Mailed check,116.4,7759.88,No
CUST-105820,Female,0,No,No,67,Yes,No,Fiber optic,No,Yes,No,No,Yes,No,One year,No,Electronic check,104.85,6977.27,No
CUST-105821,Female,0,No,Yes,21,Yes,Yes,DSL,Yes,No,Yes,No,No,Yes,Two year,Yes,Electronic check,91.64,1878.0,No
CUST-105822,Female,0,Yes,Yes,64,Yes,Yes,Fiber optic,Yes,No,No,No,No,Yes,Two year,Yes,Credit card (automatic),103.45,6606.99,No
CUST-105823,Male,0,No,No,16,Yes,Yes,DSL,Yes,No,No,Yes,Yes,No,Month-to-month,Yes,Mailed check,90.33,1440.47,Yes
CUST-105824,Female,0,Yes,No,25,Yes,No,Fiber optic,No,Yes,Yes,Yes,No,Yes,One year,Yes,Credit card (automatic),118.17,2907.8,No
CUST-105825,Female,0,No,No,68,Yes,No,DSL,No,No,No,Yes,No,No,Month-to-month,No,Electronic check,69.81,4854.27,No
CUST-105826,Male,0,No,No,7,Yes,No,Fiber optic,No,No,Yes,Yes,No,No,One year,Yes,Mailed check,100.99,696.26,No
CUST-105827,Female,0,No,Yes,27,Yes,Yes,Fiber optic,Yes,Yes,Yes,No,No,No,One year,No,Bank transfer (automatic),108.96,2921.37,No
CUST-105828,Male,0,Yes,Yes,58,Yes,Yes,Fiber optic,Yes,No,No,No,No,Yes,One year,Yes,Credit card (automatic),101.54,5751.89,No
CUST-105829,Male,0,Yes,No,68,Yes,No,DSL,No,No,No,No,Yes,No,Month-to-month,No,Bank transfer (automatic),67.44,4570.22,Yes
CUST-105830,Male,0,Yes,Yes,69,Yes,No,Fiber optic,Yes,No,Yes,Yes,No,Yes,Two year,No,Credit card (automatic),109.2,7409.36,Yes
CUST-105831,Male,0,No,No,64,Yes,No,DSL,Yes,No,No,No,No,Yes,Month-to-month,Yes,Electronic check,81.63,5181.43,No
CUST-105832,Female,0,No,No,70,Yes,No,DSL,No,No,No,No,No,No,Month-to-month,Yes,Electronic check,65.0,4493.42,No
CUST-105833,Male,0,No,No,34,Yes,Yes,Fiber optic,No,No,No,No,No,No,Month-to-month,Yes,Credit card (automatic),94.0,3216.78,No
CUST-105834,Male,0,No,Yes,23,Yes,No,Fiber optic,Yes,Yes,No,No,No,Yes,Month-to-month,Yes,Mailed check,105.24,2512.21,Yes
CUST-105835,Female,0,Yes,No,28,Yes,Yes,DSL,No,No,No,No,No,Yes,Month-to-month,No,Electronic check,69.08,1989.21,Yes
CUST-105836,Female,0,Yes,No,8,Yes,Yes,No,No internet service,No internet service,No internet service,No internet service,No internet service,No internet service,Month-to-month,Yes,Electronic check,36.19,294.42,Yes
CUST-105837,Male,0,No,Yes,10,Yes,No,No,No internet service,No internet service,No internet service,No internet service,No internet service,No internet service,Month-to-month,No,Bank transfer (automatic),48.79,496.03,No
CUST-105838,Male,0,No,No,71,Yes,No,No,No internet service,No internet service,No internet service,No internet service,No internet service,No internet service,Month-to-month,No,Electronic check,43.56,3060.83,No
CUST-105839,Female,0,Yes,No,13,Yes,No,Fiber optic,No,No,No,No,No,No,Month-to-month,No,Mailed check,85.26,1162.94,No
CUST-105840,Female,0,No,No,44,No,No phone service,Fiber optic,Yes,No,Yes,No,Yes,No,Two year,No,Electronic check,90.5,3913.22,No
CUST-105841,Female,0,No,Yes,16,Yes,No,Fiber optic,No,Yes,No,No,Yes,Yes,Month-to-month,No,Electronic check,101.33,1554.31,No
CUST-105842,Female,0,Yes,No,48,Yes,No,Fiber optic,No,No,Yes,No,No,Yes,Month-to-month,Yes,Mailed check,98.73,4890.66,Yes
CUST-105843,Male,0,Yes,No,34,Yes,No,Fiber optic,No,No,Yes,No,No,No,One year,No,Electronic check,98.75,3440.19,Yes
CUST-105844,Female,0,No,Yes,7,Yes,Yes,Fiber optic,No,No,Yes,Yes,Yes,Yes,One year,Yes,Bank transfer (automatic),123.22,825.77,Yes
CUST-105845,Male,0,Yes,No,27,No,No phone service,DSL,No,Yes,No,No,Yes,No,Month-to-month,Yes,Electronic check,62.2,1686.68,No
CUST-105846,Male,0,Yes,Yes,53,Yes,Yes,No,No internet service,No internet service,No internet service,No internet service,No internet service,No internet service,Month-to-month,Yes,Bank transfer (automatic),25.98,1311.64,No
CUST-105847,Female,0,No,No,58,Yes,No,Fiber optic,No,Yes,Yes,Yes,No,No,One year,Yes,Mailed check,108.03,6469.26,No
CUST-105848,Female,0,No,Yes,21,Yes,Yes,Fiber optic,No,Yes,No,No,No,No,Month-to-month,Yes,Mailed check,97.91,1983.2,Yes
CUST-105849,Male,0,Yes,Yes,21,Yes,No,Fiber optic,No,No,Yes,Yes,Yes,No,Month-to-month,No,Bank transfer (automatic),110.49,2257.15,No
CUST-105850,Male,0,Yes,No,53,Yes,No,Fiber optic,No,No,No,Yes,No,No,Two year,Yes,Mailed check,99.22,5359.07,No
CUST-105851,Female,0,No,Yes,30,Yes,No,Fiber optic,Yes,Yes,Yes,No,Yes,Yes,Month-to-month,No,Electronic check,116.05,3557.7,No
CUST-105852,Male,0,Yes,Yes,5,Yes,Yes,Fiber optic,Yes,No,No,No,Yes,No,Month-to-month,No,Electronic check,102.63,503.96,Yes
CUST-105853,Female,0,No,Yes,8,Yes,No,DSL,No,No,Yes,No,Yes,No,Month-to-month,No,Mailed check,82.39,667.2,Yes
CUST-105854,Male,0,No,No,27,Yes,No,DSL,Yes,No,No,No,No,No,One year,No,Electronic check,69.33,1783.89,No
CUST-105855,Female,0,Yes,Yes,19,Yes,Yes,DSL,No,No,Yes,Yes,No,Yes,Month-to-month,No,Bank transfer (automatic),91.48,1824.2,Yes
CUST-105856,Male,1,No,No,8,Yes,Yes,Fiber optic,Yes,No,Yes,No,Yes,Yes,Month-to-month,Yes,Mailed check,112.54,879.14,Yes
CUST-105857,Male,0,Yes,No,57,Yes,No,Fiber optic,No,No,Yes,Yes,No,No,Month-to-month,Yes,Electronic check,101.34,5957.82,No
CUST-105858,Male,0,No,No,33,Yes,No,DSL,No,Yes,No,No,No,No,Month-to-month,Yes,Electronic check,62.34,2010.84,No
CUST-105859,Female,0,No,No,51,Yes,Yes,DSL,No,No,Yes,No,No,Yes,Month-to-month,Yes,Electronic check,78.7,3881.98,Yes
CUST-105860,Female,0,Yes,Yes,0,Yes,Yes,Fiber optic,Yes,Yes,No,No,Yes,Yes,Month-to-month,No,Electronic check,123.84,0.0,Yes
CUST-105861,Female,0,Yes,No,29,Yes,Yes,DSL,No,No,No,Yes,Yes,No,Month-to-month,Yes,Mailed check,70.61,2146.89,Yes
CUST-105862,Female,0,No,No,34,Yes,Yes,Fiber optic,No,Yes,No,Yes,No,Yes,Month-to-month,No,Electronic check,105.99,3483.2,No
CUST-105863,Male,0,Yes,No,42,Yes,Yes,Fiber optic,No,Yes,Yes,Yes,Yes,No,Two year,Yes,Mailed check,124.15,5227.07,No
CUST-105864,Female,0,Yes,No,70,Yes,Yes,Fiber optic,Yes,No,No,No,No,No,One year,No,Electronic check,93.72,6587.53,No
CUST-105865,Female,0,Yes,No,33,Yes,No,DSL,Yes,Yes,No,No,No,No,Month-to-month,Yes,Credit card (automatic),77.64,2579.88,No
CUST-105866,Female,0,Yes,No,35,Yes,No,Fiber optic,No,Yes,No,No,No,No,Month-to-month,Yes,Mailed check,88.94,3133.99,No
CUST-105867,Female,0,No,No,65,Yes,No,DSL,No,No,No,Yes,No,No,One year,No,Credit card (automatic),70.81,4729.59,No
CUST-105868,Female,0,Yes,No,29,Yes,No,Fiber optic,Yes,Yes,Yes,Yes,No,No,One year,Yes,Mailed check,98.2,2723.55,No
CUST-105869,Female,0,Yes,Yes,28,Yes,No,Fiber optic,No,Yes,No,Yes,No,No,Month-to-month,No,Electronic check,101.31,2848.7,Yes
CUST-105870,Female,1,Yes,Yes,11,Yes,No,Fiber optic,No,No,Yes,Yes,No,No,Month-to-month,Yes,Mailed check,100.98,1105.22,Yes
CUST-105871,Male,0,No,No,52,Yes,Yes,Fiber optic,Yes,Yes,No,Yes,No,Yes,Month-to-month,No,Mailed check,113.14,5672.39,No
CUST-105872,Female,0,No,No,1,Yes,Yes,No,No internet service,No internet service,No internet service,No internet service,No internet service,No internet service,Month-to-month,No,Bank transfer (automatic),46.86,48.93,Yes
CUST-105873,Male,1,No,No,15,Yes,No,Fiber optic,Yes,Yes,No,No,No,No,Month-to-month,No,Credit card (automatic),101.64,1476.13,Yes
CUST-105874,Female,0,No,No,30,No,No phone service,DSL,No,No,Yes,No,Yes,No,Month-to-month,Yes,Electronic check,57.02,1731.16,Yes
CUST-105875,Male,0,No,No,31,Yes,Yes,Fiber optic,Yes,No,No,No,Yes,No,One year,No,Electronic check,101.02,3096.61,Yes
CUST-105876,Female,1,Yes,No,2,Yes,Yes,Fiber optic,No,No,No,No,No,No,Month-to-month,Yes,Bank transfer (automatic),84.41,173.04,No
CUST-105877,Male,0,Yes,No,38,Yes,No,DSL,No,No,No,Yes,Yes,No,Month-to-month,Yes,Electronic check,77.7,3071.8,No
CUST-105878,Female,0,Yes,No,70,Yes,Yes,No,No internet service,No internet service,No internet service,No internet service,No internet service,No internet service,Month-to-month,No,Credit card (automatic),39.84,2682.35,No
CUST-105879,Male,0,Yes,No,7,Yes,Yes,DSL,No,No,No,No,Yes,No,One year,Yes,Bank transfer (automatic),70.78,512.05,Yes
CUST-105880,Male,0,No,No,36,Yes,No,No,No internet service,No internet service,No internet service,No internet service,No internet service,No internet service,Month-to-month,No,Credit card (automatic),27.76,983.84,No
CUST-105881,Female,0,Yes,No,42,Yes,No,Fiber optic,No,Yes,No,No,No,No,One year,Yes,Electronic check,91.49,3702.25,No
CUST-105882,Female,0,No,No,23,Yes,No,Fiber optic,No,No,No,No,Yes,No,One year,Yes,Electronic check,95.41,2214.24,Yes
CUST-105883,Male,1,Yes,Yes,41,Yes,Yes,Fiber optic,No,Yes,No,Yes,No,Yes,Month-to-month,No,Mailed check,98.15,4180.03,No
CUST-105884,Male,0,Yes,No,24,Yes,Yes,DSL,No,No,No,Yes,No,No,Month-to-month,No,Electronic check,72.7,1755.25,No
CUST-105885,Female,0,Yes,Yes,11,Yes,Yes,Fiber optic,No,No,No,Yes,No,No,Two year,No,Credit card (automatic),88.53,989.38,Yes
CUST-105886,Female,1,Yes,No,61,Yes,No,DSL,No,No,No,No,Yes,Yes,Two year,No,Mailed check,83.6,5015.87,No
CUST-105887,Male,0,Yes,No,72,No,No phone service,DSL,No,No,No,No,No,No,Month-to-month,Yes,Mailed check,44.42,3038.82,Yes
CUST-105888,Female,0,No,No,28,Yes,No,Fiber optic,No,No,No,No,No,No,One year,No,Electronic check,91.09,2438.2,No
CUST-105889,Male,0,No,No,6,Yes,No,DSL,Yes,No,Yes,No,No,Yes,Month-to-month,Yes,Mailed check,72.85,441.88,No
CUST-105890,Female,0,No,No,11,Yes,Yes,Fiber optic,No,Yes,Yes,No,Yes,Yes,Month-to-month,Yes,Mailed check,107.68,1221.01,Yes
CUST-105891,Male,1,No,Yes,65,Yes,Yes,Fiber optic,Yes,No,Yes,No,No,No,Month-to-month,No,Mailed check,112.03,7611.52,No
CUST-105892,Male,0,No,No,64,Yes,No,No,No internet service,No internet service,No internet service,No internet service,No internet service,No internet service,One year,Yes,Electronic check,41.44,2664.85,No
CUST-105893,Male,0,No,Yes,35,Yes,Yes,No,No internet service,No internet service,No internet service,No internet service,No internet service,No internet service,Two year,No,Bank transfer (automatic),42.32,1417.3,No
CUST-105894,Female,0,Yes,Yes,63,Yes,Yes,DSL,No,No,Yes,Yes,Yes,No,One year,Yes,Credit card (automatic),73.4,4426.28,No
CUST-105895,Female,0,Yes,No,16,No,No phone service,No,No internet service,No internet service,No internet service,No internet service,No internet service,No internet service,One year,Yes,Electronic check,24.79,393.02,No
CUST-105896,Male,0,Yes,No,29,Yes,No,DSL,No,Yes,No,Yes,Yes,Yes,Month-to-month,No,Electronic check,99.25,2897.36,No
CUST-105897,Female,1,No,No,8,Yes,Yes,Fiber optic,Yes,No,Yes,Yes,Yes,Yes,Two year,Yes,Bank transfer (automatic),127.59,995.47,No
CUST-105898,Female,0,No,No,39,Yes,Yes,No,No internet service,No internet service,No internet service,No internet service,No internet service,No internet service,Month-to-month,Yes,Bank transfer (automatic),44.95,1742.46,Yes
CUST-105899,Female,0,No,No,51,Yes,No,DSL,No,Yes,No,No,No,No,Two year,Yes,Electronic check,66.86,3544.78,Yes
CUST-105900,Female,0,No,No,70,No,No phone service,Fiber optic,No,No,No,No,Yes,No,Month-to-month,No,Electronic check,75.06,5406.81,No
CUST-105901,Male,0,Yes,No,55,Yes,Yes,DSL,No,Yes,Yes,No,No,No,Month-to-month,Yes,Bank transfer (automatic),75.81,4356.17,No
CUST-105902,Male,0,No,Yes,48,Yes,No,No,No internet service,No internet service,No internet service,No internet service,No internet service,No internet service,One year,Yes,Mailed check,39.34,1933.18,No
CUST-105903,Female,0,No,No,49,Yes,No,Fiber optic,No,Yes,No,Yes,No,Yes,Month-to-month,Yes,Mailed check,101.65,4746.54,Yes
CUST-105904,Male,0,No,No,45,Yes,Yes,DSL,No,Yes,No,No,No,Yes,Month-to-month,No,Electronic check,71.83,3196.23,Yes
CUST-105905,Male,0,Yes,No,30,Yes,No,DSL,No,Yes,No,No,Yes,Yes,One year,No,Bank transfer (automatic),86.05,2564.65,No
CUST-105906,Male,0,Yes,No,36,No,No phone service,Fiber optic,No,No,No,No,No,Yes,One year,No,Electronic check,79.82,2852.26,No
CUST-105907,Female,0,Yes,No,12,Yes,No,Fiber optic,No,Yes,No,No,Yes,No,Month-to-month,Yes,Bank transfer (automatic),105.71,1232.94,No
CUST-105908,Female,0,No,No,1,Yes,Yes,Fiber optic,No,Yes,No,No,No,No,Month-to-month,Yes,Bank transfer (automatic),95.76,96.41,Yes
CUST-105909,Female,0,Yes,No,57,Yes,Yes,Fiber optic,No,No,No,Yes,No,No,One year,No,Mailed check,95.67,5237.28,Yes
CUST-105910,Male,0,Yes,No,36,Yes,No,Fiber optic,Yes,No,Yes,No,Yes,Yes,Month-to-month,Yes,Electronic check,113.15,4186.19,No
CUST-105911,Male,0,No,No,63,Yes,No,Fiber optic,Yes,Yes,No,Yes,Yes,Yes,Month-to-month,Yes,Electronic check,116.67,7156.81,Yes
CUST-105912,Female,0,No,No,8,Yes,Yes,DSL,Yes,No,Yes,Yes,No,Yes,One year,No,Bank transfer (automatic),100.44,776.08,No
CUST-105913,Male,1,No,No,28,Yes,No,DSL,No,No,Yes,Yes,No,No,Two year,Yes,Credit card (automatic),77.91,2166.45,No
CUST-105914,Female,1,No,No,18,Yes,Yes,DSL,No,Yes,No,No,Yes,No,Month-to-month,Yes,Credit card (automatic),73.04,1259.39,Yes
CUST-105915,Male,0,No,Yes,61,Yes,Yes,Fiber optic,No,No,Yes,No,Yes,Yes,One year,Yes,Credit card (automatic),102.92,6349.87,No
CUST-105916,Male,0,Yes,Yes,27,Yes,Yes,Fiber optic,No,No,Yes,No,Yes,Yes,Month-to-month,Yes,Bank transfer (automatic),100.11,2748.1,Yes
CUST-105917,Male,0,No,No,46,Yes,Yes,DSL,No,Yes,Yes,Yes,Yes,Yes,One year,No,Credit card (automatic),88.99,3998.04,No
CUST-105918,Female,0,Yes,Yes,6,Yes,No,No,No internet service,No internet service,No internet service,No internet service,No internet service,No internet service,One year,Yes,Mailed check,42.32,242.08,No
CUST-105919,Female,1,Yes,No,38,Yes,Yes,Fiber optic,No,No,No,Yes,No,No,Month-to-month,Yes,Credit card (automatic),93.77,3471.84,No
CUST-105920,Male,0,No,Yes,32,Yes,No,DSL,No,No,Yes,Yes,No,No,Month-to-month,Yes,Mailed check,75.58,2463.75,No
CUST-105921,Female,0,No,Yes,44,Yes,No,Fiber optic,No,No,Yes,No,Yes,No,Two year,Yes,Bank transfer (automatic),100.56,4287.47,No
CUST-105922,Female,0,No,No,42,Yes,Yes,No,No internet service,No internet service,No internet service,No internet service,No internet service,No internet service,One year,No,Electronic check,36.61,1467.49,No
CUST-105923,Female,0,No,No,7,Yes,No,No,No internet service,No internet service,No internet service,No internet service,No internet service,No internet service,One year,No,Mailed check,40.47,291.44,No
CUST-105924,Female,0,No,No,3,No,No phone service,Fiber optic,No,Yes,No,No,No,No,Month-to-month,Yes,Mailed check,76.12,226.0,No
CUST-105925,Male,0,Yes,Yes,9,Yes,No,Fiber optic,Yes,No,Yes,No,No,No,Month-to-month,Yes,Mailed check,101.51,929.46,Yes
CUST-105926,Female,0,Yes,Yes,15,Yes,Yes,Fiber optic,No,No,No,No,No,No,Month-to-month,Yes,Bank transfer (automatic),89.51,1394.22,Yes
CUST-105927,Female,0,Yes,Yes,53,Yes,No,No,No internet service,No internet service,No internet service,No internet service,No internet service,No internet service,Month-to-month,Yes,Credit card (automatic),41.88,2196.86,Yes
CUST-105928,Male,0,Yes,No,19,No,No phone service,No,No internet service,No internet service,No internet service,No internet service,No internet service,No internet service,Month-to-month,No,Credit card (automatic),23.67,445.25,No
CUST-105929,Male,0,Yes,Yes,70,Yes,Yes,DSL,No,No,No,No,Yes,Yes,Month-to-month,No,Mailed check,75.22,5480.09,No
CUST-105930,Female,0,No,No,6,Yes,No,Fiber optic,No,Yes,No,No,No,No,One year,Yes,Bank transfer (automatic),92.11,559.02,No
CUST-105931,Female,0,Yes,Yes,37,Yes,Yes,DSL,No,Yes,Yes,No,Yes,No,Month-to-month,No,Mailed check,78.95,2804.87,Yes
CUST-105932,Male,0,No,No,52,Yes,Yes,Fiber optic,No,Yes,No,Yes,No,Yes,One year,No,Mailed check,106.62,5636.66,Yes
CUST-105933,Male,0,No,No,3,Yes,No,DSL,No,No,No,No,Yes,Yes,Month-to-month,No,Credit card (automatic),82.95,239.87,Yes
CUST-105934,Female,0,Yes,No,37,Yes,Yes,Fiber optic,No,No,No,No,Yes,No,Month-to-month,No,Electronic check,90.47,3286.92,No
CUST-105935,Male,0,No,Yes,4,Yes,No,No,No internet service,No internet service,No internet service,No internet service,No internet service,No internet service,Month-to-month,No,Credit card (automatic),36.21,140.68,Yes
CUST-105936,Male,0,Yes,Yes,57,Yes,No,Fiber optic,No,No,Yes,Yes,No,No,One year,Yes,Electronic check,109.53,6442.96,No
CUST-105937,Female,0,No,No,34,Yes,No,DSL,No,No,No,No,Yes,No,One year,Yes,Credit card (automatic),80.09,2770.74,Yes
CUST-105938,Female,0,No,No,63,Yes,Yes,DSL,No,Yes,No,Yes,No,No,Month-to-month,No,Bank transfer (automatic),85.35,5490.9,No
CUST-105939,Male,0,Yes,No,48,Yes,No,No,No internet service,No internet service,No internet service,No internet service,No internet service,No internet service,Two year,Yes,Mailed check,42.91,1978.04,No
CUST-105940,Male,0,Yes,No,23,Yes,No,Fiber optic,No,Yes,Yes,Yes,No,Yes,Month-to-month,No,Electronic check,107.55,2516.78,Yes
CUST-105941,Male,1,No,Yes,11,Yes,No,Fiber optic,Yes,No,No,No,No,Yes,Month-to-month,Yes,Electronic check,102.17,1102.69,Yes
CUST-105942,Male,0,Yes,No,11,Yes,Yes,Fiber optic,Yes,Yes,No,No,Yes,No,One year,Yes,Electronic check,97.26,1102.33,No
CUST-105943,Female,0,No,Yes,2,Yes,Yes,Fiber optic,No,Yes,No,No,Yes,Yes,Month-to-month,No,Bank transfer (automatic),110.66,215.94,Yes
CUST-105944,Male,0,Yes,Yes,21,Yes,Yes,Fiber optic,No,No,Yes,No,No,Yes,One year,Yes,Bank transfer (automatic),100.77,2219.04,No
CUST-105945,Male,0,No,No,53,No,No phone service,Fiber optic,Yes,No,Yes,No,Yes,Yes,Two year,Yes,Electronic check,92.73,4844.51,No
CUST-105946,Male,0,Yes,No,25,Yes,No,Fiber optic,No,No,Yes,Yes,No,No,One year,Yes,Mailed check,98.89,2406.38,No
CUST-105947,Female,0,Yes,No,10,Yes,No,DSL,Yes,No,No,No,Yes,Yes,Month-to-month,No,Electronic check,86.14,845.78,No
CUST-105948,Female,0,Yes,No,5,Yes,Yes,Fiber optic,No,No,No,Yes,No,No,Month-to-month,Yes,Bank transfer (automatic),97.99,510.19,Yes
CUST-105949,Female,0,Yes,No,31,Yes,No,Fiber optic,No,No,Yes,No,No,Yes,Two year,No,Electronic check,101.42,3295.3,No
CUST-105950,Male,1,No,No,15,Yes,No,DSL,No,Yes,No,No,No,Yes,Month-to-month,Yes,Bank transfer (automatic),75.16,1154.45,Yes
CUST-105951,Female,0,No,Yes,53,Yes,No,Fiber optic,Yes,No,No,No,Yes,Yes,Month-to-month,No,Bank transfer (automatic),102.4,5621.13,No
CUST-105952,Male,0,Yes,Yes,24,No,No phone service,Fiber optic,Yes,No,Yes,No,Yes,Yes,Two year,Yes,Electronic check,83.82,1911.11,Yes
CUST-105953,Female,0,Yes,No,9,Yes,No,No,No internet service,No internet service,No internet service,No internet service,No internet service,No internet service,One year,No,Electronic check,42.93,396.5,Yes
CUST-105954,Female,0,Yes,Yes,19,Yes,Yes,Fiber optic,No,No,No,No,No,Yes,Month-to-month,No,Mailed check,93.12,1733.48,No
CUST-105955,Female,0,No,No,32,Yes,No,Fiber optic,Yes,No,Yes,No,No,Yes,One year,Yes,Credit card (automatic),105.5,3269.7,No
CUST-105956,Male,0,No,No,2,Yes,Yes,Fiber optic,Yes,No,No,No,No,No,Month-to-month,Yes,Electronic check,99.06,194.41,Yes
CUST-105957,Female,0,No,No,8,Yes,Yes,No,No internet service,No internet service,No internet service,No internet service,No internet service,No internet service,Two year,No,Mailed check,40.02,324.15,No
CUST-105958,Female,0,No,Yes,70,Yes,No,No,No internet service,No internet service,No internet service,No internet service,No internet service,No internet service,One year,No,Bank transfer (automatic),44.57,3065.67,Yes
CUST-105959,Female,1,Yes,No,25,Yes,Yes,DSL,No,No,Yes,Yes,No,Yes,Month-to-month,Yes,Electronic check,83.66,2173.61,Yes
CUST-105960,Male,1,Yes,No,54,Yes,No,DSL,No,No,No,No,No,No,Month-to-month,Yes,Electronic check,69.91,3700.21,No
CUST-105961,Female,0,No,No,66,Yes,Yes,Fiber optic,No,No,Yes,Yes,No,Yes,Month-to-month,No,Mailed check,101.14,6845.71,Yes
CUST-105962,Female,0,Yes,Yes,8,Yes,Yes,Fiber optic,No,No,No,No,No,No,Month-to-month,No,Electronic check,96.31,808.7,No
CUST-105963,Male,0,Yes,No,50,Yes,Yes,Fiber optic,No,No,No,No,Yes,Yes,One year,No,Bank transfer (automatic),102.83,5335.84,No
CUST-105964,Female,1,Yes,No,60,No,No phone service,Fiber optic,No,No,No,No,Yes,No,Month-to-month,Yes,Credit card (automatic),78.4,4749.46,No
CUST-105965,Male,0,No,No,1,Yes,No,Fiber optic,Yes,No,No,Yes,No,No,Two year,Yes,Credit card (automatic),99.15,103.33,No
CUST-105966,Female,0,No,No,22,Yes,No,Fiber optic,No,No,Yes,No,Yes,Yes,Month-to-month,Yes,Mailed check,109.25,2473.22,No
CUST-105967,Female,0,No,No,9,Yes,No,Fiber optic,No,Yes,No,No,No,No,Month-to-month,Yes,Electronic check,101.06,871.67,Yes
CUST-105968,Male,0,Yes,No,2,Yes,No,DSL,Yes,No,Yes,No,No,No,One year,No,Mailed check,78.21,162.94,No
CUST-105969,Male,0,Yes,No,21,No,No phone service,No,No internet service,No internet service,No internet service,No internet service,No internet service,No internet service,One year,Yes,Electronic check,18.59,371.07,No
CUST-105970,Female,0,Yes,Yes,13,Yes,No,Fiber optic,No,Yes,No,Yes,No,No,Month-to-month,Yes,Bank transfer (automatic),100.66,1247.74,Yes
CUST-105971,Male,0,No,Yes,65,Yes,Yes,DSL,No,Yes,Yes,No,No,Yes,Month-to-month,Yes,Electronic check,75.53,5027.03,No
CUST-105972,Male,0,Yes,No,17,Yes,No,No,No internet service,No internet service,No internet service,No internet service,No internet service,No internet service,Month-to-month,Yes,Electronic check,42.81,739.23,No
CUST-105973,Male,0,No,No,54,Yes,No,Fiber optic,No,No,No,Yes,No,No,One year,No,Electronic check,93.14,5253.16,Yes
CUST-105974,Female,0,No,Yes,3,Yes,Yes,Fiber optic,No,Yes,Yes,No,Yes,Yes,Two year,No,Electronic check,123.06,361.98,Yes
CUST-105975,Female,1,No,Yes,45,Yes,No,Fiber optic,No,Yes,No,No,No,No,Two year,No,Bank transfer (automatic),98.24,4516.69,Yes
CUST-105976,Female,0,No,Yes,50,Yes,No,DSL,Yes,No,No,No,Yes,No,One year,Yes,Credit card (automatic),80.33,3867.23,No
CUST-105977,Male,0,Yes,Yes,11,Yes,No,Fiber optic,No,Yes,Yes,Yes,No,No,One year,No,Bank transfer (automatic),107.35,1151.46,No
CUST-105978,Male,0,No,Yes,31,No,No phone service,DSL,No,No,No,No,No,Yes,One year,No,Electronic check,49.11,1484.07,No
CUST-105979,Female,0,Yes,No,67,Yes,No,No,No internet service,No internet service,No internet service,No internet service,No internet service,No internet service,One year,No,Mailed check,40.85,2856.13,No
CUST-105980,Female,1,No,Yes,44,Yes,No,DSL,No,No,No,No,No,No,Month-to-month,Yes,Bank transfer (automatic),67.59,3056.49,Yes
CUST-105981,Female,0,No,No,58,Yes,No,DSL,Yes,Yes,No,No,Yes,Yes,Month-to-month,Yes,Credit card (automatic),84.34,5067.93,Yes
CUST-105982,Female,1,No,No,31,Yes,No,DSL,No,Yes,Yes,No,Yes,No,Two year,No,Bank transfer (automatic),96.07,2948.15,Yes
CUST-105983,Female,0,Yes,Yes,17,Yes,Yes,Fiber optic,Yes,No,Yes,No,No,No,Two year,No,Electronic check,110.37,1920.92,No
CUST-105984,Male,0,No,No,34,Yes,No,DSL,No,No,No,No,No,Yes,One year,Yes,Bank transfer (automatic),72.38,2582.81,No
CUST-105985,Male,0,No,No,29,Yes,No,Fiber optic,No,No,No,No,Yes,No,Month-to-month,No,Electronic check,90.61,2597.93,Yes
CUST-105986,Female,0,No,Yes,71,Yes,Yes,Fiber optic,No,No,No,No,No,No,Two year,No,Mailed check,90.3,6165.17,No
CUST-105987,Female,0,No,No,31,Yes,No,DSL,Yes,Yes,No,No,No,Yes,Month-to-month,No,Credit card (automatic),79.35,2573.27,Yes
CUST-105988,Female,1,No,No,45,Yes,No,No,No internet service,No internet service,No internet service,No internet service,No internet service,No internet service,Month-to-month,Yes,Credit card (automatic),36.66,1656.07,No
CUST-105989,Female,1,Yes,Yes,42,Yes,No,No,No internet service,No internet service,No internet service,No internet service,No internet service,No internet service,Month-to-month,No,Electronic check,39.46,1689.55,No
CUST-105990,Male,0,Yes,No,27,No,No phone service,DSL,Yes,No,Yes,Yes,No,Yes,One year,No,Bank transfer (automatic),61.07,1611.48,No
CUST-105991,Male,1,Yes,No,27,Yes,No,DSL,No,No,Yes,Yes,No,Yes,Month-to-month,Yes,Electronic check,80.64,2243.76,No
CUST-105992,Female,1,No,Yes,61,Yes,No,Fiber optic,No,Yes,No,No,No,No,One year,No,Electronic check,94.51,6000.93,Yes
CUST-105993,Female,0,No,No,15,Yes,Yes,DSL,No,No,No,Yes,No,Yes,One year,Yes,Credit card (automatic),79.08,1199.96,No
CUST-105994,Male,0,Yes,Yes,30,Yes,No,Fiber optic,No,Yes,Yes,Yes,Yes,No,Month-to-month,Yes,Credit card (automatic),110.77,3425.43,No
CUST-105995,Male,0,Yes,Yes,48,Yes,No,Fiber optic,No,No,No,No,No,No,Month-to-month,No,Electronic check,88.8,4375.5,Yes
CUST-105996,Female,0,No,Yes,4,Yes,No,Fiber optic,No,No,No,No,No,Yes,One year,Yes,Bank transfer (automatic),92.28,385.78,Yes
CUST-105997,Female,0,No,No,49,Yes,No,Fiber optic,No,No,No,No,Yes,No,Two year,Yes,Electronic check,90.15,4221.88,No
CUST-105998,Female,1,No,No,60,Yes,No,No,No internet service,No internet service,No internet service,No internet service,No internet service,No internet service,Two year,No,Mailed check,37.21,2148.59,No
CUST-105999,Male,0,Yes,No,32,Yes,No,Fiber optic,Yes,No,Yes,No,Yes,No,Month-to-month,No,Credit card (automatic),102.05,3263.83,No
CUST-106000,Female,0,No,No,42,Yes,No,DSL,Yes,No,No,No,No,Yes,One year,No,Bank transfer (automatic),75.47,3248.4,No
CUST-106001,Female,0,Yes,No,35,No,No phone service,DSL,Yes,Yes,Yes,No,No,No,Two year,Yes,Bank transfer (automatic),62.25,2131.03,No
CUST-106002,Female,0,Yes,Yes,48,Yes,No,Fiber optic,No,Yes,No,No,Yes,Yes,Month-to-month,No,Mailed check,101.31,4985.12,No
CUST-106003,Female,0,No,No,3,Yes,No,Fiber optic,No,No,Yes,No,Yes,Yes,One year,Yes,Bank transfer (automatic),99.37,284.96,No
CUST-106004,Male,0,Yes,No,45,Yes,No,Fiber optic,No,No,No,No,Yes,No,Month-to-month,Yes,Credit card (automatic),97.04,4272.05,Yes
CUST-106005,Male,0,No,No,33,Yes,No,Fiber optic,Yes,Yes,Yes,No,No,No,One year,Yes,Electronic check,107.68,3652.13,No
CUST-106006,Male,0,Yes,No,2,Yes,No,Fiber optic,No,No,No,No,No,No,Month-to-month,Yes,Electronic check,83.74,168.03,Yes
CUST-106007,Female,0,Yes,No,58,Yes,No,No,No internet service,No internet service,No internet service,No internet service,No internet service,No internet service,Month-to-month,No,Mailed check,38.12,2203.59,No
CUST-106008,Male,0,No,No,11,No,No phone service,Fiber optic,Yes,Yes,No,No,No,Yes,Month-to-month,Yes,Mailed check,83.33,917.48,Yes
CUST-106009,Male,0,Yes,No,43,Yes,No,DSL,No,No,No,No,No,No,Month-to-month,No,Electronic check,68.88,2932.4,Yes
CUST-106010,Male,0,Yes,No,62,No,No phone service,No,No internet service,No internet service,No internet service,No internet service,No internet service,No internet service,Month-to-month,No,Bank transfer (automatic),18.0,1071.75,No
CUST-106011,Female,0,Yes,No,67,Yes,No,No,No internet service,No internet service,No internet service,No internet service,No internet service,No internet service,Month-to-month,Yes,Electronic check,37.98,2481.25,No
CUST-106012,Female,0,Yes,No,45,Yes,Yes,DSL,No,Yes,No,No,No,Yes,Month-to-month,No,Credit card (automatic),80.2,3601.89,Yes
CUST-106013,Female,0,No,Yes,52,Yes,Yes,Fiber optic,Yes,Yes,No,Yes,Yes,No,Month-to-month,No,Electronic check,106.17,5662.26,Yes
CUST-106014,Female,0,Yes,Yes,42,Yes,No,Fiber optic,No,Yes,No,No,Yes,Yes,Month-to-month,Yes,Credit card (automatic),114.15,4640.29,Yes
CUST-106015,Male,1,No,Yes,56,Yes,No,DSL,No,Yes,No,No,No,Yes,Month-to-month,Yes,Credit card (automatic),79.38,4256.33,No
CUST-106016,Male,1,No,No,71,Yes,No,DSL,No,No,No,Yes,Yes,No,Two year,No,Mailed check,74.97,5494.34,No
CUST-106017,Male,0,No,Yes,33,No,No phone service,DSL,No,Yes,No,No,Yes,Yes,Month-to-month,Yes,Electronic check,62.2,2046.13,No
CUST-106018,Female,0,No,No,30,Yes,No,Fiber optic,No,No,Yes,No,Yes,Yes,One year,No,Credit card (automatic),111.53,3349.0,Yes
CUST-106019,Female,0,No,No,12,Yes,No,DSL,Yes,Yes,Yes,No,Yes,Yes,Month-to-month,Yes,Mailed check,87.08,1096.14,No
CUST-106020,Male,1,No,No,71,Yes,No,DSL,Yes,No,Yes,Yes,Yes,No,Month-to-month,Yes,Mailed check,79.69,5426.46,No
CUST-106021,Male,0,Yes,No,66,Yes,Yes,DSL,No,No,No,No,No,No,Two year,Yes,Electronic check,70.28,4628.27,No
CUST-106022,Male,0,No,Yes,51,Yes,No,Fiber optic,No,Yes,No,No,No,Yes,One year,Yes,Mailed check,91.63,4596.09,No
CUST-106023,Female,0,Yes,No,48,Yes,No,No,No internet service,No internet service,No internet service,No internet service,No internet service,No internet service,One year,No,Mailed check,41.41,2056.95,No
CUST-106024,Male,0,No,No,14,Yes,No,Fiber optic,No,No,No,No,No,No,Month-to-month,No,Bank transfer (automatic),91.83,1241.25,Yes
CUST-106025,Female,0,No,No,66,Yes,No,DSL,No,Yes,Yes,No,No,No,Month-to-month,Yes,Credit card (automatic),85.23,5880.59,Yes
CUST-106026,Male,0,Yes,No,4,Yes,No,No,No internet service,No internet service,No internet service,No internet service,No internet service,No internet service,Month-to-month,No,Bank transfer (automatic),39.89,166.54,No
CUST-106027,Female,0,Yes,No,45,Yes,No,No,No internet service,No internet service,No internet service,No internet service,No internet service,No internet service,Month-to-month,Yes,Electronic check,40.22,1784.71,No
CUST-106028,Female,0,Yes,No,18,Yes,No,DSL,No,No,No,No,No,No,Two year,No,Mailed check,62.0,1070.07,No
CUST-106029,Male,0,Yes,No,33,Yes,No,No,No internet service,No internet service,No internet service,No internet service,No internet service,No internet service,Month-to-month,Yes,Electronic check,36.11,1230.64,No
CUST-106030,Female,0,No,No,6,No,No phone service,Fiber optic,No,No,No,No,No,Yes,Month-to-month,Yes,Electronic check,73.49,426.96,Yes
CUST-106031,Female,0,Yes,No,9,Yes,No,DSL,No,Yes,Yes,No,Yes,No,Month-to-month,No,Mailed check,85.35,794.08,No
CUST-106032,Female,1,No,No,27,No,No phone service,Fiber optic,No,No,Yes,No,Yes,No,Month-to-month,No,Electronic check,77.72,2191.38,No
CUST-106033,Female,0,No,No,29,Yes,No,Fiber optic,Yes,Yes,No,No,No,No,Month-to-month,Yes,Electronic check,103.73,3006.7,No
CUST-106034,Male,1,Yes,No,64,Yes,Yes,No,No internet service,No internet service,No internet service,No internet service,No internet service,No internet service,Month-to-month,Yes,Electronic check,41.06,2524.75,No
CUST-106035,Male,0,Yes,No,43,Yes,No,Fiber optic,No,No,Yes,No,No,No,Two year,No,Electronic check,100.47,4350.69,No
CUST-106036,Female,1,Yes,Yes,2,Yes,No,Fiber optic,No,No,Yes,No,No,No,One year,Yes,Credit card (automatic),92.54,183.52,No
CUST-106037,Male,0,No,Yes,67,No,No phone service,No,No internet service,No internet service,No internet service,No internet service,No internet service,No internet service,Month-to-month,No,Mailed check,19.41,1305.98,No
CUST-106038,Male,0,Yes,No,44,Yes,Yes,DSL,No,No,Yes,Yes,No,No,Month-to-month,Yes,Credit card (automatic),80.64,3554.09,No
CUST-106039,Male,0,Yes,No,60,Yes,Yes,Fiber optic,No,No,No,No,No,Yes,One year,Yes,Credit card (automatic),100.65,6170.96,No
CUST-106040,Male,1,No,No,67,Yes,No,Fiber optic,No,Yes,No,No,No,No,Month-to-month,Yes,Credit card (automatic),96.28,6278.11,Yes
CUST-106041,Male,1,No,Yes,37,Yes,No,DSL,No,Yes,Yes,No,Yes,No,Two year,Yes,Electronic check,79.54,3046.81,No
CUST-106042,Male,0,Yes,No,13,Yes,No,Fiber optic,No,No,No,No,Yes,No,One year,No,Mailed check,102.5,1300.79,No
CUST-106043,Female,0,No,No,32,Yes,No,No,No internet service,No internet service,No internet service,No internet service,No internet service,No internet service,Month-to-month,No,Mailed check,33.53,1121.37,Yes
CUST-106044,Female,0,No,No,50,Yes,Yes,Fiber optic,Yes,No,Yes,No,No,Yes,One year,Yes,Mailed check,115.57,5790.51,No
CUST-106045,Male,0,No,No,2,Yes,No,Fiber optic,No,Yes,No,No,No,No,Month-to-month,Yes,Electronic check,96.7,195.38,Yes
CUST-106046,Male,0,Yes,Yes,69,Yes,No,DSL,Yes,No,No,No,Yes,Yes,Month-to-month,Yes,Electronic check,86.21,5828.57,No
CUST-106047,Female,0,No,No,25,Yes,Yes,Fiber optic,Yes,Yes,Yes,No,Yes,Yes,One year,No,Bank transfer (automatic),122.99,3074.94,No
CUST-106048,Male,0,Yes,No,48,Yes,No,Fiber optic,No,No,Yes,No,Yes,No,Month-to-month,No,Bank transfer (automatic),100.08,5015.58,Yes
CUST-106049,Male,0,Yes,No,71,Yes,No,No,No internet service,No internet service,No internet service,No internet service,No internet service,No internet service,Month-to-month,Yes,Mailed check,33.77,2319.22,Yes
CUST-106050,Male,1,Yes,Yes,63,Yes,Yes,No,No internet service,No internet service,No internet service,No internet service,No internet service,No internet service,Two year,No,Electronic check,39.77,2507.89,No
CUST-106051,Male,0,No,No,54,Yes,Yes,DSL,No,Yes,No,No,No,No,One year,No,Bank transfer (automatic),68.37,3740.64,Yes
CUST-106052,Male,0,No,Yes,21,Yes,No,No,No internet service,No internet service,No internet service,No internet service,No internet service,No internet service,Month-to-month,No,Bank transfer (automatic),44.03,919.18,No
CUST-106053,Male,0,No,No,38,Yes,No,No,No internet service,No internet service,No internet service,No internet service,No internet service,No internet service,Two year,Yes,Bank transfer (automatic),37.55,1373.8,No
CUST-106054,Female,0,No,No,36,Yes,No,DSL,No,Yes,No,No,No,Yes,Month-to-month,Yes,Credit card (automatic),76.36,2734.46,No
CUST-106055,Female,0,Yes,No,62,No,No phone service,Fiber optic,No,Yes,No,Yes,No,No,Two year,Yes,Bank transfer (automatic),86.64,5508.21,No
CUST-106056,Male,0,Yes,No,2,Yes,No,DSL,No,No,Yes,No,Yes,Yes,Month-to-month,No,Mailed check,90.07,181.18,Yes
CUST-106057,Female,0,No,No,1,Yes,No,Fiber optic,No,Yes,No,No,Yes,Yes,Month-to-month,Yes,Mailed check,105.11,109.85,Yes
CUST-106058,Female,0,Yes,Yes,8,Yes,No,DSL,No,No,No,No,Yes,No,One year,Yes,Electronic check,77.9,654.27,Yes
CUST-106059,Male,0,Yes,No,69,Yes,No,Fiber optic,Yes,Yes,No,Yes,No,Yes,Month-to-month,Yes,Mailed check,112.13,7683.13,No
CUST-106060,Male,0,No,Yes,39,No,No phone service,DSL,Yes,Yes,Yes,No,No,No,Two year,Yes,Credit card (automatic),64.58,2586.68,No
CUST-106061,Female,0,Yes,No,51,Yes,No,No,No internet service,No internet service,No internet service,No internet service,No internet service,No internet service,Month-to-month,Yes,Bank transfer (automatic),40.56,2138.96,No
CUST-106062,Male,0,Yes,No,6,Yes,No,DSL,No,Yes,Yes,No,Yes,No,Two year,No,Bank transfer (automatic),85.43,532.67,Yes
CUST-106063,Male,0,No,Yes,0,Yes,Yes,DSL,No,No,No,No,No,Yes,Month-to-month,Yes,Electronic check,71.0,0.0,Yes
CUST-106064,Male,0,No,No,47,Yes,Yes,DSL,No,No,No,No,No,No,Month-to-month,No,Bank transfer (automatic),61.79,2903.92,No
CUST-106065,Male,0,No,Yes,51,Yes,No,Fiber optic,Yes,Yes,No,No,Yes,No,Month-to-month,No,Electronic check,110.02,5402.87,Yes
CUST-106066,Male,0,Yes,Yes,31,Yes,No,Fiber optic,No,Yes,Yes,No,No,No,Month-to-month,Yes,Mailed check,106.8,3308.79,No
CUST-106067,Male,0,No,No,6,No,No phone service,Fiber optic,No,Yes,No,No,Yes,Yes,One year,Yes,Bank transfer (automatic),91.39,568.5,Yes
CUST-106068,Male,0,No,Yes,35,Yes,No,Fiber optic,No,No,No,No,Yes,No,One year,No,Electronic check,94.21,3279.73,Yes
CUST-106069,Female,0,Yes,Yes,46,No,No phone service,No,No internet service,No internet service,No internet service,No internet service,No internet service,No internet service,Two year,Yes,Electronic check,24.02,1129.81,Yes
CUST-106070,Male,0,No,No,15,Yes,Yes,Fiber optic,No,No,Yes,Yes,No,No,Month-to-month,Yes,Electronic check,99.85,1429.98,No
CUST-106071,Female,0,No,No,21,Yes,Yes,Fiber optic,No,No,No,No,No,Yes,Month-to-month,Yes,Electronic check,96.0,1919.05,No
CUST-106072,Female,0,No,No,54,No,No phone service,Fiber optic,No,No,No,Yes,No,Yes,Month-to-month,Yes,Mailed check,75.13,3942.36,No
CUST-106073,Female,0,Yes,No,15,No,No phone service,No,No internet service,No internet service,No internet service,No internet service,No internet service,No internet service,One year,No,Bank transfer (automatic),22.14,326.57,No
CUST-106074,Female,0,No,Yes,7,Yes,No,DSL,No,No,Yes,No,Yes,Yes,Two year,No,Electronic check,92.83,667.64,No
CUST-106075,Male,0,Yes,No,45,Yes,Yes,DSL,No,No,Yes,Yes,No,No,Month-to-month,Yes,Electronic check,65.17,2912.97,No
CUST-106076,Male,0,Yes,No,1,Yes,No,Fiber optic,Yes,Yes,No,No,Yes,No,Month-to-month,Yes,Mailed check,104.51,106.23,Yes
CUST-106077,Male,0,Yes,Yes,31,Yes,Yes,Fiber optic,No,No,No,Yes,Yes,Yes,Month-to-month,Yes,Electronic check,98.73,2943.56,No
CUST-106078,Female,0,Yes,No,41,Yes,Yes,DSL,Yes,No,No,No,No,No,Month-to-month,Yes,Bank transfer (automatic),78.35,3197.03,No
CUST-106079,Female,0,Yes,No,4,Yes,Yes,No,No internet service,No internet service,No internet service,No internet service,No internet service,No internet service,One year,No,Credit card (automatic),43.22,165.06,No
CUST-106080,Female,0,No,Yes,47,Yes,Yes,DSL,No,No,No,Yes,No,Yes,Month-to-month,No,Bank transfer (automatic),74.72,3451.36,Yes
CUST-106081,Male,0,No,Yes,60,Yes,Yes,Fiber optic,Yes,Yes,No,Yes,No,Yes,Two year,No,Bank transfer (automatic),113.86,6494.33,No
CUST-106082,Male,0,Yes,No,71,Yes,Yes,DSL,No,No,Yes,Yes,No,No,Month-to-month,Yes,Bank transfer (automatic),84.43,5719.27,No
CUST-106083,Female,0,No,No,19,Yes,Yes,No,No internet service,No internet service,No internet service,No internet service,No internet service,No internet service,Month-to-month,Yes,Mailed check,40.87,756.61,No
CUST-106084,Female,0,No,Yes,23,Yes,No,Fiber optic,No,Yes,Yes,No,Yes,No,Month-to-month,No,Bank transfer (automatic),108.62,2558.81,No
CUST-106085,Female,1,Yes,No,45,Yes,No,DSL,No,Yes,Yes,No,Yes,No,Month-to-month,Yes,Mailed check,89.67,4006.72,No
CUST-106086,Male,0,No,Yes,43,Yes,No,DSL,No,Yes,No,No,Yes,Yes,One year,Yes,Mailed check,83.19,3712.34,No
CUST-106087,Male,0,No,No,44,Yes,No,DSL,No,No,Yes,Yes,Yes,No,Two year,No,Bank transfer (automatic),79.76,3365.42,No
CUST-106088,Male,0,No,Yes,22,No,No phone service,Fiber optic,No,Yes,No,No,Yes,No,Month-to-month,No,Credit card (automatic),87.59,1971.65,Yes
CUST-106089,Female,0,No,No,4,Yes,No,DSL,No,No,No,No,Yes,No,Month-to-month,Yes,Mailed check,68.03,269.66,Yes
CUST-106090,Male,0,No,No,1,Yes,No,Fiber optic,No,No,No,No,No,No,One year,No,Credit card (automatic),89.6,88.98,No
CUST-106091,Female,0,No,No,72,Yes,Yes,Fiber optic,No,No,No,Yes,No,Yes,One year,No,Mailed check,103.67,7454.56,No
CUST-106092,Male,1,Yes,Yes,29,Yes,No,Fiber optic,Yes,No,Yes,No,Yes,No,One year,Yes,Mailed check,108.51,3126.37,Yes
CUST-106093,Male,0,Yes,No,32,No,No phone service,DSL,No,No,No,No,No,Yes,Month-to-month,Yes,Mailed check,47.21,1558.77,No
CUST-106094,Male,0,No,No,45,Yes,Yes,Fiber optic,No,No,Yes,No,No,No,One year,Yes,Bank transfer (automatic),101.51,4477.7,No
CUST-106095,Female,0,Yes,Yes,14,Yes,No,No,No internet service,No internet service,No internet service,No internet service,No internet service,No internet service,Month-to-month,Yes,Credit card (automatic),36.92,505.93,No
CUST-106096,Female,0,Yes,No,27,No,No phone service,Fiber optic,No,No,No,Yes,No,Yes,Month-to-month,No,Bank transfer (automatic),78.38,2169.47,No
CUST-106097,Female,0,Yes,No,31,Yes,No,No,No internet service,No internet service,No internet service,No internet service,No internet service,No internet service,Two year,Yes,Mailed check,40.17,1253.88,No
CUST-106098,Female,0,No,No,6,Yes,Yes,DSL,No,Yes,No,No,Yes,Yes,Month-to-month,Yes,Mailed check,82.03,499.58,No
CUST-106099,Male,0,No,No,44,Yes,Yes,DSL,Yes,No,No,Yes,No,Yes,Month-to-month,No,Electronic check,93.34,3950.46,Yes
CUST-106100,Male,0,Yes,No,14,Yes,No,No,No internet service,No internet service,No internet service,No internet service,No internet service,No internet service,Month-to-month,Yes,Bank transfer (automatic),36.76,508.77,No
CUST-106101,Female,0,Yes,No,0,Yes,No,Fiber optic,Yes,No,Yes,No,No,No,Month-to-month,No,Credit card (automatic),97.32,0.0,Yes
CUST-106102,Male,0,Yes,No,45,No,No phone service,Fiber optic,No,Yes,No,No,No,No,Two year,No,Credit card (automatic),73.25,3336.64,No
CUST-106103,Male,0,Yes,Yes,21,Yes,No,Fiber optic,Yes,Yes,No,Yes,No,Yes,Month-to-month,No,Mailed check,116.69,2436.07,No
CUST-106104,Female,0,No,No,52,No,No phone service,Fiber optic,Yes,Yes,Yes,No,No,Yes,Month-to-month,Yes,Mailed check,97.7,5264.47,No
CUST-106105,Female,1,Yes,Yes,39,Yes,No,No,No internet service,No internet service,No internet service,No internet service,No internet service,No internet service,Two year,Yes,Mailed check,38.55,1521.38,No
CUST-106106,Male,0,No,No,2,Yes,No,DSL,No,No,No,No,No,No,Month-to-month,No,Electronic check,64.3,134.56,Yes
CUST-106107,Female,0,Yes,Yes,50,Yes,Yes,DSL,No,No,No,Yes,No,No,Month-to-month,Yes,Credit card (automatic),72.04,3603.88,No
CUST-106108,Female,1,Yes,No,2,Yes,Yes,No,No internet service,No internet service,No internet service,No internet service,No internet service,No internet service,Month-to-month,No,Electronic check,41.65,80.2,No
CUST-106109,Female,0,No,No,22,Yes,Yes,DSL,Yes,Yes,No,No,Yes,No,Month-to-month,Yes,Credit card (automatic),75.88,1657.02,No
CUST-106110,Female,1,Yes,No,50,Yes,Yes,Fiber optic,No,No,Yes,Yes,No,Yes,Month-to-month,No,Mailed check,105.33,5330.58,Yes
CUST-106111,Male,0,Yes,Yes,29,Yes,No,DSL,No,No,No,No,No,Yes,One year,Yes,Bank transfer (automatic),73.81,2244.41,Yes
CUST-106112,Male,0,Yes,No,28,Yes,Yes,Fiber optic,Yes,Yes,No,No,Yes,No,Month-to-month,Yes,Credit card (automatic),115.82,3175.73,Yes
CUST-106113,Female,0,No,No,16,No,No phone service,Fiber optic,Yes,No,Yes,No,No,No,One year,Yes,Bank transfer (automatic),86.86,1366.89,No
CUST-106114,Male,0,Yes,No,32,Yes,No,DSL,No,Yes,No,No,Yes,Yes,Two year,No,Bank transfer (automatic),85.12,2792.11,Yes
CUST-106115,Male,0,No,No,21,Yes,Yes,DSL,No,No,Yes,Yes,No,Yes,Month-to-month,Yes,Electronic check,82.93,1762.79,Yes
CUST-106116,Female,0,No,Yes,69,Yes,No,Fiber optic,No,Yes,No,No,Yes,No,Month-to-month,Yes,Electronic check,104.75,7300.02,Yes
CUST-106117,Male,0,No,No,50,Yes,No,Fiber optic,No,Yes,No,No,No,No,Month-to-month,No,Mailed check,90.88,4459.95,No
CUST-106118,Female,0,No,No,66,Yes,No,Fiber optic,Yes,Yes,No,Yes,No,No,Month-to-month,Yes,Mailed check,112.73,7212.21,No
CUST-106119,Male,0,No,No,24,Yes,Yes,Fiber optic,No,No,Yes,Yes,No,No,Month-to-month,No,Bank transfer (automatic),98.21,2257.02,Yes
CUST-106120,Male,0,No,Yes,69,Yes,Yes,DSL,No,No,No,No,No,No,Month-to-month,Yes,Mailed check,63.45,4347.29,No
CUST-106121,Female,0,Yes,Yes,20,Yes,No,Fiber optic,No,No,Yes,No,No,No,Month-to-month,Yes,Electronic check,101.7,1973.38,No
CUST-106122,Female,1,No,Yes,22,Yes,Yes,No,No internet service,No internet service,No internet service,No internet service,No internet service,No internet service,Month-to-month,Yes,Credit card (automatic),39.53,893.78,No
CUST-106123,Male,0,No,No,21,Yes,Yes,Fiber optic,Yes,No,No,No,No,No,Month-to-month,No,Credit card (automatic),97.09,1980.86,No
CUST-106124,Male,0,Yes,No,43,Yes,Yes,No,No internet service,No internet service,No internet service,No internet service,No internet service,No internet service,One year,Yes,Credit card (automatic),40.58,1694.42,No
CUST-106125,Male,0,No,No,44,Yes,No,No,No internet service,No internet service,No internet service,No internet service,No internet service,No internet service,Month-to-month,Yes,Electronic check,42.49,1896.45,No
CUST-106126,Male,0,Yes,Yes,4,Yes,Yes,DSL,Yes,No,Yes,Yes,No,Yes,One year,Yes,Electronic check,104.6,424.1,No
CUST-106127,Female,0,No,Yes,40,Yes,Yes,DSL,No,No,Yes,No,No,No,One year,No,Electronic check,66.54,2543.06,Yes
CUST-106128,Male,1,Yes,No,69,Yes,No,DSL,No,No,No,No,Yes,Yes,Month-to-month,Yes,Credit card (automatic),80.66,5748.04,Yes
CUST-106129,Male,0,Yes,Yes,29,Yes,No,DSL,Yes,No,Yes,No,Yes,No,One year,No,Bank transfer (automatic),88.54,2479.75,No
CUST-106130,Male,0,Yes,No,51,Yes,No,Fiber optic,No,No,No,Yes,Yes,No,Month-to-month,Yes,Credit card (automatic),100.66,4951.75,No
CUST-106131,Male,1,Yes,No,46,Yes,Yes,DSL,No,No,Yes,No,Yes,No,One year,No,Credit card (automatic),74.52,3374.59,No
CUST-106132,Female,0,Yes,No,71,Yes,No,No,No internet service,No internet service,No internet service,No internet service,No internet service,No internet service,Month-to-month,No,Electronic check,43.59,2989.93,No
CUST-106133,Male,0,Yes,Yes,46,Yes,Yes,Fiber optic,No,No,No,No,No,Yes,Month-to-month,Yes,Mailed check,91.06,4248.65,Yes
CUST-106134,Female,0,No,Yes,34,Yes,No,No,No internet service,No internet service,No internet service,No internet service,No internet service,No internet service,Month-to-month,No,Mailed check,45.41,1505.06,No
CUST-106135,Male,0,Yes,No,0,Yes,Yes,Fiber optic,No,No,Yes,No,Yes,Yes,One year,No,Mailed check,111.45,0.0,Yes
CUST-106136,Male,0,No,Yes,58,Yes,Yes,DSL,No,Yes,No,No,No,Yes,One year,Yes,Credit card (automatic),73.63,4370.27,Yes
CUST-106137,Female,0,No,No,24,Yes,No,DSL,No,No,No,No,No,No,Month-to-month,Yes,Electronic check,65.73,1630.14,Yes
CUST-106138,Male,0,Yes,No,67,Yes,Yes,Fiber optic,Yes,No,Yes,Yes,Yes,Yes,Month-to-month,No,Bank transfer (automatic),121.41,8385.22,Yes
CUST-106139,Male,0,Yes,No,17,Yes,No,DSL,Yes,No,No,No,No,No,Month-to-month,No,Electronic check,70.19,1138.2,No
CUST-106140,Male,0,Yes,Yes,31,Yes,Yes,No,No internet service,No internet service,No internet service,No internet service,No internet service,No internet service,Month-to-month,No,Bank transfer (automatic),46.63,1414.67,No
CUST-106141,Male,0,Yes,No,60,Yes,No,DSL,No,No,No,Yes,Yes,Yes,Month-to-month,No,Electronic check,81.3,5107.41,Yes
CUST-106142,Female,1,No,No,11,Yes,No,Fiber optic,Yes,No,No,No,No,Yes,One year,Yes,Mailed check,109.54,1230.54,Yes
CUST-106143,Female,0,No,Yes,20,Yes,No,Fiber optic,No,Yes,No,No,No,Yes,One year,No,Bank transfer (automatic),100.27,2076.34,No
CUST-106144,Male,1,No,No,57,Yes,No,Fiber optic,Yes,Yes,Yes,No,Yes,No,Two year,Yes,Mailed check,111.87,6255.55,Yes
CUST-106145,Female,0,Yes,No,23,Yes,No,No,No internet service,No internet service,No internet service,No internet service,No internet service,No internet service,Month-to-month,No,Credit card (automatic),37.88,830.1,Yes
CUST-106146,Female,0,No,Yes,69,Yes,Yes,DSL,No,Yes,No,No,Yes,No,One year,Yes,Bank transfer (automatic),78.89,5183.61,No
CUST-106147,Female,0,Yes,No,39,Yes,No,No,No internet service,No internet service,No internet service,No internet service,No internet service,No internet service,Two year,No,Electronic check,46.46,1878.15,No
CUST-106148,Male,0,No,Yes,60,Yes,No,Fiber optic,Yes,Yes,Yes,Yes,Yes,Yes,Month-to-month,No,Mailed check,130.0,7865.52,Yes
CUST-106149,Female,0,No,Yes,39,Yes,Yes,Fiber optic,No,No,Yes,Yes,Yes,Yes,One year,Yes,Electronic check,106.38,4283.48,No
CUST-106150,Male,1,Yes,Yes,3,Yes,Yes,No,No internet service,No internet service,No internet service,No internet service,No internet service,No internet service,Month-to-month,No,Electronic check,34.6,106.84,No
CUST-106151,Female,0,No,No,59,Yes,No,No,No internet service,No internet service,No internet service,No internet service,No internet service,No internet service,Month-to-month,No,Electronic check,40.8,2418.58,No
CUST-106152,Female,0,No,No,30,Yes,No,DSL,Yes,No,Yes,Yes,No,Yes,Two year,Yes,Electronic check,95.55,2929.14,Yes
CUST-106153,Male,0,No,No,28,Yes,No,DSL,Yes,Yes,Yes,Yes,Yes,No,Month-to-month,Yes,Credit card (automatic),99.5,2899.36,Yes
CUST-106154,Male,1,Yes,No,53,Yes,No,No,No internet service,No internet service,No internet service,No internet service,No internet service,No internet service,Two year,Yes,Credit card (automatic),45.35,2493.77,No
CUST-106155,Female,0,No,Yes,20,Yes,No,Fiber optic,Yes,No,No,No,No,No,Two year,Yes,Electronic check,99.55,1897.86,No
CUST-106156,Male,0,Yes,No,31,Yes,No,Fiber optic,No,No,No,No,Yes,Yes,Two year,No,Credit card (automatic),93.35,2943.15,No
CUST-106157,Female,0,Yes,No,44,Yes,Yes,DSL,Yes,No,No,Yes,No,No,One year,Yes,Electronic check,76.48,3528.22,No
CUST-106158,Female,1,No,No,43,Yes,No,Fiber optic,No,Yes,No,No,Yes,No,One year,No,Mailed check,102.53,4503.47,No
CUST-106159,Male,0,Yes,No,53,No,No phone service,DSL,No,No,Yes,Yes,No,No,Month-to-month,Yes,Electronic check,61.01,3329.71,Yes
CUST-106160,Male,0,Yes,No,6,Yes,Yes,DSL,No,No,No,No,Yes,No,Month-to-month,Yes,Electronic check,67.86,392.04,No
CUST-106161,Male,0,No,No,72,No,No phone service,Fiber optic,No,No,No,No,No,Yes,Two year,No,Mailed check,77.45,5779.72,No
CUST-106162,Male,0,Yes,No,44,Yes,No,DSL,No,Yes,No,No,No,Yes,Month-to-month,Yes,Bank transfer (automatic),71.46,3070.78,No
CUST-106163,Male,0,No,No,45,Yes,No,Fiber optic,Yes,Yes,No,No,No,Yes,Month-to-month,No,Mailed check,105.42,4693.98,No
CUST-106164,Male,0,No,Yes,64,Yes,No,Fiber optic,No,No,No,No,No,No,Two year,Yes,Credit card (automatic),92.74,6009.01,No
CUST-106165,Female,0,Yes,No,35,Yes,No,Fiber optic,No,No,No,No,No,No,Month-to-month,No,Electronic check,96.45,3289.22,Yes
CUST-106166,Male,1,No,No,2,Yes,No,DSL,Yes,No,Yes,Yes,No,No,Two year,No,Bank transfer (automatic),78.73,158.69,Yes
CUST-106167,Female,1,No,No,9,No,No phone service,DSL,Yes,Yes,No,Yes,No,No,Month-to-month,No,Electronic check,62.59,589.49,No
CUST-106168,Female,1,No,No,69,Yes,No,Fiber optic,No,Yes,No,No,No,Yes,Month-to-month,No,Electronic check,105.49,7298.06,No
CUST-106169,Female,1,No,No,72,No,No phone service,Fiber optic,No,No,No,No,Yes,Yes,One year,Yes,Electronic check,81.3,5792.5,Yes
CUST-106170,Female,0,No,Yes,6,Yes,No,DSL,No,Yes,No,No,Yes,No,Month-to-month,No,Electronic check,68.5,428.39,No
CUST-106171,Male,1,No,Yes,50,Yes,No,Fiber optic,No,Yes,No,No,No,Yes,One year,Yes,Bank transfer (automatic),109.01,5560.55,No
CUST-106172,Female,1,Yes,No,48,Yes,No,Fiber optic,Yes,No,Yes,No,No,No,Month-to-month,No,Mailed check,104.08,5103.78,Yes
CUST-106173,Male,0,Yes,No,12,Yes,Yes,DSL,No,No,No,No,Yes,Yes,Month-to-month,Yes,Bank transfer (automatic),73.86,864.22,No
CUST-106174,Male,0,No,No,57,Yes,No,Fiber optic,Yes,No,No,No,No,Yes,Two year,Yes,Electronic check,102.76,5824.31,Yes
CUST-106175,Male,0,No,No,33,Yes,No,Fiber optic,No,No,Yes,Yes,No,Yes,Month-to-month,Yes,Electronic check,102.79,3285.07,Yes
CUST-106176,Female,0,No,No,16,Yes,No,Fiber optic,No,Yes,No,No,No,Yes,Month-to-month,Yes,Mailed check,109.05,1737.22,Yes
CUST-106177,Female,0,Yes,Yes,40,Yes,Yes,No,No internet service,No internet service,No internet service,No internet service,No internet service,No internet service,Month-to-month,Yes,Electronic check,41.33,1577.56,No
CUST-106178,Female,0,No,Yes,66,Yes,Yes,DSL,No,Yes,No,No,No,Yes,Two year,Yes,Electronic check,69.36,4521.04,No
CUST-106179,Female,0,Yes,Yes,15,Yes,No,Fiber optic,No,No,Yes,No,Yes,Yes,Two year,Yes,Electronic check,101.26,1520.42,No
CUST-106180,Male,0,Yes,No,45,Yes,No,DSL,No,No,Yes,Yes,Yes,No,Month-to-month,Yes,Credit card (automatic),76.07,3272.27,Yes
CUST-106181,Female,0,No,Yes,53,Yes,Yes,No,No internet service,No internet service,No internet service,No internet service,No internet service,No internet service,Month-to-month,Yes,Mailed check,41.67,2154.13,No
CUST-106182,Male,1,Yes,No,45,Yes,Yes,DSL,Yes,No,Yes,No,No,Yes,Two year,No,Electronic check,88.75,3991.61,No
CUST-106183,Female,0,No,No,47,Yes,Yes,No,No internet service,No internet service,No internet service,No internet service,No internet service,No internet service,Two year,No,Mailed check,45.36,2044.12,No
CUST-106184,Male,0,Yes,No,52,Yes,Yes,Fiber optic,No,No,No,Yes,Yes,No,Month-to-month,Yes,Credit card (automatic),104.34,5507.38,Yes
CUST-106185,Female,0,No,Yes,17,Yes,Yes,No,No internet service,No internet service,No internet service,No internet service,No internet service,No internet service,One year,Yes,Electronic check,29.17,476.06,No
CUST-106186,Male,1,No,No,7,Yes,No,Fiber optic,No,No,No,No,No,Yes,Month-to-month,Yes,Electronic check,96.68,691.21,Yes
CUST-106187,Female,1,Yes,No,72,Yes,Yes,DSL,Yes,No,Yes,No,Yes,No,Month-to-month,No,Credit card (automatic),88.24,6044.3,Yes
CUST-106188,Male,0,No,No,23,Yes,No,Fiber optic,Yes,No,Yes,No,No,No,One year,No,Credit card (automatic),106.72,2388.61,No
CUST-106189,Male,0,No,No,69,Yes,Yes,DSL,Yes,No,No,No,No,Yes,One year,Yes,Mailed check,71.29,4830.64,No
CUST-106190,Female,0,Yes,No,19,Yes,Yes,DSL,No,Yes,No,Yes,No,Yes,Month-to-month,Yes,Electronic check,86.91,1582.11,Yes
CUST-106191,Male,0,No,No,19,Yes,No,DSL,No,No,Yes,No,Yes,Yes,Two year,Yes,Electronic check,74.17,1358.96,No
CUST-106192,Male,0,No,No,1,Yes,No,Fiber optic,No,No,Yes,No,No,Yes,Month-to-month,Yes,Credit card (automatic),103.83,102.22,Yes
CUST-106193,Male,0,Yes,Yes,32,Yes,Yes,DSL,Yes,Yes,No,No,No,No,Two year,Yes,Bank transfer (automatic),69.29,2204.85,Yes
CUST-106194,Male,0,No,No,68,Yes,No,Fiber optic,No,Yes,Yes,No,Yes,No,Month-to-month,No,Mailed check,108.0,7369.11,Yes
CUST-106195,Male,0,Yes,No,65,Yes,No,Fiber optic,Yes,No,No,No,No,Yes,Two year,Yes,Electronic check,103.42,6994.58,No
CUST-106196,Female,0,Yes,No,22,Yes,No,DSL,Yes,No,No,Yes,No,No,Month-to-month,Yes,Electronic check,76.1,1683.5,No
CUST-106197,Male,0,Yes,No,29,Yes,No,DSL,No,No,Yes,No,Yes,No,Month-to-month,No,Bank transfer (automatic),77.22,2273.9,No
CUST-106198,Male,0,No,No,48,Yes,No,Fiber optic,No,No,No,No,No,Yes,One year,No,Bank transfer (automatic),105.43,5193.96,No
CUST-106199,Male,0,No,No,69,Yes,Yes,DSL,No,No,Yes,No,No,Yes,Month-to-month,Yes,Mailed check,65.92,4608.41,No
CUST-106200,Female,0,Yes,No,44,Yes,No,DSL,Yes,Yes,No,Yes,No,No,Month-to-month,No,Bank transfer (automatic),86.28,3921.49,No
CUST-106201,Female,0,Yes,Yes,14,Yes,No,DSL,No,No,Yes,No,No,Yes,One year,Yes,Bank transfer (automatic),82.53,1180.14,No
CUST-106202,Male,1,Yes,No,26,Yes,Yes,DSL,No,No,No,No,No,Yes,Month-to-month,Yes,Bank transfer (automatic),67.1,1813.09,Yes
CUST-106203,Male,0,No,Yes,52,Yes,No,Fiber optic,No,No,Yes,No,No,No,Two year,Yes,Electronic check,95.81,5110.5,No
CUST-106204,Male,0,Yes,Yes,1,Yes,No,DSL,No,No,No,No,Yes,No,Month-to-month,Yes,Credit card (automatic),69.5,66.07,No
CUST-106205,Female,0,Yes,No,43,No,No phone service,No,No internet service,No internet service,No internet service,No internet service,No internet service,No internet service,Month-to-month,Yes,Electronic check,20.91,870.5,Yes
CUST-106206,Female,0,Yes,Yes,56,No,No phone service,Fiber optic,No,Yes,No,Yes,Yes,No,Month-to-month,No,Mailed check,87.36,5058.72,No
CUST-106207,Female,1,Yes,Yes,25,Yes,No,No,No internet service,No internet service,No internet service,No internet service,No internet service,No internet service,Month-to-month,No,Electronic check,42.62,1103.26,No
CUST-106208,Male,0,No,No,39,Yes,No,Fiber optic,No,No,Yes,No,No,Yes,Month-to-month,Yes,Bank transfer (automatic),94.96,3697.44,No
CUST-106209,Female,0,No,No,52,Yes,Yes,DSL,No,No,No,No,Yes,Yes,Month-to-month,Yes,Mailed check,76.93,3894.98,Yes
CUST-106210,Male,0,Yes,No,43,Yes,No,DSL,No,No,No,Yes,Yes,No,Month-to-month,Yes,Electronic check,76.97,3203.0,No
CUST-106211,Female,0,No,No,1,Yes,Yes,DSL,No,No,Yes,No,Yes,Yes,Month-to-month,Yes,Mailed check,84.18,87.77,Yes
CUST-106212,Female,1,Yes,No,42,Yes,Yes,Fiber optic,No,Yes,No,Yes,No,Yes,One year,No,Mailed check,97.83,4170.16,No
CUST-106213,Male,0,No,No,16,Yes,Yes,Fiber optic,No,No,No,No,No,Yes,Month-to-month,Yes,Mailed check,90.28,1486.96,Yes
CUST-106214,Female,0,Yes,Yes,54,No,No phone service,DSL,No,No,Yes,No,Yes,Yes,Month-to-month,No,Electronic check,63.61,3505.32,Yes
CUST-106215,Female,0,Yes,Yes,19,Yes,Yes,Fiber optic,Yes,No,Yes,Yes,Yes,No,Month-to-month,Yes,Electronic check,112.33,2048.59,Yes
CUST-106216,Male,0,No,Yes,71,Yes,No,DSL,Yes,No,Yes,No,Yes,Yes,Two year,No,Credit card (automatic),89.3,6114.05,No
CUST-106217,Male,0,Yes,No,8,Yes,No,Fiber optic,Yes,No,Yes,No,No,Yes,Month-to-month,Yes,Electronic check,112.46,931.88,Yes
CUST-106218,Male,1,No,Yes,65,Yes,Yes,DSL,No,Yes,No,No,No,No,Two year,Yes,Mailed check,69.31,4555.54,Yes
CUST-106219,Female,0,Yes,No,2,Yes,No,DSL,No,No,No,No,No,No,Month-to-month,Yes,Electronic check,64.23,123.14,Yes
CUST-106220,Male,0,Yes,No,49,Yes,No,Fiber optic,Yes,No,Yes,Yes,No,No,Two year,No,Bank transfer (automatic),112.16,5548.39,No
CUST-106221,Male,1,No,No,25,Yes,No,No,No internet service,No internet service,No internet service,No internet service,No internet service,No internet service,Month-to-month,Yes,Bank transfer (automatic),39.5,952.81,No
CUST-106222,Female,0,Yes,No,14,Yes,No,Fiber optic,No,Yes,No,No,Yes,Yes,Month-to-month,No,Bank transfer (automatic),107.33,1573.15,No
CUST-106223,Male,0,Yes,No,15,Yes,Yes,Fiber optic,No,No,Yes,No,Yes,No,Month-to-month,Yes,Bank transfer (automatic),100.33,1528.55,No
CUST-106224,Male,0,No,No,2,Yes,Yes,Fiber optic,No,No,Yes,No,Yes,No,Two year,Yes,Mailed check,103.19,202.84,No
CUST-106225,Female,0,Yes,Yes,9,No,No phone service,Fiber optic,Yes,Yes,Yes,No,No,Yes,Month-to-month,Yes,Credit card (automatic),97.73,863.14,Yes
CUST-106226,Female,0,No,No,28,Yes,Yes,DSL,Yes,No,No,No,No,No,One year,Yes,Bank transfer (automatic),78.88,2295.73,No
CUST-106227,Female,0,Yes,Yes,11,Yes,No,Fiber optic,Yes,Yes,Yes,Yes,No,No,Month-to-month,No,Bank transfer (automatic),103.81,1163.2,No
CUST-106228,Male,0,No,Yes,70,Yes,Yes,DSL,Yes,No,Yes,No,No,No,One year,No,Bank transfer (automatic),81.4,5755.39,Yes
CUST-106229,Male,1,No,Yes,60,Yes,Yes,Fiber optic,No,Yes,No,Yes,No,No,One year,Yes,Mailed check,102.03,6070.18,No
CUST-106230,Male,0,Yes,No,34,Yes,No,DSL,No,No,No,No,No,Yes,Month-to-month,No,Bank transfer (automatic),71.32,2439.69,No
CUST-106231,Female,0,No,Yes,6,Yes,No,No,No internet service,No internet service,No internet service,No internet service,No internet service,No internet service,One year,Yes,Bank transfer (automatic),49.98,312.89,No
CUST-106232,Male,1,No,No,71,Yes,No,DSL,No,No,No,No,No,No,One year,No,Credit card (automatic),62.16,4587.63,No
CUST-106233,Male,0,No,No,52,Yes,Yes,DSL,Yes,No,Yes,Yes,No,Yes,Month-to-month,Yes,Credit card (automatic),94.92,4785.61,Yes
CUST-106234,Female,0,Yes,No,13,Yes,No,Fiber optic,No,Yes,No,Yes,No,No,Month-to-month,Yes,Mailed check,93.66,1210.53,No
CUST-106235,Female,0,No,No,3,Yes,Yes,Fiber optic,Yes,No,No,No,Yes,Yes,Month-to-month,No,Bank transfer (automatic),104.99,314.32,Yes
CUST-106236,Female,0,No,No,45,Yes,No,No,No internet service,No internet service,No internet service,No internet service,No internet service,No internet service,One year,Yes,Electronic check,33.68,1546.96,No
CUST-106237,Male,0,No,No,2,Yes,No,DSL,No,Yes,No,No,No,No,Month-to-month,Yes,Credit card (automatic),75.33,143.51,Yes
CUST-106238,Female,0,No,Yes,44,Yes,Yes,DSL,No,No,No,Yes,No,No,One year,Yes,Bank transfer (automatic),69.73,3000.2,No
CUST-106239,Male,0,No,Yes,32,Yes,No,Fiber optic,No,Yes,Yes,Yes,Yes,No,Month-to-month,Yes,Credit card (automatic),109.2,3435.29,Yes
CUST-106240,Female,0,No,No,64,Yes,Yes,DSL,No,No,No,Yes,No,Yes,Two year,Yes,Bank transfer (automatic),74.51,4562.8,No
CUST-106241,Male,0,No,No,27,Yes,No,DSL,No,Yes,No,No,Yes,Yes,One year,No,Bank transfer (automatic),85.67,2337.31,No
CUST-106242,Female,0,No,No,32,Yes,No,DSL,No,No,No,No,No,Yes,Month-to-month,Yes,Electronic check,77.81,2454.41,Yes
CUST-106243,Male,0,No,Yes,39,Yes,No,DSL,No,No,Yes,No,No,No,Two year,No,Bank transfer (automatic),70.13,2866.89,No
CUST-106244,Female,0,Yes,No,71,Yes,No,Fiber optic,Yes,Yes,No,No,No,Yes,Two year,Yes,Mailed check,107.96,7654.99,No
CUST-106245,Male,0,No,No,51,Yes,Yes,Fiber optic,No,No,No,No,Yes,No,Month-to-month,No,Mailed check,100.73,5105.08,Yes
CUST-106246,Female,0,Yes,No,48,No,No phone service,DSL,Yes,No,No,Yes,No,Yes,Month-to-month,No,Electronic check,59.84,2926.9,Yes
CUST-106247,Male,1,No,Yes,22,Yes,Yes,DSL,No,Yes,Yes,No,No,Yes,Month-to-month,No,Electronic check,71.04,1623.07,No
CUST-106248,Male,0,No,No,35,No,No phone service,DSL,No,No,Yes,No,No,No,Month-to-month,No,Credit card (automatic),50.85,1786.84,No
CUST-106249,Male,0,No,No,14,Yes,No,No,No internet service,No internet service,No internet service,No internet service,No internet service,No internet service,Month-to-month,Yes,Mailed check,42.84,596.05,No
CUST-106250,Female,1,Yes,No,28,Yes,No,Fiber optic,No,No,Yes,No,Yes,Yes,Month-to-month,No,Electronic check,117.19,3386.65,No
CUST-106251,Male,1,No,Yes,60,Yes,Yes,No,No internet service,No internet service,No internet service,No internet service,No internet service,No internet service,Month-to-month,No,Bank transfer (automatic),38.18,2275.13,Yes
CUST-106252,Male,0,Yes,No,7,Yes,No,No,No internet service,No internet service,No internet service,No internet service,No internet service,No internet service,Month-to-month,Yes,Electronic check,30.92,215.39,Yes
CUST-106253,Female,0,No,No,12,Yes,No,Fiber optic,No,No,Yes,No,Yes,Yes,Month-to-month,Yes,Electronic check,105.07,1243.82,Yes
CUST-106254,Male,0,No,No,42,Yes,No,No,No internet service,No internet service,No internet service,No internet service,No internet service,No internet service,Month-to-month,No,Electronic check,49.8,2148.14,No
CUST-106255,Male,0,No,No,58,Yes,No,DSL,Yes,No,No,No,Yes,No,Month-to-month,No,Electronic check,73.28,4066.26,No
CUST-106256,Female,0,Yes,No,71,Yes,Yes,DSL,No,No,Yes,Yes,No,Yes,Month-to-month,Yes,Credit card (automatic),80.12,5436.34,No
CUST-106257,Female,0,No,Yes,42,Yes,No,Fiber optic,No,No,Yes,No,Yes,No,Month-to-month,No,Bank transfer (automatic),103.82,4269.69,Yes
CUST-106258,Female,0,Yes,Yes,47,Yes,Yes,DSL,Yes,No,No,No,Yes,Yes,Two year,No,Bank transfer (automatic),84.26,3772.24,No
CUST-106259,Female,0,No,No,21,Yes,No,Fiber optic,No,No,No,No,No,No,One year,Yes,Bank transfer (automatic),83.95,1705.43,No
CUST-106260,Male,1,No,No,29,Yes,No,No,No internet service,No internet service,No internet service,No internet service,No internet service,No internet service,Two year,Yes,Mailed check,41.66,1195.02,No
CUST-106261,Male,0,No,No,22,Yes,No,No,No internet service,No internet service,No internet service,No internet service,No internet service,No internet service,Two year,Yes,Bank transfer (automatic),42.84,905.87,No
CUST-106262,Male,0,Yes,No,7,Yes,Yes,Fiber optic,No,No,No,Yes,No,Yes,One year,Yes,Bank transfer (automatic),104.83,756.58,Yes
CUST-106263,Female,0,Yes,Yes,27,Yes,No,Fiber optic,No,Yes,Yes,Yes,Yes,No,Two year,Yes,Mailed check,110.63,3136.06,No
CUST-106264,Female,0,No,Yes,15,Yes,No,Fiber optic,Yes,No,Yes,Yes,No,Yes,Month-to-month,No,Mailed check,117.78,1708.78,No
CUST-106265,Male,0,No,No,43,Yes,Yes,Fiber optic,No,No,Yes,Yes,No,No,One year,No,Electronic check,108.93,4760.58,Yes
CUST-106266,Female,0,Yes,No,55,Yes,No,Fiber optic,No,No,Yes,No,No,Yes,Month-to-month,No,Electronic check,103.76,5860.57,No
CUST-106267,Male,0,No,Yes,71,Yes,No,Fiber optic,No,No,No,No,No,No,One year,No,Electronic check,91.35,6506.85,Yes
CUST-106268,Male,0,Yes,No,64,Yes,No,Fiber optic,Yes,No,Yes,No,No,Yes,Month-to-month,Yes,Bank transfer (automatic),105.59,6962.91,No
CUST-106269,Female,0,Yes,No,23,Yes,Yes,Fiber optic,No,No,No,No,No,No,Two year,Yes,Mailed check,96.0,2211.3,No
CUST-106270,Female,0,No,Yes,68,Yes,No,DSL,No,No,No,Yes,Yes,No,Month-to-month,No,Bank transfer (automatic),76.44,5241.36,Yes
CUST-106271,Female,0,No,Yes,68,Yes,No,Fiber optic,No,No,No,Yes,No,No,One year,No,Mailed check,93.62,6123.51,No
CUST-106272,Female,0,No,No,36,Yes,Yes,Fiber optic,No,No,No,Yes,Yes,No,Two year,Yes,Mailed check,112.15,4091.97,Yes
CUST-106273,Female,0,Yes,Yes,14,Yes,Yes,DSL,Yes,No,No,No,No,No,Two year,No,Bank transfer (automatic),79.94,1078.32,No
CUST-106274,Female,0,No,Yes,56,Yes,Yes,No,No internet service,No internet service,No internet service,No internet service,No internet service,No internet service,Month-to-month,Yes,Electronic check,36.42,2019.07,Yes
CUST-106275,Male,0,No,Yes,8,Yes,Yes,Fiber optic,No,No,No,No,No,Yes,Month-to-month,Yes,Credit card (automatic),97.18,739.76,Yes
CUST-106276,Male,0,No,Yes,26,No,No phone service,Fiber optic,No,No,Yes,No,Yes,Yes,One year,Yes,Electronic check,93.56,2419.74,Yes
CUST-106277,Female,0,Yes,No,38,Yes,Yes,DSL,No,No,No,No,Yes,No,Month-to-month,No,Bank transfer (automatic),72.01,2739.67,No
CUST-106278,Male,0,No,Yes,63,Yes,Yes,DSL,Yes,No,No,No,No,Yes,Month-to-month,Yes,Electronic check,73.83,4707.62,No
CUST-106279,Male,0,Yes,No,71,Yes,Yes,No,No internet service,No internet service,No internet service,No internet service,No internet service,No internet service,One year,Yes,Mailed check,46.0,3383.85,No
CUST-106280,Male,0,No,No,59,Yes,Yes,Fiber optic,No,No,Yes,No,No,No,Two year,No,Mailed check,95.39,5684.91,No
CUST-106281,Male,0,No,Yes,35,Yes,No,DSL,No,No,No,Yes,Yes,No,Month-to-month,No,Electronic check,73.27,2580.84,Yes
CUST-106282,Female,0,Yes,Yes,6,Yes,No,Fiber optic,Yes,No,No,No,No,Yes,Month-to-month,Yes,Mailed check,102.38,611.89,No
CUST-106283,Male,0,Yes,No,58,No,No phone service,Fiber optic,No,No,No,No,Yes,Yes,One year,No,Mailed check,81.86,4729.16,Yes
CUST-106284,Male,0,No,No,62,Yes,No,No,No internet service,No internet service,No internet service,No internet service,No internet service,No internet service,One year,No,Credit card (automatic),46.48,2988.7,No
CUST-106285,Female,0,No,No,34,Yes,Yes,DSL,No,No,No,Yes,Yes,No,Two year,Yes,Mailed check,83.58,2734.01,No
CUST-106286,Male,0,Yes,No,40,Yes,No,Fiber optic,No,No,No,No,No,No,One year,No,Electronic check,85.96,3384.64,Yes
CUST-106287,Male,0,Yes,No,62,Yes,Yes,DSL,No,No,No,Yes,No,Yes,Month-to-month,Yes,Electronic check,72.08,4474.21,No
CUST-106288,Male,0,No,Yes,9,Yes,No,DSL,Yes,No,No,No,Yes,Yes,One year,No,Credit card (automatic),83.26,757.88,Yes
CUST-106289,Female,1,Yes,Yes,59,No,No phone service,Fiber optic,No,No,No,No,No,No,Two year,Yes,Electronic check,74.26,4371.45,No
CUST-106290,Male,0,No,No,37,Yes,No,DSL,No,No,Yes,Yes,No,No,Month-to-month,No,Bank transfer (automatic),72.43,2737.24,No
CUST-106291,Female,0,No,Yes,50,Yes,No,DSL,No,Yes,No,No,No,No,Month-to-month,No,Electronic check,64.61,3388.14,No
CUST-106292,Male,0,Yes,No,13,Yes,Yes,Fiber optic,Yes,Yes,Yes,No,No,No,One year,Yes,Mailed check,114.59,1541.96,No
CUST-106293,Female,0,No,Yes,44,Yes,Yes,Fiber optic,No,Yes,Yes,No,No,Yes,Month-to-month,No,Mailed check,106.94,4881.78,No
CUST-106294,Male,0,No,No,19,Yes,No,No,No internet service,No internet service,No internet service,No internet service,No internet service,No internet service,Two year,Yes,Credit card (automatic),42.99,780.6,No
CUST-106295,Female,0,No,No,37,Yes,Yes,Fiber optic,Yes,Yes,Yes,No,Yes,No,Month-to-month,Yes,Mailed check,115.35,4198.56,Yes
CUST-106296,Male,0,No,No,38,Yes,No,DSL,Yes,No,Yes,Yes,No,No,Month-to-month,No,Electronic check,81.48,3178.93,No
CUST-106297,Female,0,Yes,No,69,Yes,Yes,DSL,No,Yes,No,No,Yes,No,Two year,No,Bank transfer (automatic),76.37,5328.77,No
CUST-106298,Male,0,Yes,Yes,48,Yes,Yes,Fiber optic,No,No,Yes,No,No,No,Month-to-month,No,Electronic check,98.3,4566.9,No
CUST-106299,Male,0,No,Yes,40,Yes,No,DSL,Yes,No,No,No,No,No,Month-to-month,No,Credit card (automatic),76.41,2907.12,No
CUST-106300,Male,0,Yes,No,29,Yes,No,DSL,No,No,No,No,No,Yes,Month-to-month,Yes,Mailed check,73.36,2100.09,Yes
CUST-106301,Male,0,Yes,Yes,24,Yes,Yes,No,No internet service,No internet service,No internet service,No internet service,No internet service,No internet service,Two year,Yes,Credit card (automatic),47.51,1146.6,No
CUST-106302,Male,0,Yes,No,47,Yes,No,Fiber optic,Yes,No,Yes,Yes,No,Yes,Two year,No,Credit card (automatic),114.92,5198.13,No
CUST-106303,Female,0,No,No,64,Yes,No,DSL,No,No,Yes,Yes,No,Yes,Month-to-month,No,Electronic check,77.24,5037.05,Yes
CUST-106304,Male,0,Yes,No,41,Yes,No,DSL,No,No,Yes,No,Yes,Yes,One year,Yes,Credit card (automatic),80.23,3282.25,No
CUST-106305,Male,1,No,No,48,Yes,No,No,No internet service,No internet service,No internet service,No internet service,No internet service,No internet service,One year,Yes,Credit card (automatic),35.54,1774.55,No
CUST-106306,Female,0,No,No,23,Yes,No,Fiber optic,No,Yes,No,No,No,No,Month-to-month,No,Credit card (automatic),97.43,2140.93,No
CUST-106307,Male,0,Yes,No,40,Yes,No,DSL,No,No,Yes,No,No,Yes,Month-to-month,Yes,Mailed check,80.22,3280.1,No
CUST-106308,Male,0,No,Yes,41,Yes,Yes,Fiber optic,No,No,Yes,No,Yes,No,Two year,No,Bank transfer (automatic),96.52,4015.31,No
CUST-106309,Male,0,Yes,No,49,Yes,Yes,No,No internet service,No internet service,No internet service,No internet service,No internet service,No internet service,Month-to-month,Yes,Electronic check,43.88,2097.2,No
CUST-106310,Male,0,No,Yes,23,Yes,No,DSL,No,No,Yes,No,No,No,Month-to-month,Yes,Credit card (automatic),68.24,1515.24,No
CUST-106311,Male,0,No,No,25,Yes,No,Fiber optic,Yes,No,Yes,No,No,Yes,Month-to-month,Yes,Electronic check,107.73,2795.32,Yes
CUST-106312,Male,0,No,Yes,26,Yes,No,No,No internet service,No internet service,No internet service,No internet service,No internet service,No internet service,One year,No,Bank transfer (automatic),35.3,905.8,No
CUST-106313,Male,0,No,No,30,No,No phone service,Fiber optic,No,No,No,Yes,No,No,Month-to-month,No,Credit card (automatic),74.62,2132.73,No
CUST-106314,Female,1,No,No,21,No,No phone service,No,No internet service,No internet service,No internet service,No internet service,No internet service,No internet service,Month-to-month,Yes,Credit card (automatic),25.64,560.58,No
CUST-106315,Male,0,No,Yes,14,Yes,Yes,DSL,No,Yes,No,No,Yes,No,Month-to-month,No,Credit card (automatic),75.29,1038.61,No
CUST-106316,Female,0,No,No,36,No,No phone service,Fiber optic,No,No,Yes,No,No,Yes,Two year,Yes,Credit card (automatic),80.64,2857.56,Yes
CUST-106317,Female,0,Yes,Yes,62,No,No phone service,Fiber optic,No,No,No,No,Yes,No,Month-to-month,Yes,Bank transfer (automatic),81.74,4967.0,Yes
CUST-106318,Male,0,No,No,2,Yes,No,Fiber optic,No,Yes,No,No,No,No,Month-to-month,No,Bank transfer (automatic),102.08,210.36,Yes
CUST-106319,Male,1,No,No,48,Yes,No,Fiber optic,No,No,Yes,Yes,Yes,No,Month-to-month,Yes,Electronic check,119.6,5790.1,Yes
CUST-106320,Female,0,Yes,No,59,Yes,No,Fiber optic,Yes,Yes,Yes,No,No,Yes,Month-to-month,Yes,Credit card (automatic),107.74,6624.78,Yes
CUST-106321,Female,1,No,No,60,Yes,Yes,Fiber optic,Yes,No,No,No,No,Yes,Two year,No,Mailed check,103.25,6463.84,No
CUST-106322,Male,0,No,No,62,Yes,No,Fiber optic,No,Yes,Yes,No,Yes,No,Month-to-month,Yes,Credit card (automatic),96.67,6219.12,No
CUST-106323,Female,0,No,Yes,23,Yes,Yes,Fiber optic,No,Yes,No,No,No,Yes,One year,No,Mailed check,99.84,2262.75,No
CUST-106324,Female,0,Yes,No,7,Yes,Yes,No,No internet service,No internet service,No internet service,No internet service,No internet service,No internet service,Month-to-month,Yes,Mailed check,47.2,339.62,Yes
CUST-106325,Male,0,No,No,72,Yes,No,No,No internet service,No internet service,No internet service,No internet service,No internet service,No internet service,Two year,Yes,Mailed check,48.45,3638.78,No
CUST-106326,Male,1,No,No,51,Yes,No,Fiber optic,No,Yes,Yes,Yes,No,No,Two year,Yes,Credit card (automatic),105.17,5294.83,No
CUST-106327,Female,0,Yes,No,26,Yes,No,Fiber optic,No,Yes,No,No,Yes,No,Month-to-month,Yes,Electronic check,109.45,2745.89,Yes
CUST-106328,Male,0,No,No,62,Yes,No,No,No internet service,No internet service,No internet service,No internet service,No internet service,No internet service,One year,No,Mailed check,36.37,2254.31,No
CUST-106329,Female,0,No,Yes,25,Yes,No,Fiber optic,Yes,No,Yes,No,Yes,No,Two year,Yes,Electronic check,108.16,2828.27,No
CUST-106330,Male,0,Yes,Yes,54,Yes,No,Fiber optic,No,No,No,No,Yes,No,Two year,No,Mailed check,89.68,5059.83,No
CUST-106331,Female,0,No,No,70,Yes,Yes,Fiber optic,No,No,No,No,No,Yes,Two year,Yes,Mailed check,90.11,6391.53,Yes
CUST-106332,Male,0,Yes,Yes,56,Yes,No,DSL,No,No,No,No,Yes,Yes,One year,Yes,Electronic check,75.05,4194.4,Yes
CUST-106333,Male,0,No,Yes,47,Yes,No,DSL,No,Yes,Yes,No,No,Yes,Month-to-month,No,Bank transfer (automatic),75.49,3486.38,No
CUST-106334,Male,1,No,No,13,Yes,No,DSL,No,Yes,Yes,No,Yes,No,Month-to-month,Yes,Credit card (automatic),86.23,1089.81,Yes
CUST-106335,Male,0,No,No,68,Yes,Yes,Fiber optic,No,No,Yes,No,No,No,Two year,Yes,Credit card (automatic),87.23,6094.6,No
CUST-106336,Female,0,No,No,31,Yes,No,Fiber optic,Yes,No,Yes,Yes,No,Yes,Two year,Yes,Bank transfer (automatic),112.63,3468.23,No
CUST-106337,Male,0,Yes,No,45,Yes,No,No,No internet service,No internet service,No internet service,No internet service,No internet service,No internet service,Month-to-month,Yes,Electronic check,35.5,1543.8,No
CUST-106338,Female,1,Yes,No,44,Yes,No,No,No internet service,No internet service,No internet service,No internet service,No internet service,No internet service,One year,Yes,Bank transfer (automatic),40.26,1804.53,No
CUST-106339,Female,1,No,Yes,17,Yes,Yes,DSL,No,No,Yes,No,No,Yes,Month-to-month,No,Bank transfer (automatic),79.3,1407.65,No
CUST-106340,Male,0,Yes,No,44,Yes,Yes,Fiber optic,Yes,Yes,No,Yes,Yes,No,Month-to-month,Yes,Bank transfer (automatic),120.2,5208.45,Yes
CUST-106341,Female,0,Yes,No,28,Yes,No,No,No internet service,No internet service,No internet service,No internet service,No internet service,No internet service,Month-to-month,No,Bank transfer (automatic),34.72,990.88,No
CUST-106342,Female,0,Yes,No,25,No,No phone service,DSL,Yes,No,No,Yes,No,No,Month-to-month,Yes,Bank transfer (automatic),56.29,1369.8,No
CUST-106343,Female,0,No,No,62,Yes,Yes,DSL,No,Yes,No,No,Yes,Yes,One year,No,Bank transfer (automatic),83.77,4961.28,Yes
CUST-106344,Male,0,No,Yes,52,Yes,No,No,No internet service,No internet service,No internet service,No internet service,No internet service,No internet service,Month-to-month,Yes,Credit card (automatic),38.77,2017.28,No
CUST-106345,Female,0,Yes,No,35,Yes,Yes,DSL,No,Yes,Yes,No,No,Yes,One year,Yes,Mailed check,83.97,2998.95,Yes
CUST-106346,Female,0,Yes,Yes,1,Yes,Yes,Fiber optic,No,No,No,Yes,Yes,Yes,One year,Yes,Electronic check,108.18,103.02,No
CUST-106347,Female,0,Yes,Yes,51,Yes,Yes,Fiber optic,No,No,No,No,No,No,One year,No,Credit card (automatic),90.45,4826.21,No
CUST-106348,Male,0,Yes,No,53,Yes,No,Fiber optic,Yes,No,Yes,No,Yes,No,Month-to-month,Yes,Bank transfer (automatic),110.97,6015.75,No
CUST-106349,Female,0,Yes,Yes,12,Yes,No,No,No internet service,No internet service,No internet service,No internet service,No internet service,No internet service,Month-to-month,No,Bank transfer (automatic),37.35,450.1,No
CUST-106350,Male,0,No,Yes,55,Yes,No,Fiber optic,No,Yes,No,No,Yes,No,One year,Yes,Electronic check,110.25,6343.44,Yes
CUST-106351,Male,0,No,No,29,Yes,No,Fiber optic,No,Yes,No,No,No,Yes,One year,No,Electronic check,110.03,3160.19,Yes
CUST-106352,Male,0,Yes,No,53,Yes,No,DSL,Yes,No,No,Yes,No,Yes,Month-to-month,No,Bank transfer (automatic),77.63,4079.48,No
CUST-106353,Female,0,No,No,61,Yes,No,DSL,Yes,No,Yes,No,No,No,Month-to-month,No,Electronic check,74.96,4416.04,Yes
CUST-106354,Female,0,No,Yes,51,Yes,No,Fiber optic,No,No,No,Yes,No,Yes,Two year,No,Mailed check,109.18,5642.15,Yes
CUST-106355,Male,0,Yes,No,68,Yes,Yes,Fiber optic,No,No,No,No,No,Yes,Month-to-month,No,Mailed check,95.62,6549.04,Yes
CUST-106356,Female,0,Yes,No,5,Yes,No,DSL,No,Yes,No,No,Yes,No,Month-to-month,No,Electronic check,72.29,355.72,No
CUST-106357,Male,0,No,No,23,Yes,No,Fiber optic,Yes,No,No,No,Yes,No,Two year,Yes,Bank transfer (automatic),102.76,2315.53,No
CUST-106358,Male,0,Yes,No,4,Yes,No,Fiber optic,No,Yes,No,No,No,No,Two year,No,Electronic check,90.93,373.18,Yes
CUST-106359,Female,0,No,No,12,No,No phone service,No,No internet service,No internet service,No internet service,No internet service,No internet service,No internet service,Month-to-month,Yes,Electronic check,18.0,210.03,Yes
CUST-106360,Female,0,No,Yes,27,Yes,No,DSL,No,No,No,Yes,No,Yes,Two year,No,Credit card (automatic),78.11,2050.17,No
CUST-106361,Female,0,No,No,1,Yes,Yes,No,No internet service,No internet service,No internet service,No internet service,No internet service,No internet service,Month-to-month,Yes,Mailed check,41.66,40.58,No
CUST-106362,Female,0,Yes,No,28,Yes,No,No,No internet service,No internet service,No internet service,No internet service,No internet service,No internet service,Two year,No,Credit card (automatic),42.46,1211.8,No
CUST-106363,Male,1,Yes,No,9,Yes,Yes,DSL,No,No,No,Yes,No,Yes,One year,Yes,Mailed check,73.58,655.93,No
CUST-106364,Female,0,No,No,8,Yes,No,Fiber optic,Yes,No,No,No,Yes,Yes,Month-to-month,Yes,Credit card (automatic),110.14,908.14,Yes
CUST-106365,Male,0,Yes,No,61,No,No phone service,Fiber optic,No,No,Yes,No,Yes,No,Two year,Yes,Electronic check,83.33,5242.69,No
CUST-106366,Female,0,Yes,No,54,Yes,Yes,DSL,No,No,Yes,Yes,Yes,No,Two year,No,Electronic check,82.61,4632.35,No
CUST-106367,Male,0,No,Yes,33,Yes,No,No,No internet service,No internet service,No internet service,No internet service,No internet service,No internet service,Month-to-month,Yes,Electronic check,35.79,1132.91,No
CUST-106368,Male,0,Yes,Yes,41,Yes,No,No,No internet service,No internet service,No internet service,No internet service,No internet service,No internet service,One year,No,Electronic check,41.99,1723.16,No
CUST-106369,Male,1,No,No,21,Yes,Yes,Fiber optic,No,Yes,Yes,No,No,Yes,One year,No,Credit card (automatic),102.32,2149.9,No
CUST-106370,Female,0,No,No,35,Yes,No,DSL,Yes,No,No,No,No,Yes,Month-to-month,No,Mailed check,68.9,2321.53,No
CUST-106371,Male,0,No,No,56,Yes,Yes,DSL,No,No,No,No,No,No,Month-to-month,No,Bank transfer (automatic),69.61,3788.14,No
CUST-106372,Female,0,Yes,No,38,Yes,No,Fiber optic,No,Yes,No,No,No,No,Month-to-month,Yes,Mailed check,99.27,3748.91,Yes
CUST-106373,Female,0,No,Yes,57,Yes,No,DSL,No,No,Yes,No,No,Yes,Two year,No,Electronic check,73.85,4287.25,No
CUST-106374,Male,0,No,No,35,Yes,No,Fiber optic,No,Yes,Yes,No,No,No,Month-to-month,Yes,Credit card (automatic),105.67,3812.28,Yes
CUST-106375,Female,0,Yes,No,26,Yes,No,Fiber optic,No,No,Yes,No,Yes,Yes,Month-to-month,Yes,Bank transfer (automatic),109.13,2769.88,Yes
CUST-106376,Male,0,No,No,65,Yes,Yes,Fiber optic,Yes,Yes,Yes,No,No,No,One year,Yes,Electronic check,107.45,6887.97,No
CUST-106377,Male,1,Yes,No,65,Yes,Yes,Fiber optic,No,No,Yes,No,Yes,No,Month-to-month,Yes,Mailed check,99.31,6635.64,Yes
CUST-106378,Female,0,Yes,No,16,Yes,No,DSL,No,No,No,No,No,No,Month-to-month,Yes,Electronic check,71.13,1183.34,Yes
CUST-106379,Male,0,No,No,33,Yes,Yes,Fiber optic,No,Yes,Yes,No,No,No,Month-to-month,Yes,Bank transfer (automatic),104.27,3547.75,No
CUST-106380,Male,0,Yes,No,56,Yes,Yes,No,No internet service,No internet service,No internet service,No internet service,No internet service,No internet service,Month-to-month,No,Mailed check,41.67,2430.9,No
CUST-106381,Male,0,Yes,Yes,19,Yes,No,Fiber optic,Yes,No,No,Yes,No,Yes,Two year,Yes,Credit card (automatic),113.21,2189.78,No
CUST-106382,Female,0,No,Yes,54,Yes,Yes,Fiber optic,Yes,No,No,Yes,No,Yes,Month-to-month,No,Credit card (automatic),98.96,5391.36,No
CUST-106383,Male,0,Yes,No,65,Yes,No,DSL,No,No,No,No,No,Yes,Month-to-month,No,Electronic check,68.4,4501.83,Yes
CUST-106384,Male,0,No,No,17,Yes,No,Fiber optic,No,No,No,Yes,No,Yes,Month-to-month,No,Electronic check,96.74,1710.98,Yes
CUST-106385,Female,1,Yes,No,11,Yes,No,No,No internet service,No internet service,No internet service,No internet service,No internet service,No internet service,Two year,No,Credit card (automatic),42.85,466.33,No
CUST-106386,Male,0,No,No,68,No,No phone service,Fiber optic,Yes,Yes,Yes,No,No,Yes,Month-to-month,No,Mailed check,98.57,6440.98,Yes
CUST-106387,Female,0,No,No,72,Yes,No,DSL,No,No,No,Yes,No,Yes,Month-to-month,Yes,Mailed check,69.69,5006.75,No
CUST-106388,Male,0,Yes,No,62,Yes,No,DSL,No,Yes,No,Yes,No,Yes,One year,Yes,Bank transfer (automatic),82.44,5366.59,No
CUST-106389,Female,1,No,Yes,44,Yes,No,No,No internet service,No internet service,No internet service,No internet service,No internet service,No internet service,Month-to-month,Yes,Mailed check,38.25,1724.51,Yes
CUST-106390,Female,0,Yes,No,6,Yes,Yes,Fiber optic,Yes,Yes,No,No,Yes,No,One year,Yes,Bank transfer (automatic),113.35,689.07,Yes
CUST-106391,Male,0,Yes,Yes,66,Yes,Yes,DSL,Yes,No,No,Yes,Yes,Yes,Month-to-month,Yes,Credit card (automatic),97.95,6488.29,No
CUST-106392,Male,0,Yes,No,14,Yes,No,Fiber optic,No,No,No,Yes,No,No,Two year,Yes,Bank transfer (automatic),81.37,1101.61,No
CUST-106393,Female,1,Yes,No,13,Yes,No,DSL,No,No,Yes,No,No,No,One year,No,Electronic check,72.88,920.51,Yes
CUST-106394,Female,0,Yes,No,52,Yes,Yes,No,No internet service,No internet service,No internet service,No internet service,No internet service,No internet service,Two year,Yes,Electronic check,39.65,2008.56,No
CUST-106395,Male,0,No,No,28,Yes,Yes,Fiber optic,No,Yes,No,Yes,Yes,No,Two year,No,Credit card (automatic),102.87,2889.83,No
CUST-106396,Female,0,No,No,63,Yes,No,DSL,No,No,No,Yes,Yes,Yes,One year,Yes,Bank transfer (automatic),88.66,5592.71,No
CUST-106397,Male,0,No,No,63,Yes,No,DSL,No,Yes,Yes,No,No,No,Month-to-month,No,Mailed check,74.44,4594.97,No
CUST-106398,Female,0,No,Yes,58,Yes,Yes,DSL,No,No,Yes,No,No,No,One year,Yes,Electronic check,72.5,4228.66,Yes
CUST-106399,Female,1,Yes,Yes,61,Yes,No,Fiber optic,Yes,No,No,No,No,Yes,One year,No,Credit card (automatic),98.97,6034.83,No
CUST-106400,Female,0,Yes,Yes,39,Yes,No,Fiber optic,No,Yes,Yes,Yes,Yes,No,Month-to-month,No,Mailed check,117.39,4772.49,No
CUST-106401,Female,0,Yes,Yes,63,Yes,No,Fiber optic,No,Yes,Yes,No,No,Yes,Month-to-month,Yes,Credit card (automatic),106.71,6895.4,Yes
CUST-106402,Male,0,No,Yes,66,Yes,No,DSL,Yes,Yes,No,No,No,Yes,Month-to-month,No,Electronic check,79.08,5028.45,No
CUST-106403,Female,0,No,No,20,Yes,No,No,No internet service,No internet service,No internet service,No internet service,No internet service,No internet service,Two year,Yes,Electronic check,38.42,805.91,No
CUST-106404,Female,0,Yes,No,31,Yes,No,No,No internet service,No internet service,No internet service,No internet service,No internet service,No internet service,Two year,No,Electronic check,39.01,1213.11,No
CUST-106405,Female,0,Yes,Yes,45,Yes,No,Fiber optic,No,Yes,No,Yes,No,No,One year,Yes,Mailed check,107.13,5036.49,No
CUST-106406,Female,0,Yes,No,62,Yes,No,Fiber optic,No,Yes,No,No,Yes,Yes,One year,Yes,Credit card (automatic),108.03,6989.73,No
CUST-106407,Female,0,No,No,28,Yes,No,DSL,Yes,No,No,No,No,Yes,One year,Yes,Mailed check,79.13,2319.14,No
CUST-106408,Female,0,Yes,No,18,Yes,No,No,No internet service,No internet service,No internet service,No internet service,No internet service,No internet service,Two year,No,Credit card (automatic),34.21,617.87,No
CUST-106409,Female,1,No,No,23,Yes,Yes,DSL,No,Yes,No,No,Yes,Yes,Month-to-month,No,Bank transfer (automatic),80.29,1898.79,No
CUST-106410,Female,0,Yes,No,58,Yes,No,No,No internet service,No internet service,No internet service,No internet service,No internet service,No internet service,Month-to-month,No,Electronic check,41.59,2504.64,No
CUST-106411,Male,0,Yes,No,37,Yes,No,Fiber optic,Yes,No,No,Yes,No,Yes,One year,Yes,Bank transfer (automatic),112.19,4298.77,No
CUST-106412,Male,1,Yes,No,18,Yes,No,DSL,Yes,No,No,No,No,No,Two year,Yes,Credit card (automatic),68.95,1268.54,No
CUST-106413,Male,0,No,No,52,Yes,No,DSL,No,No,Yes,Yes,No,Yes,Two year,Yes,Bank transfer (automatic),78.16,4227.25,No
CUST-106414,Male,0,No,Yes,48,Yes,Yes,No,No internet service,No internet service,No internet service,No internet service,No internet service,No internet service,Two year,Yes,Electronic check,35.7,1728.33,No
CUST-106415,Male,0,Yes,No,37,Yes,Yes,Fiber optic,No,Yes,No,No,Yes,No,One year,Yes,Credit card (automatic),99.73,3681.68,No
CUST-106416,Male,0,Yes,Yes,45,Yes,No,Fiber optic,No,No,No,Yes,Yes,No,Month-to-month,Yes,Mailed check,100.87,4470.51,Yes
CUST-106417,Male,0,Yes,No,16,Yes,No,No,No internet service,No internet service,No internet service,No internet service,No internet service,No internet service,Month-to-month,Yes,Credit card (automatic),40.01,630.33,Yes
CUST-106418,Female,0,Yes,Yes,13,Yes,Yes,Fiber optic,Yes,No,No,Yes,Yes,Yes,Month-to-month,No,Bank transfer (automatic),98.93,1240.94,No
CUST-106419,Male,1,Yes,No,58,Yes,No,No,No internet service,No internet service,No internet service,No internet service,No internet service,No internet service,One year,Yes,Mailed check,36.82,2193.53,No
CUST-106420,Female,0,Yes,Yes,49,Yes,Yes,No,No internet service,No internet service,No internet service,No internet service,No internet service,No internet service,Month-to-month,No,Mailed check,45.75,2283.81,No
CUST-106421,Male,0,No,No,71,Yes,Yes,Fiber optic,No,Yes,No,No,No,Yes,Month-to-month,No,Credit card (automatic),108.92,7397.89,Yes
CUST-106422,Male,0,No,No,68,No,No phone service,DSL,Yes,No,No,No,No,No,Month-to-month,No,Credit card (automatic),50.65,3498.17,Yes
CUST-106423,Female,0,No,No,26,Yes,No,No,No internet service,No internet service,No internet service,No internet service,No internet service,No internet service,Two year,No,Mailed check,45.0,1189.65,No
CUST-106424,Female,0,No,No,33,Yes,No,Fiber optic,No,No,No,No,No,No,Month-to-month,Yes,Electronic check,95.81,3047.46,Yes
CUST-106425,Female,1,No,No,61,Yes,Yes,Fiber optic,Yes,No,No,No,No,No,One year,No,Electronic check,91.55,5747.94,Yes
CUST-106426,Female,0,No,No,0,Yes,No,Fiber optic,No,Yes,No,No,No,Yes,Month-to-month,Yes,Electronic check,97.61,0.0,No
CUST-106427,Female,0,Yes,No,63,Yes,No,DSL,No,No,No,Yes,No,Yes,One year,Yes,Mailed check,73.76,4570.07,No
CUST-106428,Female,0,Yes,No,12,Yes,Yes,DSL,No,Yes,No,Yes,No,No,One year,No,Mailed check,89.47,1061.64,No
CUST-106429,Male,0,Yes,No,19,Yes,Yes,Fiber optic,No,No,No,Yes,Yes,No,Month-to-month,No,Electronic check,106.6,2048.14,No
CUST-106430,Female,0,No,No,35,Yes,No,Fiber optic,Yes,Yes,Yes,No,No,Yes,One year,Yes,Mailed check,114.6,4014.59,No
CUST-106431,Female,0,Yes,No,51,Yes,No,Fiber optic,No,Yes,No,No,Yes,No,One year,No,Credit card (automatic),107.38,5382.96,No
CUST-106432,Male,0,Yes,No,25,Yes,Yes,Fiber optic,Yes,Yes,Yes,No,Yes,Yes,Month-to-month,No,Electronic check,114.23,2909.23,Yes
CUST-106433,Male,0,No,No,68,Yes,No,No,No internet service,No internet service,No internet service,No internet service,No internet service,No internet service,Two year,Yes,Bank transfer (automatic),49.35,3461.34,No
CUST-106434,Female,1,No,No,57,No,No phone service,DSL,No,No,No,No,No,No,One year,No,Electronic check,46.65,2570.39,No
CUST-106435,Male,0,No,No,54,Yes,Yes,Fiber optic,No,Yes,Yes,No,Yes,Yes,Month-to-month,Yes,Bank transfer (automatic),115.72,6473.78,Yes
CUST-106436,Female,0,No,No,56,Yes,No,DSL,No,No,No,No,Yes,No,Month-to-month,No,Credit card (automatic),68.99,3975.37,No
CUST-106437,Male,0,No,No,2,Yes,Yes,No,No internet service,No internet service,No internet service,No internet service,No internet service,No internet service,Month-to-month,No,Electronic check,41.54,80.55,No
CUST-106438,Male,0,No,No,60,Yes,Yes,DSL,No,No,Yes,No,Yes,Yes,Month-to-month,Yes,Credit card (automatic),75.54,4358.17,Yes
CUST-106439,Male,0,Yes,No,44,Yes,No,Fiber optic,No,No,No,No,Yes,No,Month-to-month,No,Electronic check,93.96,4032.01,No
CUST-106440,Female,1,No,No,13,Yes,No,No,No internet service,No internet service,No internet service,No internet service,No internet service,No internet service,One year,Yes,Mailed check,35.43,479.58,No
CUST-106441,Male,0,No,No,56,No,No phone service,Fiber optic,Yes,No,Yes,No,Yes,No,Two year,No,Electronic check,95.26,5122.54,No
CUST-106442,Female,0,Yes,Yes,7,Yes,Yes,DSL,No,Yes,No,No,No,Yes,Month-to-month,No,Mailed check,66.43,479.34,No
CUST-106443,Female,0,No,Yes,45,Yes,No,No,No internet service,No internet service,No internet service,No internet service,No internet service,No internet service,One year,No,Electronic check,41.74,1931.82,No
CUST-106444,Male,0,No,No,41,Yes,Yes,DSL,No,No,No,No,Yes,No,One year,No,Bank transfer (automatic),76.94,3199.23,No
CUST-106445,Female,0,No,Yes,2,Yes,No,Fiber optic,No,No,No,Yes,Yes,No,One year,No,Electronic check,103.88,199.84,Yes
CUST-106446,Male,0,No,Yes,27,Yes,No,DSL,Yes,No,No,Yes,No,No,Two year,Yes,Credit card (automatic),80.34,2208.65,No
CUST-106447,Female,0,Yes,No,8,Yes,No,Fiber optic,Yes,Yes,Yes,No,No,No,Month-to-month,No,Electronic check,107.4,834.56,No
CUST-106448,Male,0,Yes,Yes,69,Yes,No,DSL,Yes,Yes,Yes,No,Yes,No,One year,No,Electronic check,86.2,5983.09,No
CUST-106449,Male,0,Yes,No,58,Yes,Yes,No,No internet service,No internet service,No internet service,No internet service,No internet service,No internet service,Month-to-month,Yes,Mailed check,42.02,2536.36,Yes
CUST-106450,Female,0,No,Yes,72,Yes,No,Fiber optic,Yes,No,No,No,Yes,No,Month-to-month,Yes,Bank transfer (automatic),101.57,7021.1,No
CUST-106451,Female,1,No,Yes,35,No,No phone service,DSL,No,Yes,No,No,No,No,Month-to-month,Yes,Credit card (automatic),57.27,2055.72,No
CUST-106452,Female,0,No,No,23,Yes,Yes,No,No internet service,No internet service,No internet service,No internet service,No internet service,No internet service,Month-to-month,No,Credit card (automatic),37.78,911.2,No
CUST-106453,Female,0,No,No,69,Yes,Yes,Fiber optic,No,No,No,No,No,Yes,Month-to-month,No,Mailed check,99.6,6923.64,No
CUST-106454,Male,0,No,No,22,Yes,No,Fiber optic,No,Yes,No,No,No,No,Month-to-month,No,Credit card (automatic),88.67,2018.0,Yes
CUST-106455,Male,0,Yes,No,30,Yes,No,Fiber optic,No,Yes,No,No,No,No,Month-to-month,Yes,Electronic check,93.0,2744.56,Yes
CUST-106456,Male,0,Yes,No,9,Yes,Yes,Fiber optic,Yes,Yes,No,No,No,No,Month-to-month,No,Credit card (automatic),106.49,930.08,Yes
CUST-106457,Female,0,Yes,No,59,Yes,Yes,Fiber optic,Yes,Yes,No,No,No,No,Month-to-month,No,Mailed check,102.83,6057.81,Yes
CUST-106458,Male,0,No,No,8,Yes,Yes,No,No internet service,No internet service,No internet service,No internet service,No internet service,No internet service,Month-to-month,Yes,Electronic check,35.9,295.77,No
CUST-106459,Male,0,Yes,Yes,2,Yes,No,DSL,No,No,No,No,Yes,No,One year,Yes,Mailed check,71.17,144.5,Yes
CUST-106460,Male,0,No,Yes,60,Yes,No,Fiber optic,No,No,Yes,Yes,No,No,One year,No,Bank transfer (automatic),109.39,6644.92,No
CUST-106461,Male,0,No,No,61,Yes,No,Fiber optic,No,Yes,No,No,Yes,No,Two year,No,Mailed check,106.55,6310.73,Yes
CUST-106462,Male,0,Yes,No,62,Yes,Yes,No,No internet service,No internet service,No internet service,No internet service,No internet service,No internet service,Two year,Yes,Electronic check,45.92,2919.58,No
CUST-106463,Male,1,No,No,62,Yes,Yes,DSL,Yes,No,No,No,Yes,Yes,Two year,No,Mailed check,85.29,5259.64,No
CUST-106464,Male,0,No,No,10,Yes,No,DSL,No,No,Yes,No,No,Yes,One year,No,Mailed check,75.58,754.93,No
CUST-106465,Female,0,No,No,26,Yes,No,No,No internet service,No internet service,No internet service,No internet service,No internet service,No internet service,Month-to-month,Yes,Bank transfer (automatic),29.77,783.95,Yes
CUST-106466,Male,0,Yes,No,55,Yes,No,No,No internet service,No internet service,No internet service,No internet service,No internet service,No internet service,Month-to-month,Yes,Credit card (automatic),39.31,2145.99,No
CUST-106467,Male,0,Yes,No,22,Yes,No,Fiber optic,No,Yes,Yes,No,No,No,Two year,No,Credit card (automatic),94.66,2023.7,Yes
CUST-106468,Female,0,Yes,No,56,Yes,No,Fiber optic,No,No,No,No,No,No,Two year,Yes,Mailed check,91.55,5265.78,No
CUST-106469,Male,0,No,Yes,66,Yes,No,DSL,No,No,No,No,No,No,Month-to-month,No,Mailed check,57.76,3784.22,Yes
CUST-106470,Male,0,No,No,70,Yes,Yes,No,No internet service,No internet service,No internet service,No internet service,No internet service,No internet service,Month-to-month,Yes,Bank transfer (automatic),39.33,2800.72,No
CUST-106471,Male,0,No,No,56,Yes,Yes,Fiber optic,No,No,Yes,Yes,Yes,No,Month-to-month,Yes,Credit card (automatic),98.54,5765.17,Yes
CUST-106472,Male,1,No,No,58,Yes,Yes,Fiber optic,No,No,Yes,No,No,No,Month-to-month,Yes,Bank transfer (automatic),101.29,5999.94,Yes
CUST-106473,Female,0,Yes,No,43,Yes,No,No,No internet service,No internet service,No internet service,No internet service,No internet service,No internet service,Month-to-month,No,Bank transfer (automatic),47.56,2037.89,No
CUST-106474,Male,0,No,No,5,Yes,Yes,No,No internet service,No internet service,No internet service,No internet service,No internet service,No internet service,Month-to-month,Yes,Mailed check,38.6,194.79,Yes
CUST-106475,Male,0,Yes,Yes,31,Yes,Yes,DSL,No,Yes,No,Yes,No,Yes,Month-to-month,Yes,Credit card (automatic),84.97,2585.68,Yes
CUST-106476,Male,0,Yes,No,69,Yes,No,DSL,Yes,No,Yes,Yes,Yes,No,Two year,Yes,Bank transfer (automatic),88.65,6192.49,No
CUST-106477,Male,1,No,Yes,66,Yes,No,DSL,Yes,Yes,No,No,Yes,Yes,Two year,Yes,Electronic check,86.82,5676.33,Yes
CUST-106478,Female,0,No,Yes,17,Yes,No,No,No internet service,No internet service,No internet service,No internet service,No internet service,No internet service,Two year,No,Bank transfer (automatic),46.03,792.57,No
CUST-106479,Male,0,No,No,54,Yes,No,Fiber optic,No,No,No,No,No,Yes,Month-to-month,Yes,Electronic check,89.98,4905.55,No
CUST-106480,Female,0,No,Yes,22,Yes,No,Fiber optic,No,Yes,No,Yes,Yes,No,Month-to-month,Yes,Electronic check,97.97,2152.46,Yes
CUST-106481,Female,0,Yes,No,30,Yes,Yes,Fiber optic,No,No,No,No,Yes,No,One year,Yes,Bank transfer (automatic),89.41,2807.91,No
CUST-106482,Female,1,Yes,No,47,No,No phone service,Fiber optic,No,No,Yes,No,No,No,One year,Yes,Bank transfer (automatic),79.96,3884.63,No
CUST-106483,Female,0,Yes,No,36,Yes,Yes,DSL,No,No,No,No,Yes,No,Two year,Yes,Credit card (automatic),70.35,2492.17,Yes
CUST-106484,Female,0,No,No,44,No,No phone service,No,No internet service,No internet service,No internet service,No internet service,No internet service,No internet service,Month-to-month,Yes,Credit card (automatic),18.0,770.25,No
CUST-106485,Female,1,No,No,7,Yes,No,Fiber optic,Yes,No,Yes,No,No,No,Month-to-month,No,Mailed check,106.75,779.15,Yes
CUST-106486,Female,0,Yes,No,21,No,No phone service,No,No internet service,No internet service,No internet service,No internet service,No internet service,No internet service,Month-to-month,Yes,Electronic check,18.0,364.64,Yes
CUST-106487,Male,0,Yes,Yes,59,Yes,No,DSL,No,Yes,Yes,No,No,No,Month-to-month,Yes,Electronic check,78.92,4550.25,Yes
CUST-106488,Male,0,No,No,45,No,No phone service,DSL,No,No,Yes,Yes,Yes,No,Month-to-month,Yes,Credit card (automatic),65.39,3088.14,No
CUST-106489,Male,0,No,No,61,Yes,Yes,DSL,No,No,No,Yes,No,No,Month-to-month,No,Mailed check,72.76,4427.2,Yes
CUST-106490,Female,0,Yes,No,70,No,No phone service,DSL,No,No,No,No,No,Yes,Month-to-month,Yes,Mailed check,47.57,3464.59,No
CUST-106491,Female,0,Yes,No,25,Yes,No,Fiber optic,No,Yes,Yes,No,No,Yes,Month-to-month,No,Bank transfer (automatic),107.36,2705.27,Yes
CUST-106492,Male,0,No,No,19,Yes,Yes,DSL,No,No,No,Yes,No,No,One year,No,Electronic check,64.9,1243.2,No
CUST-106493,Male,0,No,No,22,Yes,Yes,Fiber optic,No,Yes,No,Yes,No,Yes,Month-to-month,Yes,Bank transfer (automatic),104.51,2212.96,No
CUST-106494,Male,0,Yes,No,41,Yes,No,DSL,No,No,No,No,No,Yes,Two year,Yes,Credit card (automatic),70.1,2738.72,No
CUST-106495,Female,0,Yes,Yes,18,Yes,Yes,No,No internet service,No internet service,No internet service,No internet service,No internet service,No internet service,One year,No,Bank transfer (automatic),41.58,727.23,No
CUST-106496,Female,0,No,No,28,Yes,No,DSL,No,Yes,Yes,No,No,No,Month-to-month,No,Mailed check,75.95,2165.04,No
CUST-106497,Female,0,No,No,12,Yes,No,Fiber optic,No,No,No,No,Yes,Yes,Month-to-month,Yes,Electronic check,100.51,1261.03,Yes
CUST-106498,Male,0,Yes,No,28,Yes,No,No,No internet service,No internet service,No internet service,No internet service,No internet service,No internet service,Month-to-month,No,Electronic check,48.9,1418.66,Yes
CUST-106499,Male,0,No,No,69,No,No phone service,No,No internet service,No internet service,No internet service,No internet service,No internet service,No internet service,Month-to-month,No,Electronic check,22.65,1510.69,Yes
CUST-106500,Male,0,No,No,30,Yes,No,Fiber optic,No,No,Yes,Yes,No,No,One year,Yes,Mailed check,95.66,2875.21,No
CUST-106501,Female,0,Yes,No,55,No,No phone service,Fiber optic,Yes,Yes,No,No,Yes,No,Two year,No,Electronic check,86.36,4878.02,No
CUST-106502,Female,0,Yes,Yes,31,Yes,No,Fiber optic,No,No,No,No,No,No,Month-to-month,Yes,Bank transfer (automatic),94.06,2904.57,Yes
CUST-106503,Female,0,No,Yes,31,Yes,No,Fiber optic,No,No,No,No,No,Yes,Month-to-month,No,Mailed check,93.8,2820.07,No
CUST-106504,Male,0,No,No,48,Yes,No,No,No internet service,No internet service,No internet service,No internet service,No internet service,No internet service,Two year,Yes,Mailed check,42.2,2038.25,No
CUST-106505,Male,0,Yes,No,8,Yes,No,Fiber optic,Yes,Yes,No,No,Yes,Yes,Month-to-month,Yes,Electronic check,113.05,946.43,Yes
CUST-106506,Female,0,No,Yes,25,Yes,No,Fiber optic,No,No,No,Yes,No,No,Month-to-month,No,Mailed check,101.54,2501.73,No
CUST-106507,Male,1,Yes,No,10,Yes,Yes,No,No internet service,No internet service,No internet service,No internet service,No internet service,No internet service,Month-to-month,Yes,Bank transfer (automatic),36.04,365.08,No
CUST-106508,Female,0,No,Yes,14,Yes,No,DSL,No,No,No,Yes,No,Yes,Month-to-month,Yes,Electronic check,74.77,1061.08,No
CUST-106509,Male,0,Yes,No,51,Yes,No,Fiber optic,Yes,No,Yes,Yes,Yes,Yes,Month-to-month,Yes,Mailed check,123.65,6222.66,No
CUST-106510,Male,0,Yes,No,12,Yes,No,DSL,No,No,Yes,Yes,Yes,Yes,Two year,No,Bank transfer (automatic),90.0,1092.79,No
CUST-106511,Female,0,Yes,No,14,Yes,No,Fiber optic,No,No,No,Yes,No,Yes,One year,Yes,Bank transfer (automatic),102.13,1477.0,No
CUST-106512,Male,0,No,No,41,Yes,No,Fiber optic,Yes,No,No,No,No,No,Month-to-month,No,Credit card (automatic),98.92,3972.89,Yes
CUST-106513,Male,0,No,Yes,25,Yes,No,Fiber optic,No,No,No,Yes,No,No,Two year,No,Bank transfer (automatic),97.16,2424.56,No
CUST-106514,Female,1,No,No,8,Yes,No,DSL,No,No,No,No,No,Yes,Month-to-month,Yes,Bank transfer (automatic),77.46,595.26,Yes
CUST-106515,Male,0,Yes,No,69,Yes,No,No,No internet service,No internet service,No internet service,No internet service,No internet service,No internet service,Month-to-month,No,Credit card (automatic),42.25,2975.54,No
CUST-106516,Male,0,No,No,67,Yes,Yes,DSL,No,Yes,No,No,Yes,No,Two year,Yes,Credit card (automatic),78.68,5155.91,No
CUST-106517,Female,0,No,Yes,42,Yes,No,Fiber optic,No,Yes,No,No,No,No,One year,Yes,Credit card (automatic),92.4,3904.69,No
CUST-106518,Male,0,No,Yes,38,Yes,Yes,DSL,No,No,No,Yes,No,Yes,One year,Yes,Bank transfer (automatic),80.32,3031.14,No
CUST-106519,Male,0,Yes,Yes,59,Yes,No,No,No internet service,No internet service,No internet service,No internet service,No internet service,No internet service,Month-to-month,Yes,Credit card (automatic),41.19,2488.75,No
CUST-106520,Male,0,No,No,71,Yes,Yes,Fiber optic,No,No,No,No,Yes,Yes,Month-to-month,No,Electronic check,99.81,6931.04,No
CUST-106521,Male,0,Yes,Yes,7,Yes,Yes,No,No internet service,No internet service,No internet service,No internet service,No internet service,No internet service,Two year,No,Credit card (automatic),41.92,306.29,No
CUST-106522,Male,0,Yes,No,7,Yes,Yes,Fiber optic,No,No,No,No,Yes,No,Month-to-month,Yes,Electronic check,92.83,662.93,Yes
CUST-106523,Female,1,No,No,24,Yes,Yes,Fiber optic,No,No,No,No,Yes,No,Two year,Yes,Electronic check,96.89,2363.84,No
CUST-106524,Male,0,Yes,No,22,Yes,No,DSL,No,Yes,Yes,Yes,No,No,One year,Yes,Electronic check,77.57,1695.68,No
CUST-106525,Male,0,Yes,No,65,Yes,Yes,Fiber optic,No,No,Yes,No,No,No,Month-to-month,Yes,Bank transfer (automatic),101.79,6354.94,No
CUST-106526,Male,1,No,No,37,Yes,No,No,No internet service,No internet service,No internet service,No internet service,No internet service,No internet service,Two year,No,Mailed check,38.07,1362.69,No
CUST-106527,Male,0,Yes,No,59,No,No phone service,Fiber optic,No,No,No,No,Yes,No,Two year,Yes,Bank transfer (automatic),73.71,4251.98,No
CUST-106528,Female,1,No,No,48,Yes,No,DSL,Yes,No,No,Yes,Yes,No,Two year,No,Mailed check,84.03,3856.82,Yes
CUST-106529,Male,0,No,No,52,Yes,No,Fiber optic,No,Yes,Yes,No,No,Yes,Month-to-month,Yes,Mailed check,112.72,5945.49,Yes
CUST-106530,Male,0,No,No,69,Yes,No,Fiber optic,No,Yes,No,No,No,No,One year,Yes,Credit card (automatic),93.68,6167.26,Yes
CUST-106531,Male,0,Yes,No,42,Yes,Yes,Fiber optic,No,Yes,No,No,No,Yes,Month-to-month,No,Mailed check,97.84,4086.78,No
CUST-106532,Male,0,No,No,56,Yes,No,Fiber optic,Yes,No,Yes,No,No,No,Month-to-month,Yes,Bank transfer (automatic),105.64,6114.71,Yes
CUST-106533,Male,0,No,No,19,Yes,Yes,Fiber optic,No,No,No,No,Yes,Yes,Two year,No,Credit card (automatic),93.27,1706.72,No
CUST-106534,Female,1,Yes,No,18,Yes,Yes,No,No internet service,No internet service,No internet service,No internet service,No internet service,No internet service,Two year,No,Electronic check,35.13,657.21,No
CUST-106535,Female,1,No,Yes,42,Yes,No,Fiber optic,No,No,No,No,Yes,No,Month-to-month,Yes,Mailed check,94.67,3935.53,Yes
CUST-106536,Male,1,No,Yes,65,Yes,Yes,DSL,No,No,No,No,Yes,No,One year,Yes,Electronic check,70.26,4635.74,Yes
CUST-106537,Female,0,Yes,No,3,Yes,No,Fiber optic,No,Yes,No,No,Yes,No,Two year,Yes,Mailed check,105.82,320.85,No
CUST-106538,Male,0,Yes,No,36,Yes,Yes,No,No internet service,No internet service,No internet service,No internet service,No internet service,No internet service,One year,No,Bank transfer (automatic),38.19,1359.02,No
CUST-106539,Male,0,No,Yes,14,Yes,No,DSL,No,Yes,No,Yes,No,No,Month-to-month,No,Electronic check,77.12,1072.66,No
CUST-106540,Female,0,Yes,No,64,Yes,Yes,DSL,Yes,No,No,No,No,No,Month-to-month,Yes,Electronic check,74.92,4632.74,No
CUST-106541,Female,0,No,No,37,No,No phone service,Fiber optic,No,No,Yes,Yes,No,No,Month-to-month,No,Bank transfer (automatic),80.01,3102.01,No
CUST-106542,Male,0,Yes,No,3,Yes,No,Fiber optic,Yes,No,Yes,Yes,Yes,No,Two year,No,Bank transfer (automatic),113.06,330.71,Yes
CUST-106543,Female,0,Yes,Yes,0,Yes,No,DSL,Yes,No,No,No,No,Yes,Month-to-month,No,Mailed check,77.18,0.0,Yes
CUST-106544,Male,0,No,No,46,Yes,Yes,No,No internet service,No internet service,No internet service,No internet service,No internet service,No internet service,Month-to-month,Yes,Mailed check,43.36,1920.77,No
CUST-106545,Female,0,No,Yes,16,Yes,No,DSL,Yes,No,No,Yes,No,Yes,Two year,No,Electronic check,89.72,1374.47,No
CUST-106546,Female,0,Yes,No,3,Yes,No,Fiber optic,No,No,No,No,No,Yes,Two year,No,Electronic check,96.16,274.72,No
CUST-106547,Female,0,No,Yes,11,Yes,Yes,Fiber optic,Yes,No,Yes,No,No,No,Two year,No,Mailed check,114.06,1243.64,No
CUST-106548,Female,1,Yes,No,11,Yes,No,Fiber optic,No,No,No,Yes,No,No,Two year,Yes,Bank transfer (automatic),95.48,1001.18,Yes
CUST-106549,Female,0,Yes,Yes,25,Yes,No,Fiber optic,Yes,No,No,No,No,No,One year,Yes,Credit card (automatic),92.98,2319.39,No
CUST-106550,Female,0,No,Yes,52,Yes,Yes,DSL,No,No,No,No,No,No,Two year,Yes,Mailed check,69.25,3661.73,No
CUST-106551,Female,0,Yes,No,62,Yes,No,No,No internet service,No internet service,No internet service,No internet service,No internet service,No internet service,One year,No,Electronic check,38.42,2326.08,No
CUST-106552,Male,0,No,No,38,Yes,No,Fiber optic,No,No,No,No,No,No,One year,No,Electronic check,92.28,3356.73,No
CUST-106553,Male,0,Yes,Yes,69,Yes,Yes,No,No internet service,No internet service,No internet service,No internet service,No internet service,No internet service,Month-to-month,No,Bank transfer (automatic),33.33,2315.2,No
CUST-106554,Male,0,No,No,57,Yes,No,DSL,No,No,No,No,No,No,Month-to-month,Yes,Bank transfer (automatic),61.94,3617.63,No
CUST-106555,Female,0,Yes,Yes,12,Yes,No,Fiber optic,No,Yes,No,Yes,Yes,Yes,Month-to-month,No,Bank transfer (automatic),111.39,1344.95,No
CUST-106556,Male,0,No,Yes,53,Yes,No,No,No internet service,No internet service,No internet service,No internet service,No internet service,No internet service,Two year,No,Mailed check,42.5,2149.74,No
CUST-106557,Male,0,No,Yes,16,Yes,No,Fiber optic,Yes,Yes,No,No,No,Yes,Month-to-month,Yes,Electronic check,108.15,1787.73,Yes
CUST-106558,Female,0,Yes,No,70,Yes,Yes,No,No internet service,No internet service,No internet service,No internet service,No internet service,No internet service,Month-to-month,Yes,Credit card (automatic),39.31,2722.94,No
CUST-106559,Male,1,Yes,No,61,Yes,No,Fiber optic,No,No,No,No,No,No,Two year,No,Mailed check,89.24,5210.38,Yes
CUST-106560,Female,1,No,Yes,4,Yes,No,Fiber optic,Yes,No,Yes,No,Yes,No,Two year,No,Electronic check,107.48,443.23,No
CUST-106561,Female,0,Yes,No,12,Yes,No,Fiber optic,No,Yes,Yes,No,No,No,One year,Yes,Bank transfer (automatic),107.26,1337.25,No
CUST-106562,Male,0,No,Yes,32,No,No phone service,DSL,No,Yes,Yes,Yes,No,No,One year,No,Bank transfer (automatic),59.65,1940.36,No
CUST-106563,Male,0,No,Yes,54,Yes,Yes,Fiber optic,No,Yes,No,No,Yes,Yes,Month-to-month,Yes,Mailed check,111.2,6291.01,No
CUST-106564,Male,0,No,No,40,Yes,No,Fiber optic,No,No,No,No,No,No,Month-to-month,No,Bank transfer (automatic),86.94,3458.95,No
CUST-106565,Male,1,Yes,No,6,Yes,Yes,No,No internet service,No internet service,No internet service,No internet service,No internet service,No internet service,Two year,No,Mailed check,46.05,288.07,No
CUST-106566,Male,0,Yes,No,45,Yes,Yes,No,No internet service,No internet service,No internet service,No internet service,No internet service,No internet service,Two year,Yes,Credit card (automatic),41.61,1817.05,No
CUST-106567,Male,1,Yes,Yes,47,No,No phone service,No,No internet service,No internet service,No internet service,No internet service,No internet service,No internet service,Month-to-month,Yes,Bank transfer (automatic),21.2,1011.33,Yes
CUST-106568,Male,0,Yes,Yes,67,Yes,No,Fiber optic,No,Yes,No,No,Yes,No,Month-to-month,No,Bank transfer (automatic),104.5,6893.08,Yes
CUST-106569,Male,0,Yes,No,19,Yes,Yes,No,No internet service,No internet service,No internet service,No internet service,No internet service,No internet service,Month-to-month,No,Electronic check,36.05,651.11,No
CUST-106570,Female,0,No,No,2,No,No phone service,Fiber optic,No,No,Yes,Yes,No,Yes,Month-to-month,Yes,Mailed check,91.78,182.37,Yes
CUST-106571,Female,1,Yes,No,54,Yes,Yes,Fiber optic,No,No,No,No,Yes,Yes,Month-to-month,Yes,Bank transfer (automatic),108.73,5847.69,Yes
CUST-106572,Male,0,Yes,Yes,51,Yes,No,DSL,Yes,No,No,No,No,Yes,Month-to-month,Yes,Electronic check,74.68,3618.89,No
CUST-106573,Female,0,Yes,No,37,Yes,No,Fiber optic,No,Yes,No,No,Yes,No,Month-to-month,No,Electronic check,93.6,3579.48,Yes
CUST-106574,Male,0,Yes,Yes,50,No,No phone service,DSL,Yes,No,No,No,No,Yes,One year,No,Credit card (automatic),56.26,2857.28,No
CUST-106575,Male,0,No,No,13,Yes,Yes,No,No internet service,No internet service,No internet service,No internet service,No internet service,No internet service,One year,Yes,Credit card (automatic),42.39,523.66,No
CUST-106576,Male,0,Yes,No,9,Yes,No,Fiber optic,No,Yes,No,No,No,Yes,Month-to-month,Yes,Credit card (automatic),101.36,872.95,No
CUST-106577,Male,0,No,Yes,29,Yes,Yes,No,No internet service,No internet service,No internet service,No internet service,No internet service,No internet service,Month-to-month,Yes,Mailed check,38.22,1054.94,No
CUST-106578,Male,0,No,No,65,Yes,No,No,No internet service,No internet service,No internet service,No internet service,No internet service,No internet service,Month-to-month,Yes,Electronic check,37.6,2354.19,No
CUST-106579,Male,0,Yes,No,37,Yes,No,Fiber optic,No,Yes,No,Yes,Yes,Yes,One year,Yes,Electronic check,114.2,4091.58,No
CUST-106580,Male,0,No,No,46,Yes,Yes,DSL,Yes,No,No,No,Yes,Yes,Month-to-month,No,Bank transfer (automatic),84.15,3783.82,No
CUST-106581,Male,0,Yes,No,72,Yes,No,Fiber optic,Yes,No,No,No,No,Yes,Two year,No,Credit card (automatic),94.03,6633.77,No
CUST-106582,Female,0,Yes,No,22,Yes,No,Fiber optic,No,No,No,No,No,Yes,Month-to-month,Yes,Mailed check,94.88,2082.44,Yes
CUST-106583,Female,1,No,Yes,35,Yes,Yes,Fiber optic,No,No,No,No,No,No,Two year,No,Mailed check,94.26,3294.34,No
CUST-106584,Female,0,No,No,50,Yes,Yes,Fiber optic,Yes,Yes,No,No,No,Yes,Month-to-month,Yes,Credit card (automatic),112.4,5863.54,No
CUST-106585,Female,0,Yes,No,11,Yes,No,No,No internet service,No internet service,No internet service,No internet service,No internet service,No internet service,One year,No,Electronic check,42.09,446.94,No
CUST-106586,Female,0,No,No,29,Yes,Yes,DSL,No,No,No,No,Yes,No,One year,No,Electronic check,77.84,2319.34,No
CUST-106587,Male,0,Yes,No,40,Yes,Yes,Fiber optic,No,Yes,Yes,No,No,No,Month-to-month,Yes,Credit card (automatic),102.29,4137.71,Yes
CUST-106588,Male,0,No,Yes,22,Yes,Yes,No,No internet service,No internet service,No internet service,No internet service,No internet service,No internet service,Month-to-month,No,Mailed check,36.57,812.1,No
CUST-106589,Male,0,No,Yes,16,Yes,Yes,Fiber optic,Yes,No,No,Yes,Yes,No,Month-to-month,Yes,Bank transfer (automatic),114.56,1913.56,No
CUST-106590,Male,0,Yes,Yes,31,Yes,No,No,No internet service,No internet service,No internet service,No internet service,No internet service,No internet service,Month-to-month,No,Credit card (automatic),37.29,1211.9,No
CUST-106591,Female,0,No,No,64,Yes,No,Fiber optic,No,No,No,No,Yes,No,Two year,Yes,Credit card (automatic),93.99,6227.07,Yes
CUST-106592,Male,0,No,No,30,Yes,Yes,Fiber optic,Yes,Yes,No,Yes,No,No,One year,No,Mailed check,113.5,3435.26,No
CUST-106593,Female,0,Yes,No,60,Yes,No,No,No internet service,No internet service,No internet service,No internet service,No internet service,No internet service,One year,Yes,Bank transfer (automatic),44.39,2607.63,No
CUST-106594,Female,1,No,No,49,Yes,No,DSL,No,Yes,No,No,Yes,Yes,Month-to-month,Yes,Bank transfer (automatic),93.99,4774.28,No
CUST-106595,Male,0,No,No,9,Yes,Yes,Fiber optic,No,No,No,No,No,No,Month-to-month,Yes,Credit card (automatic),78.76,684.87,Yes
CUST-106596,Female,0,Yes,No,66,Yes,No,DSL,No,Yes,No,No,Yes,No,One year,No,Electronic check,75.79,4918.95,Yes
CUST-106597,Male,1,No,No,42,No,No phone service,No,No internet service,No internet service,No internet service,No internet service,No internet service,No internet service,Month-to-month,Yes,Bank transfer (automatic),19.84,866.63,No
CUST-106598,Male,0,No,No,41,Yes,Yes,DSL,No,Yes,Yes,Yes,No,Yes,Month-to-month,Yes,Credit card (automatic),85.16,3322.56,Yes
CUST-106599,Male,0,No,No,50,Yes,Yes,DSL,No,No,No,Yes,No,Yes,Month-to-month,Yes,Mailed check,79.31,3815.98,No
CUST-106600,Male,1,Yes,No,3,Yes,No,DSL,No,Yes,Yes,No,Yes,No,Month-to-month,Yes,Bank transfer (automatic),84.96,247.88,Yes
CUST-106601,Female,0,No,No,18,Yes,No,Fiber optic,No,Yes,No,Yes,No,Yes,Two year,Yes,Electronic check,103.06,1941.95,No
CUST-106602,Male,1,No,No,58,Yes,Yes,DSL,No,No,No,No,Yes,Yes,Month-to-month,Yes,Electronic check,73.59,4330.96,Yes
CUST-106603,Male,0,No,No,45,Yes,Yes,DSL,No,No,No,Yes,No,No,Month-to-month,Yes,Electronic check,71.78,3282.94,Yes
CUST-106604,Male,0,Yes,No,28,Yes,No,Fiber optic,No,No,No,No,Yes,Yes,Month-to-month,No,Mailed check,107.02,3094.7,No
CUST-106605,Male,0,No,No,33,Yes,No,Fiber optic,Yes,No,No,Yes,No,No,Month-to-month,Yes,Electronic check,110.68,3806.24,Yes
CUST-106606,Female,0,No,Yes,45,Yes,Yes,Fiber optic,No,No,Yes,No,Yes,No,Month-to-month,Yes,Bank transfer (automatic),96.01,4299.74,No
CUST-106607,Female,1,Yes,No,35,Yes,No,Fiber optic,No,No,No,Yes,Yes,Yes,Month-to-month,No,Mailed check,109.22,3747.21,Yes
CUST-106608,Male,1,Yes,No,33,Yes,No,Fiber optic,Yes,Yes,No,Yes,Yes,No,Month-to-month,Yes,Electronic check,104.23,3274.12,No
CUST-106609,Female,0,No,Yes,40,Yes,No,No,No internet service,No internet service,No internet service,No internet service,No internet service,No internet service,Month-to-month,No,Electronic check,43.35,1684.82,Yes
CUST-106610,Male,0,No,No,20,Yes,No,Fiber optic,No,No,Yes,Yes,Yes,No,One year,Yes,Bank transfer (automatic),97.2,1853.65,No
CUST-106611,Male,0,No,Yes,41,No,No phone service,Fiber optic,No,Yes,Yes,No,No,No,Month-to-month,Yes,Mailed check,77.71,3284.66,Yes
CUST-106612,Female,0,Yes,No,50,Yes,Yes,Fiber optic,No,No,Yes,No,No,Yes,One year,No,Bank transfer (automatic),103.6,4970.44,No
CUST-106613,Male,1,No,Yes,51,Yes,Yes,No,No internet service,No internet service,No internet service,No internet service,No internet service,No internet service,Month-to-month,Yes,Credit card (automatic),44.76,2380.6,No
CUST-106614,Male,0,Yes,Yes,45,Yes,No,No,No internet service,No internet service,No internet service,No internet service,No internet service,No internet service,Month-to-month,No,Credit card (automatic),36.33,1629.8,No
CUST-106615,Male,0,No,No,33,Yes,Yes,Fiber optic,No,No,No,No,No,No,Two year,Yes,Bank transfer (automatic),87.48,2832.21,No
CUST-106616,Male,1,Yes,Yes,47,Yes,No,Fiber optic,Yes,No,Yes,No,No,No,Month-to-month,Yes,Bank transfer (automatic),94.38,4307.67,Yes
CUST-106617,Female,0,Yes,No,52,Yes,Yes,DSL,No,Yes,No,No,No,No,Month-to-month,Yes,Mailed check,73.8,3993.55,No
CUST-106618,Male,0,No,No,22,Yes,No,No,No internet service,No internet service,No internet service,No internet service,No internet service,No internet service,Month-to-month,Yes,Mailed check,38.45,831.26,No
CUST-106619,Male,0,No,No,35,Yes,No,DSL,No,No,No,Yes,Yes,No,Month-to-month,No,Electronic check,78.56,2641.03,No
CUST-106620,Male,0,Yes,Yes,49,Yes,No,Fiber optic,No,No,No,Yes,No,No,One year,Yes,Credit card (automatic),97.82,4592.32,No
CUST-106621,Female,0,Yes,Yes,48,Yes,Yes,Fiber optic,Yes,Yes,Yes,Yes,No,No,One year,Yes,Credit card (automatic),117.45,5722.45,No
CUST-106622,Female,0,No,Yes,36,Yes,No,DSL,Yes,No,Yes,No,No,No,Month-to-month,Yes,Bank transfer (automatic),69.45,2553.51,No
CUST-106623,Female,0,No,No,19,Yes,No,Fiber optic,No,No,Yes,No,No,No,Month-to-month,Yes,Bank transfer (automatic),95.89,1739.73,Yes
CUST-106624,Female,0,Yes,No,66,Yes,No,Fiber optic,Yes,No,Yes,No,No,No,Month-to-month,Yes,Bank transfer (automatic),98.26,6624.54,Yes
CUST-106625,Female,0,No,Yes,39,No,No phone service,DSL,No,No,Yes,No,No,Yes,Month-to-month,Yes,Electronic check,49.13,1926.43,No
CUST-106626,Female,0,Yes,Yes,39,Yes,No,DSL,No,Yes,No,No,No,Yes,Two year,Yes,Electronic check,80.79,3189.11,No
CUST-106627,Female,1,No,Yes,34,Yes,Yes,Fiber optic,No,No,No,Yes,Yes,Yes,One year,No,Electronic check,114.67,3830.63,Yes
CUST-106628,Male,0,Yes,Yes,55,Yes,Yes,Fiber optic,No,Yes,No,No,Yes,No,Month-to-month,No,Credit card (automatic),86.55,4836.99,No
CUST-106629,Male,0,Yes,Yes,22,Yes,No,Fiber optic,Yes,No,No,No,No,Yes,Month-to-month,Yes,Bank transfer (automatic),100.41,2140.67,No
CUST-106630,Male,1,No,No,68,Yes,Yes,No,No internet service,No internet service,No internet service,No internet service,No internet service,No internet service,One year,Yes,Mailed check,39.08,2583.11,No
CUST-106631,Male,0,Yes,Yes,4,Yes,No,DSL,No,No,No,Yes,Yes,No,Month-to-month,Yes,Electronic check,77.49,310.26,Yes
CUST-106632,Male,0,No,No,0,Yes,No,Fiber optic,Yes,No,No,Yes,No,Yes,Two year,No,Credit card (automatic),110.29,0.0,Yes
CUST-106633,Female,1,Yes,Yes,37,Yes,Yes,Fiber optic,No,No,Yes,No,Yes,Yes,Two year,Yes,Bank transfer (automatic),114.83,4103.75,No
CUST-106634,Female,0,Yes,No,62,Yes,No,DSL,Yes,No,No,No,Yes,Yes,Month-to-month,Yes,Credit card (automatic),76.23,4817.06,Yes
CUST-106635,Male,0,No,No,0,Yes,Yes,No,No internet service,No internet service,No internet service,No internet service,No internet service,No internet service,Two year,No,Mailed check,37.35,0.0,No
CUST-106636,Male,0,No,Yes,49,Yes,No,DSL,No,No,No,No,No,No,Month-to-month,Yes,Mailed check,63.56,3013.19,No
CUST-106637,Male,0,Yes,No,28,Yes,No,Fiber optic,No,No,Yes,No,No,No,Month-to-month,Yes,Bank transfer (automatic),89.55,2592.22,No
CUST-106638,Female,0,No,Yes,1,Yes,No,DSL,Yes,No,No,No,No,Yes,Two year,No,Electronic check,78.87,76.74,Yes
CUST-106639,Male,0,Yes,No,27,No,No phone service,Fiber optic,Yes,No,No,No,No,No,One year,No,Mailed check,80.9,2180.36,Yes
CUST-106640,Male,0,No,No,47,Yes,Yes,No,No internet service,No internet service,No internet service,No internet service,No internet service,No internet service,Month-to-month,Yes,Mailed check,45.07,2125.26,No
CUST-106641,Male,0,Yes,No,46,Yes,Yes,Fiber optic,No,Yes,No,No,Yes,No,Two year,Yes,Bank transfer (automatic),97.24,4386.74,No
CUST-106642,Female,0,No,No,61,Yes,No,Fiber optic,No,No,No,Yes,No,Yes,Month-to-month,Yes,Mailed check,94.73,6000.99,Yes
CUST-106643,Male,0,Yes,Yes,72,Yes,No,DSL,No,Yes,No,Yes,No,No,One year,Yes,Electronic check,84.95,5833.88,Yes
CUST-106644,Female,0,No,No,3,Yes,Yes,DSL,Yes,No,No,No,Yes,No,Two year,No,Mailed check,79.73,231.37,No
CUST-106645,Female,1,No,No,62,Yes,No,Fiber optic,No,Yes,Yes,No,No,Yes,Two year,No,Mailed check,107.59,6961.64,No
CUST-106646,Male,0,No,No,0,Yes,No,DSL,No,No,No,No,Yes,Yes,Month-to-month,Yes,Bank transfer (automatic),80.59,0.0,Yes
CUST-106647,Female,0,Yes,No,71,Yes,Yes,Fiber optic,No,No,No,Yes,No,No,Month-to-month,Yes,Credit card (automatic),105.42,7466.08,No
CUST-106648,Female,0,Yes,Yes,56,Yes,Yes,No,No internet service,No internet service,No internet service,No internet service,No internet service,No internet service,Two year,Yes,Electronic check,35.52,2024.81,No
CUST-106649,Female,0,Yes,No,69,Yes,Yes,Fiber optic,Yes,No,No,No,No,No,Month-to-month,No,Mailed check,101.2,7049.25,Yes
CUST-106650,Male,0,No,No,4,Yes,Yes,Fiber optic,No,Yes,Yes,Yes,No,No,Two year,Yes,Mailed check,104.77,399.6,No
CUST-106651,Female,1,Yes,Yes,5,Yes,No,No,No internet service,No internet service,No internet service,No internet service,No internet service,No internet service,Month-to-month,No,Bank transfer (automatic),51.02,254.99,No
CUST-106652,Female,0,No,No,71,Yes,Yes,No,No internet service,No internet service,No internet service,No internet service,No internet service,No internet service,Month-to-month,No,Credit card (automatic),42.21,2952.42,No
CUST-106653,Male,0,Yes,No,20,No,No phone service,DSL,No,No,No,No,Yes,Yes,Month-to-month,Yes,Mailed check,56.06,1107.95,Yes
CUST-106654,Male,0,No,No,27,No,No phone service,No,No internet service,No internet service,No internet service,No internet service,No internet service,No internet service,Month-to-month,No,Credit card (automatic),21.86,596.03,No
CUST-106655,Female,0,No,Yes,21,Yes,No,Fiber optic,No,No,No,No,No,No,Month-to-month,No,Electronic check,92.58,1883.64,No
CUST-106656,Female,0,No,No,11,Yes,No,No,No internet service,No internet service,No internet service,No internet service,No internet service,No internet service,Month-to-month,Yes,Credit card (automatic),43.56,469.06,No
CUST-106657,Female,0,No,Yes,5,Yes,Yes,Fiber optic,No,Yes,No,No,No,No,Two year,Yes,Bank transfer (automatic),94.67,456.18,Yes
CUST-106658,Female,0,No,No,9,Yes,No,No,No internet service,No internet service,No internet service,No internet service,No internet service,No internet service,Month-to-month,Yes,Electronic check,44.99,388.79,No
CUST-106659,Male,0,No,No,61,Yes,No,No,No internet service,No internet service,No internet service,No internet service,No internet service,No internet service,One year,Yes,Bank transfer (automatic),32.58,2026.03,No
CUST-106660,Male,0,No,Yes,1,Yes,Yes,Fiber optic,No,No,No,Yes,No,No,Month-to-month,Yes,Mailed check,94.62,93.06,Yes
CUST-106661,Female,0,No,Yes,65,Yes,No,Fiber optic,No,No,Yes,Yes,No,Yes,One year,Yes,Credit card (automatic),112.06,7043.81,No
CUST-106662,Male,0,Yes,Yes,16,Yes,No,DSL,No,No,Yes,No,Yes,Yes,Month-to-month,No,Electronic check,91.86,1451.2,Yes
CUST-106663,Male,0,Yes,No,44,Yes,Yes,DSL,No,No,No,No,Yes,No,Two year,Yes,Bank transfer (automatic),64.86,2881.05,No
CUST-106664,Female,0,No,No,18,Yes,No,Fiber optic,No,Yes,Yes,No,Yes,Yes,Month-to-month,Yes,Mailed check,112.67,1991.69,Yes
CUST-106665,Male,1,No,Yes,65,Yes,No,Fiber optic,Yes,No,Yes,No,No,Yes,Month-to-month,No,Electronic check,115.86,7466.38,Yes
CUST-106666,Male,1,Yes,No,2,No,No phone service,Fiber optic,No,No,Yes,No,Yes,Yes,Month-to-month,Yes,Credit card (automatic),86.03,177.98,Yes
CUST-106667,Male,0,Yes,No,52,No,No phone service,Fiber optic,Yes,No,No,No,No,No,Month-to-month,Yes,Bank transfer (automatic),73.05,3958.44,Yes
CUST-106668,Male,1,No,Yes,68,Yes,No,DSL,No,No,Yes,Yes,No,Yes,Month-to-month,No,Mailed check,81.36,5687.8,No
CUST-106669,Male,0,Yes,No,32,Yes,No,DSL,No,No,Yes,No,No,Yes,One year,Yes,Credit card (automatic),70.4,2271.92,No
CUST-106670,Male,0,No,No,32,Yes,Yes,DSL,Yes,Yes,Yes,Yes,No,Yes,Month-to-month,Yes,Credit card (automatic),91.7,2889.65,No
CUST-106671,Male,0,No,No,10,Yes,No,Fiber optic,No,No,No,No,Yes,Yes,One year,Yes,Credit card (automatic),107.67,1123.86,No
CUST-106672,Male,1,Yes,No,64,Yes,No,Fiber optic,No,Yes,No,No,Yes,No,Month-to-month,No,Electronic check,103.54,6882.98,No
CUST-106673,Female,0,Yes,Yes,69,Yes,No,DSL,No,No,Yes,No,No,No,One year,No,Credit card (automatic),72.42,5089.17,No
CUST-106674,Female,0,Yes,Yes,36,Yes,Yes,DSL,Yes,Yes,No,No,No,Yes,Month-to-month,No,Electronic check,69.34,2489.83,No
CUST-106675,Female,0,Yes,Yes,50,Yes,Yes,DSL,No,No,No,No,No,No,One year,Yes,Bank transfer (automatic),67.95,3276.92,No
CUST-106676,Female,0,No,Yes,55,Yes,Yes,Fiber optic,No,No,No,No,No,No,Two year,No,Credit card (automatic),87.75,4718.39,No
CUST-106677,Male,0,No,No,25,Yes,Yes,No,No internet service,No internet service,No internet service,No internet service,No internet service,No internet service,Month-to-month,Yes,Electronic check,38.09,916.57,No
CUST-106678,Female,0,No,No,0,Yes,Yes,No,No internet service,No internet service,No internet service,No internet service,No internet service,No internet service,Month-to-month,No,Electronic check,38.98,0.0,Yes
CUST-106679,Female,0,Yes,No,9,Yes,Yes,Fiber optic,Yes,No,Yes,No,No,No,One year,Yes,Credit card (automatic),102.61,893.83,No
CUST-106680,Male,1,No,No,65,No,No phone service,Fiber optic,No,No,No,No,No,No,Month-to-month,Yes,Electronic check,73.02,4635.01,Yes
CUST-106681,Male,0,Yes,No,58,Yes,Yes,Fiber optic,No,No,Yes,Yes,Yes,No,Month-to-month,No,Electronic check,115.17,6403.0,Yes
CUST-106682,Female,0,No,Yes,6,Yes,Yes,Fiber optic,Yes,Yes,No,No,No,Yes,Month-to-month,No,Electronic check,112.93,654.35,Yes
CUST-106683,Female,0,Yes,No,58,Yes,No,No,No internet service,No internet service,No internet service,No internet service,No internet service,No internet service,Month-to-month,Yes,Bank transfer (automatic),40.95,2423.78,No
CUST-106684,Male,0,No,Yes,64,Yes,Yes,DSL,No,No,No,No,Yes,Yes,Two year,No,Mailed check,81.71,5307.94,No
CUST-106685,Male,0,No,Yes,39,Yes,No,Fiber optic,No,No,No,Yes,No,Yes,Month-to-month,Yes,Mailed check,99.66,3929.14,Yes
CUST-106686,Male,0,Yes,No,32,Yes,No,No,No internet service,No internet service,No internet service,No internet service,No internet service,No internet service,Month-to-month,Yes,Credit card (automatic),45.77,1472.24,No
CUST-106687,Male,0,No,No,72,Yes,No,Fiber optic,Yes,Yes,Yes,No,No,No,Month-to-month,Yes,Bank transfer (automatic),106.32,7457.33,No
CUST-106688,Female,0,Yes,No,63,Yes,Yes,Fiber optic,No,No,Yes,No,No,No,Month-to-month,Yes,Bank transfer (automatic),92.86,5663.69,No
CUST-106689,Female,0,Yes,Yes,28,Yes,No,No,No internet service,No internet service,No internet service,No internet service,No internet service,No internet service,One year,Yes,Mailed check,34.71,937.25,No
CUST-106690,Male,1,No,No,34,Yes,Yes,DSL,No,Yes,No,No,No,Yes,One year,No,Credit card (automatic),76.85,2636.6,No
CUST-106691,Female,0,No,Yes,68,Yes,Yes,No,No internet service,No internet service,No internet service,No internet service,No internet service,No internet service,Two year,No,Electronic check,34.25,2241.24,No
CUST-106692,Female,0,Yes,No,67,Yes,Yes,DSL,No,No,No,Yes,No,No,Month-to-month,Yes,Credit card (automatic),75.93,5122.85,Yes
CUST-106693,Female,0,Yes,No,46,Yes,Yes,Fiber optic,No,Yes,Yes,No,No,No,Month-to-month,Yes,Electronic check,105.3,4921.1,Yes
CUST-106694,Male,0,Yes,No,47,No,No phone service,DSL,No,No,No,No,Yes,Yes,Month-to-month,Yes,Credit card (automatic),55.56,2608.73,No
CUST-106695,Female,1,No,No,53,Yes,No,Fiber optic,Yes,Yes,No,No,Yes,Yes,One year,No,Credit card (automatic),115.89,5907.45,No
CUST-106696,Female,0,No,No,21,No,No phone service,DSL,Yes,No,No,No,No,No,One year,No,Electronic check,50.5,1009.17,Yes
CUST-106697,Female,0,Yes,No,66,Yes,No,Fiber optic,No,Yes,No,No,No,No,One year,No,Electronic check,96.72,6604.04,No
CUST-106698,Male,0,Yes,Yes,21,Yes,No,Fiber optic,No,No,Yes,Yes,Yes,No,Two year,No,Electronic check,103.37,2221.62,Yes
CUST-106699,Male,0,No,Yes,60,Yes,Yes,Fiber optic,Yes,Yes,No,No,No,Yes,Month-to-month,No,Mailed check,110.45,6821.09,Yes
CUST-106700,Female,0,No,No,59,Yes,No,No,No internet service,No internet service,No internet service,No internet service,No internet service,No internet service,Two year,Yes,Mailed check,33.97,1955.47,No
CUST-106701,Male,0,Yes,No,21,Yes,Yes,No,No internet service,No internet service,No internet service,No internet service,No internet service,No internet service,Two year,No,Electronic check,34.72,738.35,No
CUST-106702,Female,0,No,No,58,Yes,No,Fiber optic,No,Yes,Yes,No,No,Yes,Month-to-month,No,Electronic check,116.66,6682.92,Yes
CUST-106703,Male,0,Yes,Yes,63,Yes,No,Fiber optic,No,No,Yes,No,Yes,No,Month-to-month,Yes,Mailed check,115.83,7283.15,No
CUST-106704,Female,0,Yes,Yes,36,No,No phone service,DSL,No,No,No,No,No,Yes,One year,Yes,Electronic check,51.23,1844.21,No
CUST-106705,Male,0,No,No,39,No,No phone service,DSL,No,No,No,No,Yes,Yes,Month-to-month,Yes,Bank transfer (automatic),54.07,2093.4,No
CUST-106706,Male,0,No,No,37,No,No phone service,DSL,No,Yes,Yes,No,Yes,Yes,Month-to-month,Yes,Electronic check,72.21,2602.56,No
CUST-106707,Male,0,Yes,No,3,Yes,No,Fiber optic,No,Yes,Yes,No,Yes,No,Month-to-month,No,Electronic check,110.32,323.82,Yes
CUST-106708,Male,0,No,Yes,39,Yes,No,DSL,Yes,No,Yes,Yes,No,No,One year,Yes,Electronic check,81.84,3073.31,No
CUST-106709,Male,0,No,Yes,49,No,No phone service,DSL,No,Yes,No,No,No,No,Two year,Yes,Electronic check,50.65,2493.53,No
CUST-106710,Male,0,No,No,40,Yes,Yes,Fiber optic,No,No,No,No,Yes,No,Two year,Yes,Electronic check,99.22,4159.31,Yes
CUST-106711,Male,0,No,No,36,Yes,Yes,DSL,No,Yes,Yes,No,No,No,Two year,Yes,Electronic check,84.59,3019.43,No
CUST-106712,Female,0,No,Yes,36,Yes,Yes,DSL,No,No,No,No,No,Yes,Month-to-month,No,Electronic check,71.83,2646.59,Yes
CUST-106713,Female,0,No,No,39,Yes,No,Fiber optic,No,Yes,Yes,No,No,No,Two year,Yes,Mailed check,103.64,3942.38,Yes
CUST-106714,Female,0,Yes,No,67,Yes,No,DSL,Yes,No,No,Yes,No,Yes,Month-to-month,Yes,Mailed check,82.79,5793.47,No
CUST-106715,Male,0,No,Yes,30,Yes,No,Fiber optic,No,Yes,No,No,Yes,Yes,Month-to-month,No,Bank transfer (automatic),108.46,3208.43,No
CUST-106716,Female,0,Yes,No,16,Yes,No,No,No internet service,No internet service,No internet service,No internet service,No internet service,No internet service,Two year,Yes,Credit card (automatic),44.3,697.53,No
CUST-106717,Female,0,No,No,4,Yes,No,Fiber optic,No,No,Yes,No,No,No,Two year,Yes,Bank transfer (automatic),98.98,387.42,Yes
CUST-106718,Male,0,Yes,Yes,63,Yes,No,DSL,Yes,Yes,No,No,No,Yes,One year,Yes,Electronic check,86.39,5313.17,No
CUST-106719,Female,0,Yes,No,13,No,No phone service,No,No internet service,No internet service,No internet service,No internet service,No internet service,No internet service,Month-to-month,Yes,Mailed check,18.64,234.03,Yes
CUST-106720,Female,0,No,Yes,30,Yes,No,Fiber optic,No,Yes,Yes,No,No,Yes,Month-to-month,Yes,Bank transfer (automatic),108.78,3410.72,Yes
CUST-106721,Male,0,Yes,No,55,Yes,Yes,Fiber optic,Yes,No,Yes,No,Yes,Yes,One year,No,Mailed check,114.27,6225.68,No
CUST-106722,Male,0,Yes,No,13,Yes,No,Fiber optic,No,No,No,No,No,No,Month-to-month,Yes,Electronic check,91.25,1220.95,Yes
CUST-106723,Male,0,Yes,No,17,No,No phone service,Fiber optic,Yes,No,Yes,Yes,Yes,No,Month-to-month,No,Bank transfer (automatic),83.62,1461.12,No
CUST-106724,Male,0,No,No,46,Yes,No,Fiber optic,No,No,Yes,No,Yes,No,Two year,Yes,Electronic check,105.8,4766.51,Yes
CUST-106725,Female,0,Yes,No,45,Yes,No,DSL,No,No,No,No,No,No,Month-to-month,Yes,Mailed check,57.77,2516.04,No
CUST-106726,Female,0,Yes,No,17,No,No phone service,Fiber optic,Yes,No,No,No,No,No,Month-to-month,No,Bank transfer (automatic),78.98,1282.63,No
CUST-106727,Female,0,No,No,39,No,No phone service,DSL,No,Yes,No,No,Yes,Yes,Month-to-month,No,Credit card (automatic),59.33,2396.37,No
CUST-106728,Male,0,No,Yes,51,Yes,No,Fiber optic,No,Yes,Yes,No,Yes,No,Month-to-month,No,Credit card (automatic),117.06,6042.25,No
CUST-106729,Male,0,No,No,16,Yes,Yes,No,No internet service,No internet service,No internet service,No internet service,No internet service,No internet service,Month-to-month,Yes,Credit card (automatic),44.61,721.85,No
CUST-106730,Female,0,Yes,Yes,32,Yes,Yes,Fiber optic,No,No,No,No,Yes,Yes,Month-to-month,Yes,Mailed check,108.45,3349.02,Yes
CUST-106731,Male,0,No,No,20,Yes,Yes,DSL,Yes,No,No,Yes,No,No,Month-to-month,No,Mailed check,77.54,1492.97,No
CUST-106732,Female,0,No,No,68,Yes,No,Fiber optic,Yes,No,Yes,Yes,Yes,Yes,Month-to-month,Yes,Electronic check,113.94,7950.33,No
CUST-106733,Female,0,No,No,28,Yes,Yes,No,No internet service,No internet service,No internet service,No internet service,No internet service,No internet service,Month-to-month,No,Mailed check,39.08,1098.53,No
CUST-106734,Male,0,No,No,62,Yes,No,DSL,Yes,Yes,No,Yes,Yes,Yes,Two year,Yes,Bank transfer (automatic),95.64,6001.96,No
CUST-106735,Female,0,Yes,No,64,Yes,Yes,Fiber optic,No,Yes,Yes,Yes,No,No,Month-to-month,Yes,Electronic check,103.51,6584.02,No
CUST-106736,Male,0,No,No,12,Yes,No,DSL,No,Yes,No,Yes,Yes,No,One year,No,Electronic check,78.51,971.02,Yes
CUST-106737,Male,0,No,No,68,Yes,No,No,No internet service,No internet service,No internet service,No internet service,No internet service,No internet service,One year,No,Credit card (automatic),36.45,2516.25,No
CUST-106738,Male,0,Yes,No,3,Yes,Yes,DSL,No,No,Yes,No,Yes,Yes,Month-to-month,No,Electronic check,79.32,242.31,Yes
CUST-106739,Male,0,Yes,Yes,28,Yes,Yes,Fiber optic,No,No,Yes,Yes,Yes,Yes,Month-to-month,No,Electronic check,120.39,3453.31,Yes
CUST-106740,Male,0,Yes,No,11,Yes,No,Fiber optic,No,No,No,No,Yes,Yes,Two year,Yes,Credit card (automatic),102.45,1152.27,Yes
CUST-106741,Female,0,No,Yes,3,Yes,Yes,Fiber optic,No,No,No,No,No,No,Month-to-month,Yes,Mailed check,90.41,261.31,Yes
CUST-106742,Female,0,Yes,Yes,40,Yes,Yes,No,No internet service,No internet service,No internet service,No internet service,No internet service,No internet service,One year,Yes,Credit card (automatic),39.98,1678.32,No
CUST-106743,Male,0,No,Yes,43,Yes,No,No,No internet service,No internet service,No internet service,No internet service,No internet service,No internet service,One year,No,Electronic check,36.98,1547.05,No
CUST-106744,Female,0,No,No,42,Yes,No,Fiber optic,No,No,No,No,No,No,Two year,No,Electronic check,93.9,4042.28,No
CUST-106745,Female,0,Yes,No,30,Yes,No,Fiber optic,Yes,No,No,Yes,No,Yes,Month-to-month,No,Electronic check,104.96,3154.81,No
CUST-106746,Male,0,Yes,No,57,Yes,Yes,Fiber optic,No,Yes,Yes,No,No,No,Month-to-month,Yes,Electronic check,97.63,5612.53,Yes
CUST-106747,Male,0,Yes,No,35,No,No phone service,DSL,No,No,No,No,No,Yes,Month-to-month,Yes,Mailed check,52.04,1845.63,No
CUST-106748,Male,0,Yes,No,39,Yes,No,DSL,No,Yes,No,Yes,No,Yes,One year,No,Bank transfer (automatic),85.11,3232.11,No
CUST-106749,Female,1,No,Yes,32,Yes,No,DSL,No,Yes,Yes,No,No,Yes,Month-to-month,No,Mailed check,88.88,2971.35,No
CUST-106750,Female,0,No,No,15,Yes,Yes,DSL,Yes,Yes,No,No,Yes,No,Two year,Yes,Mailed check,90.57,1414.27,No
CUST-106751,Male,1,No,No,47,Yes,Yes,Fiber optic,No,Yes,No,Yes,No,No,Two year,Yes,Electronic check,101.31,4989.8,Yes
CUST-106752,Female,1,No,No,60,Yes,Yes,DSL,No,No,Yes,Yes,No,No,Month-to-month,No,Bank transfer (automatic),75.67,4553.36,Yes
CUST-106753,Male,0,Yes,No,22,Yes,Yes,DSL,No,No,Yes,Yes,No,No,Month-to-month,No,Electronic check,74.38,1714.98,No
CUST-106754,Female,0,No,No,33,Yes,Yes,No,No internet service,No internet service,No internet service,No internet service,No internet service,No internet service,Two year,No,Electronic check,35.64,1183.51,Yes
CUST-106755,Female,0,Yes,No,65,Yes,Yes,DSL,No,No,No,Yes,No,Yes,Month-to-month,No,Credit card (automatic),81.96,5097.9,No
CUST-106756,Female,1,No,No,15,Yes,Yes,DSL,No,No,No,No,Yes,Yes,Month-to-month,No,Credit card (automatic),68.7,1058.0,No
CUST-106757,Male,0,Yes,No,30,Yes,No,Fiber optic,Yes,Yes,Yes,Yes,No,Yes,Month-to-month,No,Electronic check,125.58,3862.84,Yes
CUST-106758,Male,0,Yes,Yes,19,Yes,Yes,No,No internet service,No internet service,No internet service,No internet service,No internet service,No internet service,Month-to-month,No,Electronic check,37.52,715.53,No
CUST-106759,Female,1,No,Yes,24,Yes,No,No,No internet service,No internet service,No internet service,No internet service,No internet service,No internet service,Month-to-month,Yes,Bank transfer (automatic),41.47,978.34,No
CUST-106760,Male,0,No,No,33,Yes,No,DSL,No,Yes,No,No,No,No,One year,Yes,Mailed check,72.82,2445.58,No
CUST-106761,Male,1,Yes,No,67,No,No phone service,Fiber optic,Yes,No,No,No,Yes,No,One year,Yes,Credit card (automatic),78.82,5380.47,No
CUST-106762,Male,0,Yes,No,0,Yes,Yes,Fiber optic,No,Yes,Yes,No,No,Yes,Month-to-month,No,Mailed check,112.47,0.0,Yes
CUST-106763,Female,0,No,No,26,Yes,Yes,Fiber optic,Yes,No,No,No,No,No,Month-to-month,Yes,Electronic check,91.1,2450.54,No
CUST-106764,Male,0,No,No,63,Yes,Yes,Fiber optic,No,No,Yes,No,No,Yes,Month-to-month,No,Mailed check,104.15,6547.48,Yes
CUST-106765,Female,0,No,No,6,Yes,Yes,DSL,Yes,No,Yes,No,Yes,No,One year,Yes,Electronic check,76.08,449.24,No
CUST-106766,Female,0,Yes,No,36,No,No phone service,No,No internet service,No internet service,No internet service,No internet service,No internet service,No internet service,Month-to-month,No,Mailed check,26.46,922.04,Yes
CUST-106767,Female,0,Yes,No,11,No,No phone service,Fiber optic,Yes,No,Yes,Yes,No,No,Two year,Yes,Bank transfer (automatic),81.14,893.84,No
CUST-106768,Female,0,No,No,40,Yes,Yes,Fiber optic,No,No,Yes,Yes,No,No,Two year,Yes,Credit card (automatic),99.81,4175.46,No
CUST-106769,Male,0,No,No,52,Yes,Yes,Fiber optic,Yes,No,Yes,No,Yes,Yes,One year,Yes,Electronic check,119.44,6051.31,No
CUST-106770,Female,0,Yes,No,46,Yes,Yes,Fiber optic,No,No,No,No,Yes,No,Month-to-month,No,Bank transfer (automatic),95.12,4298.5,No
CUST-106771,Female,1,Yes,Yes,41,Yes,Yes,No,No internet service,No internet service,No internet service,No internet service,No internet service,No internet service,One year,Yes,Electronic check,41.39,1670.47,No
CUST-106772,Female,0,Yes,Yes,54,Yes,No,DSL,Yes,No,No,No,Yes,No,Month-to-month,Yes,Credit card (automatic),75.2,4200.92,No
CUST-106773,Female,0,No,No,39,No,No phone service,DSL,Yes,No,No,No,Yes,No,Two year,No,Electronic check,57.12,2318.8,No
CUST-106774,Female,0,Yes,No,44,Yes,No,Fiber optic,Yes,No,No,No,No,Yes,Two year,No,Electronic check,102.07,4475.63,No
CUST-106775,Female,0,No,No,5,Yes,Yes,DSL,No,No,No,No,No,No,Two year,No,Electronic check,64.25,324.45,Yes
CUST-106776,Female,0,No,No,1,Yes,No,DSL,No,Yes,Yes,Yes,Yes,No,One year,No,Bank transfer (automatic),88.94,86.7,Yes
CUST-106777,Male,0,Yes,No,11,Yes,No,DSL,Yes,No,Yes,No,No,Yes,One year,No,Electronic check,82.13,935.52,No
CUST-106778,Male,0,Yes,No,39,No,No phone service,Fiber optic,No,No,Yes,No,No,Yes,Month-to-month,Yes,Bank transfer (automatic),86.55,3438.5,No
CUST-106779,Male,1,Yes,Yes,28,No,No phone service,No,No internet service,No internet service,No internet service,No internet service,No internet service,No internet service,Month-to-month,Yes,Electronic check,18.56,532.36,No
CUST-106780,Female,0,Yes,Yes,26,Yes,No,Fiber optic,No,No,No,No,No,No,One year,Yes,Bank transfer (automatic),89.66,2306.49,No
CUST-106781,Male,1,No,No,32,Yes,Yes,Fiber optic,No,Yes,No,No,No,No,Two year,Yes,Credit card (automatic),95.15,3189.09,No
CUST-106782,Male,0,No,No,72,No,No phone service,No,No internet service,No internet service,No internet service,No internet service,No internet service,No internet service,Two year,Yes,Electronic check,23.36,1677.37,No
CUST-106783,Female,1,Yes,Yes,27,No,No phone service,No,No internet service,No internet service,No internet service,No internet service,No internet service,No internet service,Two year,No,Bank transfer (automatic),18.0,496.12,No
CUST-106784,Male,0,No,Yes,32,Yes,Yes,DSL,Yes,No,Yes,No,Yes,Yes,Month-to-month,No,Mailed check,86.02,2659.81,Yes
CUST-106785,Female,0,Yes,No,36,Yes,Yes,DSL,No,No,No,No,No,No,One year,Yes,Mailed check,67.75,2507.63,No
CUST-106786,Female,1,No,No,56,Yes,No,Fiber optic,No,No,No,No,No,No,One year,No,Electronic check,96.95,5181.27,Yes
CUST-106787,Male,1,No,No,53,Yes,Yes,No,No internet service,No internet service,No internet service,No internet service,No internet service,No internet service,Month-to-month,Yes,Electronic check,39.11,2145.79,No
CUST-106788,Male,0,Yes,No,71,Yes,No,No,No internet service,No internet service,No internet service,No internet service,No internet service,No internet service,Month-to-month,Yes,Credit card (automatic),41.96,2906.49,No
CUST-106789,Female,0,No,Yes,46,Yes,Yes,DSL,No,Yes,No,No,No,No,One year,Yes,Mailed check,65.67,2880.17,No
CUST-106790,Female,0,No,No,69,Yes,Yes,No,No internet service,No internet service,No internet service,No internet service,No internet service,No internet service,Month-to-month,No,Electronic check,45.13,3222.99,No
CUST-106791,Female,0,Yes,Yes,44,Yes,Yes,DSL,No,Yes,Yes,No,No,Yes,One year,No,Electronic check,77.52,3550.82,No
CUST-106792,Female,1,No,Yes,39,Yes,No,Fiber optic,No,No,Yes,No,No,Yes,Two year,Yes,Bank transfer (automatic),97.44,3912.23,Yes
CUST-106793,Male,0,Yes,No,40,Yes,Yes,No,No internet service,No internet service,No internet service,No internet service,No internet service,No internet service,One year,No,Credit card (automatic),40.21,1666.03,No
CUST-106794,Female,0,Yes,No,35,Yes,No,Fiber optic,No,No,Yes,No,Yes,Yes,Month-to-month,No,Credit card (automatic),100.98,3625.66,No
CUST-106795,Male,0,No,No,14,Yes,No,Fiber optic,No,No,No,No,No,No,Month-to-month,Yes,Bank transfer (automatic),86.24,1199.44,Yes
CUST-106796,Male,0,Yes,No,26,Yes,Yes,DSL,No,No,No,No,Yes,Yes,One year,No,Credit card (automatic),78.38,2135.85,No
CUST-106797,Female,0,Yes,No,44,Yes,Yes,No,No internet service,No internet service,No internet service,No internet service,No internet service,No internet service,One year,Yes,Bank transfer (automatic),38.92,1769.9,Yes
CUST-106798,Male,0,Yes,Yes,44,Yes,No,DSL,No,No,No,No,No,No,Month-to-month,Yes,Mailed check,60.08,2580.02,No
CUST-106799,Female,1,Yes,No,11,Yes,Yes,Fiber optic,No,Yes,No,No,Yes,No,Month-to-month,Yes,Mailed check,105.65,1106.42,Yes
CUST-106800,Female,0,Yes,No,58,Yes,No,DSL,No,No,No,No,Yes,Yes,Two year,Yes,Credit card (automatic),77.46,4443.07,No
CUST-106801,Male,0,Yes,Yes,52,Yes,No,DSL,No,Yes,No,No,Yes,No,Month-to-month,No,Electronic check,73.65,3915.01,Yes
CUST-106802,Female,0,No,No,38,No,No phone service,DSL,Yes,Yes,No,No,No,No,One year,Yes,Mailed check,53.52,2066.12,No
CUST-106803,Female,0,Yes,Yes,33,No,No phone service,DSL,No,Yes,No,No,No,Yes,Two year,Yes,Bank transfer (automatic),59.52,1899.82,No
CUST-106804,Male,1,No,Yes,40,Yes,Yes,DSL,No,Yes,Yes,No,Yes,Yes,Two year,Yes,Electronic check,90.76,3509.04,No
CUST-106805,Female,0,No,Yes,42,Yes,No,DSL,No,No,No,No,No,No,Two year,No,Credit card (automatic),58.88,2596.21,No
CUST-106806,Male,0,Yes,Yes,31,Yes,No,No,No internet service,No internet service,No internet service,No internet service,No internet service,No internet service,One year,Yes,Credit card (automatic),36.78,1093.77,No
CUST-106807,Female,0,No,No,62,No,No phone service,DSL,No,No,No,Yes,No,Yes,Month-to-month,No,Mailed check,56.42,3327.99,No
CUST-106808,Male,0,No,No,11,Yes,Yes,Fiber optic,No,No,Yes,No,No,Yes,Month-to-month,Yes,Credit card (automatic),103.49,1143.33,Yes
CUST-106809,Female,0,No,No,27,Yes,No,Fiber optic,No,No,No,No,Yes,Yes,Month-to-month,Yes,Electronic check,109.6,2876.22,Yes
CUST-106810,Female,0,No,No,29,Yes,No,No,No internet service,No internet service,No internet service,No internet service,No internet service,No internet service,Month-to-month,Yes,Credit card (automatic),35.58,1073.27,No
CUST-106811,Female,0,Yes,No,7,No,No phone service,Fiber optic,No,No,No,No,No,No,One year,No,Electronic check,75.75,545.77,Yes
CUST-106812,Male,0,Yes,No,6,Yes,No,DSL,No,No,No,Yes,Yes,No,Month-to-month,Yes,Electronic check,74.59,456.04,Yes
CUST-106813,Female,1,No,No,65,Yes,No,DSL,No,No,No,No,No,Yes,Month-to-month,Yes,Mailed check,66.26,4102.04,No
CUST-106814,Male,0,No,No,56,Yes,No,DSL,No,No,No,No,No,Yes,Two year,Yes,Bank transfer (automatic),70.19,3864.44,Yes
CUST-106815,Male,1,No,No,26,Yes,No,Fiber optic,No,No,Yes,No,Yes,Yes,Month-to-month,Yes,Bank transfer (automatic),113.82,3038.68,Yes
CUST-106816,Female,0,No,No,19,Yes,No,Fiber optic,No,Yes,No,No,No,No,Month-to-month,Yes,Mailed check,102.75,1915.87,Yes
CUST-106817,Female,0,Yes,Yes,29,Yes,No,No,No internet service,No internet service,No internet service,No internet service,No internet service,No internet service,One year,Yes,Bank transfer (automatic),40.63,1190.45,No
CUST-106818,Female,1,Yes,No,51,Yes,No,No,No internet service,No internet service,No internet service,No internet service,No internet service,No internet service,Month-to-month,No,Bank transfer (automatic),40.51,1975.88,Yes
CUST-106819,Male,0,No,Yes,21,Yes,No,No,No internet service,No internet service,No internet service,No internet service,No internet service,No internet service,Month-to-month,No,Credit card (automatic),34.92,742.5,No
CUST-106820,Female,0,Yes,Yes,4,Yes,Yes,DSL,No,No,No,No,No,Yes,Month-to-month,Yes,Electronic check,69.94,283.23,Yes
CUST-106821,Female,0,No,No,30,Yes,Yes,Fiber optic,Yes,Yes,No,No,Yes,No,One year,Yes,Credit card (automatic),113.05,3402.75,Yes
CUST-106822,Female,0,No,No,43,Yes,Yes,DSL,No,Yes,No,No,Yes,No,One year,Yes,Credit card (automatic),77.34,3329.68,No
CUST-106823,Male,0,Yes,Yes,38,Yes,No,No,No internet service,No internet service,No internet service,No internet service,No internet service,No internet service,One year,No,Credit card (automatic),40.99,1489.51,No
CUST-106824,Female,0,Yes,No,12,Yes,No,Fiber optic,No,Yes,No,No,Yes,No,Month-to-month,Yes,Mailed check,100.28,1179.45,No
CUST-106825,Female,0,No,No,61,Yes,No,Fiber optic,No,Yes,Yes,Yes,No,Yes,One year,Yes,Credit card (automatic),102.73,6328.84,Yes
CUST-106826,Female,0,No,Yes,46,Yes,No,Fiber optic,No,No,No,No,No,Yes,Month-to-month,No,Electronic check,97.83,4277.13,Yes
CUST-106827,Male,0,No,No,52,Yes,No,Fiber optic,No,No,Yes,Yes,Yes,No,One year,Yes,Electronic check,115.11,6153.89,Yes
CUST-106828,Male,0,Yes,No,69,No,No phone service,Fiber optic,No,No,No,No,No,No,Month-to-month,Yes,Mailed check,70.59,4688.21,Yes
CUST-106829,Male,1,Yes,No,37,Yes,No,No,No internet service,No internet service,No internet service,No internet service,No internet service,No internet service,Month-to-month,No,Credit card (automatic),36.28,1286.82,No
CUST-106830,Female,0,Yes,Yes,42,Yes,Yes,Fiber optic,No,Yes,No,No,No,Yes,Month-to-month,Yes,Credit card (automatic),99.36,4150.73,Yes
CUST-106831,Male,1,Yes,No,55,Yes,No,Fiber optic,No,Yes,No,No,No,Yes,Month-to-month,Yes,Mailed check,98.5,5659.47,No
CUST-106832,Male,0,Yes,No,56,Yes,No,Fiber optic,No,Yes,No,No,No,Yes,Month-to-month,No,Bank transfer (automatic),110.37,5909.91,Yes
CUST-106833,Female,0,No,Yes,61,Yes,No,DSL,Yes,Yes,No,No,No,No,Month-to-month,Yes,Mailed check,73.93,4517.13,No
CUST-106834,Male,0,Yes,No,51,Yes,Yes,Fiber optic,No,Yes,No,No,No,Yes,Two year,Yes,Electronic check,102.37,5390.77,No
CUST-106835,Female,1,No,No,4,Yes,Yes,DSL,No,No,No,Yes,No,Yes,One year,No,Bank transfer (automatic),79.37,306.98,Yes
CUST-106836,Female,0,No,Yes,25,Yes,No,Fiber optic,Yes,No,Yes,No,Yes,No,One year,No,Electronic check,106.43,2595.03,No
CUST-106837,Male,1,No,No,43,Yes,No,DSL,Yes,No,No,No,No,No,Month-to-month,No,Bank transfer (automatic),68.55,2995.52,Yes
CUST-106838,Male,0,No,No,32,Yes,No,No,No internet service,No internet service,No internet service,No internet service,No internet service,No internet service,Month-to-month,Yes,Electronic check,40.95,1315.55,Yes
CUST-106839,Female,0,Yes,No,3,No,No phone service,Fiber optic,No,No,Yes,Yes,Yes,Yes,Two year,Yes,Electronic check,94.47,288.06,Yes
CUST-106840,Male,0,No,No,19,Yes,No,DSL,Yes,No,No,No,No,No,Month-to-month,No,Bank transfer (automatic),69.92,1318.13,No
CUST-106841,Female,1,Yes,Yes,22,Yes,No,Fiber optic,No,Yes,No,Yes,No,No,Two year,No,Mailed check,96.37,2123.91,No
CUST-106842,Male,0,Yes,No,2,No,No phone service,No,No internet service,No internet service,No internet service,No internet service,No internet service,No internet service,One year,Yes,Credit card (automatic),23.11,48.03,No
CUST-106843,Male,1,No,No,55,Yes,No,DSL,No,Yes,Yes,No,No,No,Month-to-month,No,Bank transfer (automatic),66.81,3819.1,No
CUST-106844,Male,0,Yes,Yes,27,Yes,Yes,Fiber optic,No,No,No,No,Yes,Yes,One year,Yes,Electronic check,105.22,2744.51,No
CUST-106845,Female,0,Yes,No,57,Yes,Yes,No,No internet service,No internet service,No internet service,No internet service,No internet service,No internet service,One year,No,Bank transfer (automatic),38.74,2282.87,Yes
CUST-106846,Male,0,No,No,63,Yes,Yes,DSL,No,No,No,No,No,No,Two year,No,Electronic check,71.04,4272.91,No
CUST-106847,Male,0,Yes,No,64,Yes,Yes,No,No internet service,No internet service,No internet service,No internet service,No internet service,No internet service,Month-to-month,No,Bank transfer (automatic),38.82,2548.01,No
CUST-106848,Male,0,Yes,Yes,66,Yes,Yes,No,No internet service,No internet service,No internet service,No internet service,No internet service,No internet service,Month-to-month,Yes,Mailed check,40.24,2644.44,No
CUST-106849,Male,0,Yes,No,36,Yes,No,Fiber optic,Yes,Yes,No,Yes,No,Yes,One year,No,Electronic check,117.98,4364.65,No
CUST-106850,Male,0,Yes,No,17,Yes,Yes,Fiber optic,No,Yes,Yes,Yes,No,No,Month-to-month,Yes,Mailed check,109.56,1901.8,Yes
CUST-106851,Female,0,No,No,6,Yes,No,No,No internet service,No internet service,No internet service,No internet service,No internet service,No internet service,Month-to-month,Yes,Credit card (automatic),39.12,241.04,No
CUST-106852,Female,0,No,No,45,Yes,No,DSL,Yes,No,No,Yes,No,Yes,One year,Yes,Electronic check,81.46,3744.78,No
CUST-106853,Male,0,Yes,No,9,Yes,Yes,DSL,No,No,Yes,No,Yes,Yes,Month-to-month,No,Credit card (automatic),79.26,745.51,Yes
CUST-106854,Female,0,No,No,17,Yes,No,DSL,No,No,No,No,No,No,Two year,No,Bank transfer (automatic),61.34,1038.34,No
CUST-106855,Female,0,No,Yes,17,Yes,No,Fiber optic,Yes,No,No,No,No,Yes,Two year,Yes,Electronic check,105.44,1818.5,Yes
CUST-106856,Female,0,No,No,19,No,No phone service,Fiber optic,No,Yes,Yes,No,Yes,No,Month-to-month,Yes,Bank transfer (automatic),88.54,1742.53,Yes
CUST-106857,Female,0,No,No,27,Yes,No,No,No internet service,No internet service,No internet service,No internet service,No internet service,No internet service,Month-to-month,No,Bank transfer (automatic),38.27,1056.69,No
CUST-106858,Male,0,No,No,24,Yes,Yes,DSL,No,Yes,No,No,No,No,Month-to-month,No,Mailed check,71.84,1770.77,Yes
CUST-106859,Female,0,No,Yes,38,Yes,No,Fiber optic,No,No,No,No,No,No,Month-to-month,Yes,Electronic check,93.16,3702.67,Yes
CUST-106860,Female,0,No,No,69,Yes,No,Fiber optic,No,No,No,No,Yes,No,Month-to-month,No,Credit card (automatic),92.77,6688.01,Yes
CUST-106861,Female,0,Yes,No,47,Yes,No,DSL,No,Yes,No,No,Yes,Yes,Two year,Yes,Credit card (automatic),92.35,4423.77,No
CUST-106862,Male,0,Yes,No,49,Yes,No,No,No internet service,No internet service,No internet service,No internet service,No internet service,No internet service,Month-to-month,Yes,Bank transfer (automatic),48.74,2467.0,Yes
CUST-106863,Female,0,Yes,Yes,11,Yes,No,DSL,Yes,No,Yes,Yes,No,Yes,Month-to-month,Yes,Bank transfer (automatic),89.8,1027.84,Yes
CUST-106864,Female,0,No,No,8,No,No phone service,DSL,Yes,Yes,No,Yes,Yes,No,Month-to-month,Yes,Mailed check,60.59,464.5,No
CUST-106865,Female,0,Yes,Yes,13,Yes,No,DSL,No,Yes,No,No,No,No,Month-to-month,Yes,Mailed check,73.95,966.91,No
CUST-106866,Male,0,No,Yes,61,No,No phone service,No,No internet service,No internet service,No internet service,No internet service,No internet service,No internet service,Two year,No,Bank transfer (automatic),18.05,1089.78,Yes
CUST-106867,Male,0,Yes,No,12,Yes,No,Fiber optic,No,Yes,No,No,No,No,Two year,Yes,Electronic check,102.2,1179.39,No
CUST-106868,Female,0,No,No,71,Yes,Yes,No,No internet service,No internet service,No internet service,No internet service,No internet service,No internet service,Month-to-month,Yes,Bank transfer (automatic),47.53,3324.58,No
CUST-106869,Male,1,Yes,No,55,No,No phone service,Fiber optic,Yes,No,No,No,No,Yes,Month-to-month,Yes,Electronic check,78.72,4348.86,Yes
CUST-106870,Male,0,Yes,Yes,60,Yes,No,No,No internet service,No internet service,No internet service,No internet service,No internet service,No internet service,Two year,Yes,Credit card (automatic),46.08,2661.67,No
CUST-106871,Female,0,Yes,Yes,22,Yes,No,Fiber optic,No,No,No,Yes,Yes,No,One year,No,Electronic check,103.29,2172.35,No
CUST-106872,Female,0,No,No,11,Yes,No,No,No internet service,No internet service,No internet service,No internet service,No internet service,No internet service,Month-to-month,No,Bank transfer (automatic),44.09,487.72,No
CUST-106873,Male,0,No,Yes,12,Yes,No,No,No internet service,No internet service,No internet service,No internet service,No internet service,No internet service,Month-to-month,No,Electronic check,39.07,451.53,No
CUST-106874,Male,0,Yes,No,62,Yes,No,Fiber optic,No,Yes,Yes,Yes,No,Yes,Month-to-month,Yes,Credit card (automatic),109.59,6684.72,No
CUST-106875,Male,0,No,Yes,31,No,No phone service,DSL,No,No,No,Yes,Yes,Yes,Month-to-month,Yes,Bank transfer (automatic),66.6,2024.37,No
CUST-106876,Male,0,No,Yes,29,Yes,Yes,No,No internet service,No internet service,No internet service,No internet service,No internet service,No internet service,Month-to-month,Yes,Mailed check,40.92,1131.01,No
CUST-106877,Male,0,No,No,18,Yes,No,Fiber optic,No,Yes,No,Yes,Yes,No,One year,No,Electronic check,106.66,1827.47,No
CUST-106878,Female,0,No,Yes,26,Yes,No,Fiber optic,Yes,No,No,Yes,No,No,Month-to-month,Yes,Bank transfer (automatic),105.12,2627.06,No
CUST-106879,Female,0,No,No,26,Yes,No,Fiber optic,No,No,No,No,Yes,No,One year,No,Mailed check,97.74,2499.76,No
CUST-106880,Male,0,No,No,54,Yes,No,Fiber optic,No,No,No,No,No,No,One year,No,Credit card (automatic),95.51,5387.87,No
CUST-106881,Male,0,No,Yes,60,Yes,Yes,Fiber optic,Yes,No,Yes,Yes,Yes,No,One year,No,Credit card (automatic),119.84,7158.87,No
CUST-106882,Female,0,No,No,34,Yes,No,Fiber optic,No,Yes,No,No,No,Yes,One year,Yes,Bank transfer (automatic),100.87,3583.11,No
CUST-106883,Male,0,No,No,24,Yes,Yes,Fiber optic,Yes,No,No,No,No,No,Month-to-month,No,Electronic check,95.52,2223.23,Yes
CUST-106884,Male,0,Yes,No,32,Yes,No,No,No internet service,No internet service,No internet service,No internet service,No internet service,No internet service,One year,Yes,Electronic check,34.99,1082.64,No
CUST-106885,Male,0,Yes,Yes,12,Yes,No,Fiber optic,No,No,No,No,No,Yes,Two year,No,Mailed check,95.34,1127.17,No
CUST-106886,Female,0,No,No,5,Yes,No,Fiber optic,Yes,No,Yes,Yes,No,Yes,Month-to-month,Yes,Mailed check,119.11,576.64,No
CUST-106887,Male,0,No,No,16,Yes,Yes,DSL,No,No,No,No,Yes,No,Two year,No,Bank transfer (automatic),69.11,1149.43,No
CUST-106888,Male,0,No,Yes,1,Yes,No,Fiber optic,Yes,Yes,No,Yes,No,Yes,Two year,Yes,Mailed check,105.41,110.41,No
CUST-106889,Female,0,No,Yes,2,Yes,No,DSL,No,No,No,No,No,No,One year,No,Mailed check,63.59,126.53,No
CUST-106890,Male,0,No,Yes,17,Yes,No,Fiber optic,Yes,Yes,Yes,No,No,No,Month-to-month,Yes,Mailed check,104.11,1743.42,No
CUST-106891,Male,1,Yes,Yes,65,Yes,No,No,No internet service,No internet service,No internet service,No internet service,No internet service,No internet service,One year,Yes,Mailed check,39.26,2427.05,No
CUST-106892,Male,0,No,Yes,13,Yes,Yes,DSL,No,No,No,No,Yes,No,Month-to-month,Yes,Credit card (automatic),73.4,932.42,No
CUST-106893,Female,0,Yes,No,50,Yes,No,Fiber optic,Yes,No,No,No,No,Yes,Month-to-month,Yes,Electronic check,97.95,4763.26,No
CUST-106894,Female,0,No,No,10,Yes,Yes,DSL,No,No,Yes,No,No,No,Month-to-month,Yes,Electronic check,72.25,710.13,Yes
CUST-106895,Female,0,No,No,33,Yes,No,No,No internet service,No internet service,No internet service,No internet service,No internet service,No internet service,One year,No,Electronic check,41.45,1342.5,No
CUST-106896,Male,0,Yes,Yes,44,Yes,Yes,DSL,No,No,Yes,No,No,No,One year,Yes,Electronic check,68.41,3135.93,No
CUST-106897,Male,0,No,Yes,40,Yes,No,No,No internet service,No internet service,No internet service,No internet service,No internet service,No internet service,Month-to-month,No,Bank transfer (automatic),38.85,1541.28,No
CUST-106898,Female,1,No,No,58,Yes,Yes,Fiber optic,No,No,Yes,No,Yes,No,Month-to-month,Yes,Credit card (automatic),103.94,6246.88,Yes
CUST-106899,Female,0,Yes,No,18,Yes,Yes,No,No internet service,No internet service,No internet service,No internet service,No internet service,No internet service,Month-to-month,No,Bank transfer (automatic),38.17,705.9,No
CUST-106900,Male,1,No,No,54,Yes,No,Fiber optic,No,No,No,No,No,Yes,Month-to-month,No,Credit card (automatic),92.4,5114.47,Yes
CUST-106901,Female,0,No,Yes,29,Yes,No,Fiber optic,No,Yes,Yes,No,No,Yes,Month-to-month,Yes,Electronic check,101.58,2942.12,Yes
CUST-106902,Female,0,No,Yes,32,Yes,No,Fiber optic,No,Yes,No,No,No,No,Month-to-month,No,Electronic check,84.42,2566.79,Yes
CUST-106903,Female,0,Yes,No,23,Yes,No,Fiber optic,No,No,No,No,No,Yes,Month-to-month,No,Electronic check,103.92,2298.53,Yes
CUST-106904,Female,0,Yes,No,72,Yes,Yes,DSL,No,Yes,No,No,Yes,Yes,Month-to-month,No,Bank transfer (automatic),85.62,6087.88,Yes
CUST-106905,Male,0,No,Yes,60,Yes,No,No,No internet service,No internet service,No internet service,No internet service,No internet service,No internet service,One year,Yes,Mailed check,46.01,2898.26,No
CUST-106906,Male,0,Yes,No,33,Yes,No,Fiber optic,No,No,No,No,No,Yes,Month-to-month,No,Electronic check,97.95,3078.24,Yes
CUST-106907,Male,0,Yes,Yes,54,Yes,No,Fiber optic,No,No,Yes,No,No,Yes,Two year,No,Electronic check,98.18,5326.19,Yes
CUST-106908,Male,0,No,No,66,Yes,No,DSL,Yes,Yes,Yes,No,Yes,Yes,Month-to-month,Yes,Credit card (automatic),95.62,6220.56,No
CUST-106909,Female,0,No,No,20,Yes,No,Fiber optic,No,No,No,Yes,No,No,Month-to-month,Yes,Electronic check,103.73,2110.71,No
CUST-106910,Female,0,No,No,23,Yes,Yes,DSL,Yes,Yes,No,Yes,Yes,Yes,Month-to-month,Yes,Electronic check,87.13,2097.65,Yes
CUST-106911,Female,0,No,No,55,No,No phone service,DSL,No,Yes,No,No,Yes,No,Month-to-month,Yes,Mailed check,60.67,3390.72,No
CUST-106912,Male,0,Yes,No,20,Yes,No,Fiber optic,No,No,No,No,Yes,No,Month-to-month,Yes,Mailed check,94.52,1822.18,Yes
CUST-106913,Female,0,Yes,No,6,Yes,Yes,DSL,Yes,No,No,Yes,No,No,One year,No,Bank transfer (automatic),86.96,505.95,No
CUST-106914,Male,0,No,No,43,Yes,Yes,Fiber optic,No,No,No,Yes,No,No,Month-to-month,No,Bank transfer (automatic),94.25,4149.64,No
CUST-106915,Female,1,Yes,No,14,Yes,Yes,Fiber optic,No,No,No,Yes,No,No,Month-to-month,Yes,Credit card (automatic),95.15,1326.78,Yes
CUST-106916,Male,0,Yes,No,42,Yes,No,Fiber optic,No,Yes,Yes,No,No,No,Month-to-month,Yes,Credit card (automatic),103.82,4412.79,Yes
CUST-106917,Male,0,No,Yes,7,Yes,No,Fiber optic,Yes,No,No,No,Yes,No,Month-to-month,Yes,Mailed check,107.49,728.41,Yes
CUST-106918,Male,0,Yes,No,34,Yes,Yes,Fiber optic,No,Yes,No,No,No,Yes,One year,No,Credit card (automatic),98.75,3249.38,No
CUST-106919,Female,0,No,No,17,Yes,No,Fiber optic,No,Yes,No,No,No,No,Month-to-month,No,Bank transfer (automatic),104.17,1853.59,Yes
CUST-106920,Male,0,No,No,38,Yes,No,No,No internet service,No internet service,No internet service,No internet service,No internet service,No internet service,Month-to-month,No,Credit card (automatic),40.97,1517.37,No
CUST-106921,Male,0,No,No,16,Yes,No,DSL,No,Yes,Yes,Yes,No,No,One year,No,Mailed check,91.55,1439.5,No
CUST-106922,Male,0,Yes,No,18,Yes,No,Fiber optic,Yes,Yes,No,Yes,Yes,Yes,Month-to-month,Yes,Electronic check,120.41,2130.32,No
CUST-106923,Female,0,Yes,No,65,Yes,No,No,No internet service,No internet service,No internet service,No internet service,No internet service,No internet service,Month-to-month,Yes,Bank transfer (automatic),46.32,2942.25,No
CUST-106924,Male,0,No,Yes,71,Yes,No,DSL,Yes,No,No,No,Yes,No,One year,No,Credit card (automatic),77.82,5766.9,No
CUST-106925,Male,0,No,No,23,Yes,No,Fiber optic,Yes,No,No,No,No,No,Month-to-month,No,Credit card (automatic),93.92,2062.5,Yes
CUST-106926,Male,0,No,Yes,47,Yes,Yes,DSL,No,No,Yes,Yes,No,No,Two year,No,Electronic check,76.07,3488.26,No
CUST-106927,Male,0,Yes,No,25,Yes,No,DSL,No,No,Yes,No,No,No,One year,No,Mailed check,76.28,1822.48,No
CUST-106928,Female,0,No,No,12,Yes,Yes,DSL,Yes,No,No,No,No,Yes,Month-to-month,Yes,Credit card (automatic),81.07,982.9,No
CUST-106929,Female,0,Yes,No,7,Yes,Yes,Fiber optic,No,No,No,No,No,No,Month-to-month,Yes,Mailed check,85.62,574.87,Yes
CUST-106930,Male,0,Yes,No,65,Yes,No,DSL,Yes,No,No,No,No,Yes,Month-to-month,No,Mailed check,80.66,5133.77,Yes
CUST-106931,Female,0,Yes,Yes,4,Yes,Yes,DSL,No,No,No,No,No,No,One year,Yes,Credit card (automatic),66.08,276.25,No
CUST-106932,Male,0,Yes,No,35,Yes,Yes,DSL,No,Yes,No,No,Yes,No,Month-to-month,Yes,Mailed check,78.0,2631.34,No
CUST-106933,Female,0,Yes,Yes,16,Yes,No,Fiber optic,No,No,Yes,Yes,Yes,No,One year,No,Electronic check,113.95,1832.83,No
CUST-106934,Male,0,Yes,Yes,55,Yes,Yes,DSL,No,No,Yes,No,No,No,Month-to-month,Yes,Electronic check,69.93,3718.81,No
CUST-106935,Male,1,No,No,9,Yes,No,Fiber optic,No,Yes,No,No,No,Yes,One year,No,Mailed check,90.46,780.39,Yes
CUST-106936,Male,0,No,No,42,Yes,No,DSL,Yes,No,No,No,Yes,Yes,Two year,No,Mailed check,74.65,3012.58,No
CUST-106937,Male,1,Yes,Yes,25,Yes,Yes,DSL,No,No,Yes,No,No,Yes,Month-to-month,No,Credit card (automatic),78.07,2031.59,Yes
CUST-106938,Female,1,Yes,No,38,Yes,Yes,No,No internet service,No internet service,No internet service,No internet service,No internet service,No internet service,Month-to-month,No,Credit card (automatic),41.35,1535.2,No
CUST-106939,Female,0,No,Yes,13,Yes,No,Fiber optic,No,No,Yes,No,Yes,No,Month-to-month,Yes,Electronic check,99.72,1324.43,No
CUST-106940,Female,0,Yes,No,8,Yes,Yes,Fiber optic,No,Yes,Yes,No,No,No,One year,No,Credit card (automatic),102.48,807.85,Yes
CUST-106941,Male,0,Yes,Yes,13,Yes,No,No,No internet service,No internet service,No internet service,No internet service,No internet service,No internet service,Month-to-month,No,Electronic check,40.18,504.45,No
CUST-106942,Female,1,No,Yes,42,Yes,Yes,No,No internet service,No internet service,No internet service,No internet service,No internet service,No internet service,One year,No,Electronic check,36.13,1473.99,No
CUST-106943,Male,0,No,No,47,Yes,Yes,No,No internet service,No internet service,No internet service,No internet service,No internet service,No internet service,One year,No,Mailed check,30.73,1475.0,No
CUST-106944,Female,0,No,No,66,Yes,No,DSL,No,Yes,Yes,Yes,No,No,Two year,Yes,Mailed check,90.43,5851.48,No
CUST-106945,Female,0,Yes,No,68,No,No phone service,DSL,Yes,No,No,Yes,Yes,Yes,One year,Yes,Electronic check,63.0,4191.01,No
CUST-106946,Male,1,Yes,No,54,Yes,Yes,No,No internet service,No internet service,No internet service,No internet service,No internet service,No internet service,One year,Yes,Mailed check,36.12,2014.32,No
CUST-106947,Male,0,Yes,No,0,Yes,No,Fiber optic,Yes,Yes,Yes,No,No,No,Month-to-month,No,Credit card (automatic),106.07,0.0,Yes
CUST-106948,Male,0,No,No,51,Yes,No,Fiber optic,Yes,No,No,Yes,Yes,No,Month-to-month,Yes,Bank transfer (automatic),112.95,5682.54,Yes
CUST-106949,Female,0,Yes,No,51,Yes,No,Fiber optic,No,Yes,Yes,No,Yes,No,One year,Yes,Mailed check,96.85,5125.17,No
CUST-106950,Female,0,Yes,No,51,Yes,No,Fiber optic,Yes,No,No,Yes,No,No,One year,No,Credit card (automatic),106.62,5396.49,No
CUST-106951,Male,1,Yes,No,48,Yes,No,Fiber optic,No,No,No,No,No,No,Two year,No,Electronic check,93.58,4339.59,No
CUST-106952,Female,0,No,Yes,50,Yes,No,DSL,Yes,No,No,No,No,No,Month-to-month,No,Electronic check,73.23,3792.84,No
CUST-106953,Female,0,Yes,Yes,42,Yes,No,DSL,Yes,No,Yes,No,No,Yes,Month-to-month,Yes,Electronic check,87.54,3588.36,No
CUST-106954,Male,0,Yes,No,45,Yes,Yes,DSL,No,No,No,No,No,No,Month-to-month,No,Electronic check,62.78,2753.81,No
CUST-106955,Female,0,No,No,50,Yes,No,No,No internet service,No internet service,No internet service,No internet service,No internet service,No internet service,Month-to-month,No,Electronic check,37.49,1934.55,No
CUST-106956,Male,0,No,No,3,Yes,No,Fiber optic,Yes,No,No,Yes,No,Yes,Month-to-month,Yes,Electronic check,104.32,312.88,Yes
CUST-106957,Female,0,No,No,37,Yes,No,No,No internet service,No internet service,No internet service,No internet service,No internet service,No internet service,Month-to-month,Yes,Mailed check,38.83,1474.75,No
CUST-106958,Male,0,No,No,9,Yes,No,Fiber optic,Yes,Yes,Yes,No,No,No,Month-to-month,No,Electronic check,114.27,1022.82,Yes
CUST-106959,Female,0,Yes,No,67,Yes,No,No,No internet service,No internet service,No internet service,No internet service,No internet service,No internet service,Month-to-month,Yes,Electronic check,38.6,2619.27,Yes
CUST-106960,Male,1,No,No,72,No,No phone service,No,No internet service,No internet service,No internet service,No internet service,No internet service,No internet service,Month-to-month,No,Bank transfer (automatic),18.29,1297.02,No
CUST-106961,Male,0,Yes,Yes,11,Yes,Yes,Fiber optic,No,No,Yes,Yes,No,Yes,Two year,Yes,Mailed check,104.61,1132.42,No
CUST-106962,Male,0,No,No,65,Yes,Yes,Fiber optic,Yes,No,Yes,No,No,No,Two year,Yes,Bank transfer (automatic),101.97,6543.88,No
CUST-106963,Female,0,Yes,Yes,34,Yes,No,Fiber optic,Yes,No,No,Yes,No,Yes,Month-to-month,Yes,Electronic check,104.97,3600.21,No
CUST-106964,Male,0,No,Yes,49,Yes,Yes,DSL,No,No,No,No,Yes,No,One year,No,Bank transfer (automatic),70.46,3444.46,No
CUST-106965,Female,1,No,No,47,Yes,Yes,DSL,No,No,Yes,Yes,Yes,No,Month-to-month,No,Credit card (automatic),83.85,3759.34,No
CUST-106966,Female,0,Yes,Yes,8,Yes,Yes,Fiber optic,Yes,No,No,No,No,Yes,Two year,No,Electronic check,112.24,865.4,No
CUST-106967,Female,0,Yes,No,66,Yes,No,No,No internet service,No internet service,No internet service,No internet service,No internet service,No internet service,One year,Yes,Bank transfer (automatic),38.26,2445.6,No
CUST-106968,Female,0,No,No,46,Yes,No,DSL,No,No,No,Yes,No,No,Month-to-month,No,Bank transfer (automatic),73.01,3438.33,Yes
CUST-106969,Female,0,Yes,No,35,Yes,No,Fiber optic,Yes,No,No,No,Yes,No,Month-to-month,Yes,Mailed check,107.95,3752.79,Yes
CUST-106970,Male,0,No,Yes,44,Yes,No,No,No internet service,No internet service,No internet service,No internet service,No internet service,No internet service,Two year,Yes,Electronic check,34.37,1461.12,Yes
CUST-106971,Female,0,Yes,No,71,Yes,No,DSL,No,No,No,Yes,Yes,No,Two year,No,Electronic check,80.85,5730.8,No
CUST-106972,Male,0,No,No,47,No,No phone service,No,No internet service,No internet service,No internet service,No internet service,No internet service,No internet service,Month-to-month,Yes,Bank transfer (automatic),18.32,880.66,No
CUST-106973,Female,0,No,No,47,Yes,No,DSL,Yes,No,No,Yes,No,Yes,One year,Yes,Mailed check,82.31,3909.44,No
CUST-106974,Male,0,Yes,No,63,Yes,Yes,DSL,Yes,No,No,Yes,Yes,No,Month-to-month,Yes,Credit card (automatic),86.53,5211.02,No
CUST-106975,Female,0,No,No,51,Yes,Yes,DSL,No,No,No,No,Yes,No,One year,No,Electronic check,77.18,3883.19,Yes
CUST-106976,Female,0,No,No,10,Yes,Yes,DSL,No,Yes,No,No,No,No,Month-to-month,No,Electronic check,75.99,795.78,No
CUST-106977,Male,0,No,No,59,Yes,No,DSL,Yes,No,No,Yes,No,Yes,Month-to-month,No,Mailed check,78.8,4832.13,No
CUST-106978,Female,0,No,No,65,Yes,No,Fiber optic,Yes,Yes,No,Yes,No,Yes,Month-to-month,Yes,Mailed check,122.18,7606.46,Yes
CUST-106979,Male,1,No,No,53,Yes,Yes,DSL,No,Yes,No,Yes,No,Yes,One year,Yes,Bank transfer (automatic),85.31,4486.54,No
CUST-106980,Male,1,Yes,No,11,Yes,No,No,No internet service,No internet service,No internet service,No internet service,No internet service,No internet service,Month-to-month,Yes,Electronic check,42.86,477.54,No
CUST-106981,Female,0,Yes,No,38,Yes,No,Fiber optic,No,Yes,No,No,No,No,Two year,No,Bank transfer (automatic),90.9,3336.24,No
CUST-106982,Female,0,Yes,Yes,3,Yes,No,Fiber optic,No,No,No,No,No,No,Two year,Yes,Credit card (automatic),89.73,260.63,Yes
CUST-106983,Male,0,No,No,56,Yes,Yes,Fiber optic,Yes,No,No,No,Yes,No,Month-to-month,Yes,Credit card (automatic),101.75,5605.4,No
CUST-106984,Female,0,No,No,69,Yes,No,DSL,No,No,No,No,No,No,Two year,Yes,Credit card (automatic),67.15,4674.12,No
CUST-106985,Female,0,Yes,No,2,No,No phone service,Fiber optic,Yes,No,No,No,No,Yes,One year,Yes,Mailed check,85.03,171.69,Yes
CUST-106986,Female,0,No,No,7,Yes,No,DSL,No,Yes,No,No,Yes,No,One year,No,Credit card (automatic),81.32,561.32,Yes
CUST-106987,Female,0,Yes,No,68,Yes,Yes,No,No internet service,No internet service,No internet service,No internet service,No internet service,No internet service,Month-to-month,Yes,Mailed check,38.84,2757.98,No
CUST-106988,Male,1,No,No,58,No,No phone service,Fiber optic,No,Yes,No,No,No,Yes,Month-to-month,No,Electronic check,79.3,4446.48,No
CUST-106989,Male,0,No,Yes,60,Yes,Yes,DSL,Yes,No,Yes,No,Yes,No,Two year,Yes,Credit card (automatic),87.85,5462.03,Yes
CUST-106990,Female,0,No,No,15,Yes,No,Fiber optic,No,No,Yes,Yes,Yes,No,One year,Yes,Electronic check,101.63,1551.55,Yes
CUST-106991,Female,0,No,Yes,46,Yes,No,DSL,No,No,Yes,No,No,No,One year,No,Electronic check,71.59,3371.21,No
CUST-106992,Male,1,No,No,60,Yes,No,No,No internet service,No internet service,No internet service,No internet service,No internet service,No internet service,Month-to-month,No,Electronic check,40.69,2458.86,Yes
CUST-106993,Female,0,Yes,No,5,Yes,No,Fiber optic,No,No,No,No,No,No,Month-to-month,Yes,Mailed check,86.68,451.1,Yes
CUST-106994,Female,1,No,No,20,Yes,No,Fiber optic,No,No,No,Yes,No,Yes,Month-to-month,No,Mailed check,98.11,1931.0,No
CUST-106995,Female,1,Yes,No,21,Yes,No,DSL,No,No,Yes,Yes,Yes,Yes,One year,No,Bank transfer (automatic),84.92,1823.92,Yes
CUST-106996,Male,0,No,Yes,39,Yes,Yes,Fiber optic,Yes,Yes,Yes,No,Yes,Yes,Two year,No,Electronic check,126.2,5050.56,No
CUST-106997,Male,0,No,Yes,18,Yes,No,No,No internet service,No internet service,No internet service,No internet service,No internet service,No internet service,Month-to-month,No,Electronic check,39.64,677.91,No
CUST-106998,Male,0,Yes,No,24,No,No phone service,Fiber optic,Yes,No,No,Yes,Yes,No,Month-to-month,No,Electronic check,89.89,2078.51,Yes
CUST-106999,Female,0,Yes,Yes,18,Yes,Yes,Fiber optic,Yes,Yes,No,No,Yes,No,Month-to-month,Yes,Electronic check,116.62,2003.98,Yes
